release_version,schema_version,release_source_id,internal_source_id,release_source_document_id,internal_source_document_id,source_type,source_name,version_tag,external_id,doc_date,url,content_hash,retrieved_at_utc,created_at_utc
v0.1.0,1.1.0,release-source:d4010a0f6ab4cdc95eb0ad3d,1,release-source-document:794ab6f2e1b41f758d0c1166,172,CR,Congressional Record JSON,crec_json,CREC-2013-01-14-pt1-PgH64-6.json,2013-01-14,,41700f8c5d4facea1433922159336a45828821d8468504df6112ce1786aad64d,,
v0.1.0,1.1.0,release-source:d4010a0f6ab4cdc95eb0ad3d,1,release-source-document:f6ea71a0140d5496256a4ed4,173,CR,Congressional Record JSON,crec_json,CREC-2013-01-14-pt1-PgH64-7.json,2013-01-14,,b238f14294b2cad1227504503a3111ce2f4f98287fcfb7da09ee1d604a0384e7,,
v0.1.0,1.1.0,release-source:d4010a0f6ab4cdc95eb0ad3d,1,release-source-document:08c5fc38e0feb24c6c8b3068,174,CR,Congressional Record JSON,crec_json,CREC-2013-01-14-pt1-PgH64-8.json,2013-01-14,,2c4ce11d05c10a00d3de42926d8721fb87a04c0e0b8256df21b0959e80215193,,
v0.1.0,1.1.0,release-source:d4010a0f6ab4cdc95eb0ad3d,1,release-source-document:47b281aa6b60a4f287b2863d,176,CR,Congressional Record JSON,crec_json,CREC-2013-01-14-pt1-PgH65-2.json,2013-01-14,,2a03d65054249ca08808c66a1f98ded6fe2e3507eefe696e1818b5d514a639c7,,
v0.1.0,1.1.0,release-source:d4010a0f6ab4cdc95eb0ad3d,1,release-source-document:579f98addc89474278cac71c,177,CR,Congressional Record JSON,crec_json,CREC-2013-01-14-pt1-PgH65-3.json,2013-01-14,,1106b808dad36a5666d9b599d73bf8081d1813aeb445ad010a3536f6464ffc96,,
v0.1.0,1.1.0,release-source:d4010a0f6ab4cdc95eb0ad3d,1,release-source-document:7e5246a7f54eae760c83640e,178,CR,Congressional Record JSON,crec_json,CREC-2013-01-14-pt1-PgH65-4.json,2013-01-14,,d41c73bbcbb5f51944af72ede2fb2e22006b6aa52f74cfc421cbd17191b88974,,
v0.1.0,1.1.0,release-source:d4010a0f6ab4cdc95eb0ad3d,1,release-source-document:fb40f4823a24a006482183f4,182,CR,Congressional Record JSON,crec_json,CREC-2013-01-14-pt1-PgH65.json,2013-01-14,,dd157141e1e2edfa441264b5f8a43c08c25dd2ef45fb617d7186f72e880ef68b,,
v0.1.0,1.1.0,release-source:d4010a0f6ab4cdc95eb0ad3d,1,release-source-document:161e0d111609dc687c379f38,502,CR,Congressional Record JSON,crec_json,CREC-2013-01-22-pt1-PgH200-3.json,2013-01-22,,0e2c706b7d74b57046f8310c448bc1b90ef0fc4df14b83c32b7c6e524424f808,,
v0.1.0,1.1.0,release-source:d4010a0f6ab4cdc95eb0ad3d,1,release-source-document:22d12778b3448904fbc3b8a8,1309,CR,Congressional Record JSON,crec_json,CREC-2013-02-04-pt1-PgH319.json,2013-02-04,,3c931e4657597f4145d4d8924d3271dcf94aeb1d1f5892efb11e561c7f017e9e,,
v0.1.0,1.1.0,release-source:d4010a0f6ab4cdc95eb0ad3d,1,release-source-document:f86221934e7fe0d02def0e65,1709,CR,Congressional Record JSON,crec_json,CREC-2013-02-07-pt1-PgS497.json,2013-02-07,,d1395e0aae24eb94490f1c44c65ffa6d58e0cb962e561fd0fa21f59d2d98be82,,
v0.1.0,1.1.0,release-source:241e8f01e750d93e093bc425,2,release-source-document:7f48ac2ad518757e5f086499,2617,resolution,H.Res. Congress XML,congress_113,BILLS-113hres162eh.xml,2013-04-16,,,,
v0.1.0,1.1.0,release-source:241e8f01e750d93e093bc425,2,release-source-document:9fe03c9f5ebc6af8d90731be,2618,resolution,H.Res. Congress XML,congress_113,BILLS-113hres163eh.xml,2013-04-16,,,,
v0.1.0,1.1.0,release-source:241e8f01e750d93e093bc425,2,release-source-document:ff42657b7c2ec323c315d025,2622,resolution,H.Res. Congress XML,congress_113,BILLS-113hres17eh.xml,2013-01-04,,,,
v0.1.0,1.1.0,release-source:241e8f01e750d93e093bc425,2,release-source-document:1faf5e3309967b80409020be,2623,resolution,H.Res. Congress XML,congress_113,BILLS-113hres22eh.xml,2013-01-14,,,,
v0.1.0,1.1.0,release-source:241e8f01e750d93e093bc425,2,release-source-document:eb2181acf49e133cd8b63af2,2625,resolution,H.Res. Congress XML,congress_113,BILLS-113hres257eh.xml,2013-06-12,,,,
v0.1.0,1.1.0,release-source:241e8f01e750d93e093bc425,2,release-source-document:67c87bf03697a06f5ca42f6c,2627,resolution,H.Res. Congress XML,congress_113,BILLS-113hres349eh.xml,2013-09-18,,,,
v0.1.0,1.1.0,release-source:241e8f01e750d93e093bc425,2,release-source-document:e19a50ea25203250e48d1218,2630,resolution,H.Res. Congress XML,congress_113,BILLS-113hres393eh.xml,2013-10-29,,,,
v0.1.0,1.1.0,release-source:241e8f01e750d93e093bc425,2,release-source-document:3e8d5f6897c3354630832d4d,2632,resolution,H.Res. Congress XML,congress_113,BILLS-113hres42eh.xml,2013-01-23,,,,
v0.1.0,1.1.0,release-source:241e8f01e750d93e093bc425,2,release-source-document:b518d5644c7e9aed02a30abf,2633,resolution,H.Res. Congress XML,congress_113,BILLS-113hres437eh.xml,2013-12-11,,,,
v0.1.0,1.1.0,release-source:241e8f01e750d93e093bc425,2,release-source-document:38b5ee55371c9d8dc91c267a,2642,resolution,H.Res. Congress XML,congress_113,BILLS-113hres453eh.xml,2014-01-08,,,,
v0.1.0,1.1.0,release-source:241e8f01e750d93e093bc425,2,release-source-document:dc9645d4b418599307676276,2644,resolution,H.Res. Congress XML,congress_113,BILLS-113hres454eh.xml,2014-01-08,,,,
v0.1.0,1.1.0,release-source:241e8f01e750d93e093bc425,2,release-source-document:040c0d8cb0923b024bdb0086,2645,resolution,H.Res. Congress XML,congress_113,BILLS-113hres460eh.xml,2014-01-16,,,,
v0.1.0,1.1.0,release-source:241e8f01e750d93e093bc425,2,release-source-document:f30588e8661ab55f848036e3,2647,resolution,H.Res. Congress XML,congress_113,BILLS-113hres523eh.xml,2014-03-25,,,,
v0.1.0,1.1.0,release-source:241e8f01e750d93e093bc425,2,release-source-document:36ee6053f9beac5c55f79422,2648,resolution,H.Res. Congress XML,congress_113,BILLS-113hres52eh.xml,2013-02-05,,,,
v0.1.0,1.1.0,release-source:241e8f01e750d93e093bc425,2,release-source-document:64be1f5edf106cd7203c438e,2650,resolution,H.Res. Congress XML,congress_113,BILLS-113hres531eh.xml,2014-04-01,,,,
v0.1.0,1.1.0,release-source:241e8f01e750d93e093bc425,2,release-source-document:ed7ff829704b972062bc4cf2,2651,resolution,H.Res. Congress XML,congress_113,BILLS-113hres537eh.xml,2014-04-03,,,,
v0.1.0,1.1.0,release-source:241e8f01e750d93e093bc425,2,release-source-document:bee8cda6910174c2cdd0d935,2653,resolution,H.Res. Congress XML,congress_113,BILLS-113hres53eh.xml,2013-02-05,,,,
v0.1.0,1.1.0,release-source:241e8f01e750d93e093bc425,2,release-source-document:345f9334a1b65fbcc55ae5b6,2654,resolution,H.Res. Congress XML,congress_113,BILLS-113hres546eh.xml,2014-04-08,,,,
v0.1.0,1.1.0,release-source:241e8f01e750d93e093bc425,2,release-source-document:82402ff87d660865d311183e,2656,resolution,H.Res. Congress XML,congress_113,BILLS-113hres589eh.xml,2014-05-20,,,,
v0.1.0,1.1.0,release-source:241e8f01e750d93e093bc425,2,release-source-document:17ea3a8d3425c6ab7bea0ae9,2659,resolution,H.Res. Congress XML,congress_113,BILLS-113hres603eh.xml,2014-05-29,,,,
v0.1.0,1.1.0,release-source:241e8f01e750d93e093bc425,2,release-source-document:e8692713a863b8501896d7f8,2661,resolution,H.Res. Congress XML,congress_113,BILLS-113hres64eh.xml,2013-02-13,,,,
v0.1.0,1.1.0,release-source:241e8f01e750d93e093bc425,2,release-source-document:88f488894fb2bf9a7e99dadd,2663,resolution,H.Res. Congress XML,congress_113,BILLS-113hres660eh.xml,2014-07-09,,,,
v0.1.0,1.1.0,release-source:241e8f01e750d93e093bc425,2,release-source-document:747f8462c84bbcb66b9f4085,2665,resolution,H.Res. Congress XML,congress_113,BILLS-113hres6eh.xml,2013-01-03,,,,
v0.1.0,1.1.0,release-source:241e8f01e750d93e093bc425,2,release-source-document:b705160c79279105f4e4d9dc,2666,resolution,H.Res. Congress XML,congress_113,BILLS-113hres7eh.xml,2013-01-03,,,,
v0.1.0,1.1.0,release-source:241e8f01e750d93e093bc425,2,release-source-document:dadafaf67c564822ebfe0232,2668,resolution,H.Res. Congress XML,congress_113,BILLS-113hres82eh.xml,2013-02-26,,,,
v0.1.0,1.1.0,release-source:d4010a0f6ab4cdc95eb0ad3d,1,release-source-document:af680a217990b3601e4cdb83,2889,CR,Congressional Record JSON,crec_json,CREC-2013-02-26-pt1-PgH649-2.json,2013-02-26,,90dd09956c165632b32d909ab1720ac7070d0d0c14fe2dff6ce88cfc96aefa20,,
v0.1.0,1.1.0,release-source:d4010a0f6ab4cdc95eb0ad3d,1,release-source-document:ca250b558b7bbeddeca05d5e,2890,CR,Congressional Record JSON,crec_json,CREC-2013-02-26-pt1-PgH649-3.json,2013-02-26,,aa88e74895ffe513702fabfc5f7c5f9097035442a6b9b8ed90dc1afcaed5e86c,,
v0.1.0,1.1.0,release-source:d4010a0f6ab4cdc95eb0ad3d,1,release-source-document:8d03c11c75bc64f4462e159b,2891,CR,Congressional Record JSON,crec_json,CREC-2013-02-26-pt1-PgH649.json,2013-02-26,,b880d46bf81d9ee2a6efc981ab39316c00e7d5feeeafbc9267fafedc5af6751f,,
v0.1.0,1.1.0,release-source:d4010a0f6ab4cdc95eb0ad3d,1,release-source-document:16d610714e544bcf3166ba4d,7425,CR,Congressional Record JSON,crec_json,CREC-2013-04-16-pt1-PgH2033-7.json,2013-04-16,,8986136b7c6d40aff712d3ad00c2a9390176d5fed093cee6054e1f338b2cd209,,
v0.1.0,1.1.0,release-source:d4010a0f6ab4cdc95eb0ad3d,1,release-source-document:16d39786ba7d37db7ad0e6a7,12276,CR,Congressional Record JSON,crec_json,CREC-2013-06-04-pt1-PgS3952-3.json,2013-06-04,,5a37b19803001963e5b2ca0c9c49dd434b06fdb87cfeb28c74afdd4427b5c51d,,
v0.1.0,1.1.0,release-source:d4010a0f6ab4cdc95eb0ad3d,1,release-source-document:16135e630ea9dc278beeddf6,17137,CR,Congressional Record JSON,crec_json,CREC-2013-07-24-pt1-PgH4988-7.json,2013-07-24,,3a5a57777f38e3e72ef47319f813788c88de6d3a65802da9ca0321a9957ac0ca,,
v0.1.0,1.1.0,release-source:d4010a0f6ab4cdc95eb0ad3d,1,release-source-document:d475257290c7c307e60ab60f,18765,CR,Congressional Record JSON,crec_json,CREC-2013-09-06-pt1-PgH5407-9.json,2013-09-06,,d73a4df0e9a262be2023579880ddca4772ebdd4894d7dbfeea7a900d69a8f267,,
v0.1.0,1.1.0,release-source:d4010a0f6ab4cdc95eb0ad3d,1,release-source-document:76de8bb14bc4edde000d7017,18891,CR,Congressional Record JSON,crec_json,CREC-2013-09-09-pt1-PgH5432-2.json,2013-09-09,,2b67b1b4ccab198d8c15b993eaffcdf77b6c583db2ede7464a8428bf6a40088d,,
v0.1.0,1.1.0,release-source:d4010a0f6ab4cdc95eb0ad3d,1,release-source-document:bd20e54782115c48cd333f1f,22682,CR,Congressional Record JSON,crec_json,CREC-2013-10-15-pt1-PgH6603-6.json,2013-10-15,,68ab660a25474a58aee639a973b298fa2afb480db954c1988b551168f75e987e,,
v0.1.0,1.1.0,release-source:d4010a0f6ab4cdc95eb0ad3d,1,release-source-document:6fc4b010c7703617ca5ac894,22949,CR,Congressional Record JSON,crec_json,CREC-2013-10-22-pt1-PgH6660-2.json,2013-10-22,,99202ffff440bb3d6300aead4d9911712d44dc6f034040796bd453a054abef2d,,
v0.1.0,1.1.0,release-source:d4010a0f6ab4cdc95eb0ad3d,1,release-source-document:d413d5875149196f9e85bdf3,23469,CR,Congressional Record JSON,crec_json,CREC-2013-10-29-pt1-PgH6872.json,2013-10-29,,03402150274d9d8e7a5c4d737d4158aa1f203253f8ccf506c9c4f7779829896c,,
v0.1.0,1.1.0,release-source:d4010a0f6ab4cdc95eb0ad3d,1,release-source-document:48dcdd413bead6e6bef726b7,23869,CR,Congressional Record JSON,crec_json,CREC-2013-10-31-pt1-PgS7706.json,2013-10-31,,4e2aed36b30d5f42072fd6e5196189da4415ab144f544e8877605de8c7a592f3,,
v0.1.0,1.1.0,release-source:d4010a0f6ab4cdc95eb0ad3d,1,release-source-document:5f1fb499cf6ff765173c16b8,26983,CR,Congressional Record JSON,crec_json,CREC-2013-12-11-pt1-PgH7638-3.json,2013-12-11,,8d2272f82ac3d242347cd78118c4365d370e6d92e0bb4c9d2963214175575429,,
v0.1.0,1.1.0,release-source:d4010a0f6ab4cdc95eb0ad3d,1,release-source-document:43fb9fd01c39b25461978f09,26984,CR,Congressional Record JSON,crec_json,CREC-2013-12-11-pt1-PgH7638-4.json,2013-12-11,,1a02030677de8dd0e1d21eddb5e4e8a6f5baea5bc891ecd8dfa389ef93643fbf,,
v0.1.0,1.1.0,release-source:d4010a0f6ab4cdc95eb0ad3d,1,release-source-document:fd8afd47469ee1e5f7733b8c,26985,CR,Congressional Record JSON,crec_json,CREC-2013-12-11-pt1-PgH7638-5.json,2013-12-11,,83abf1999a70efebf71b1cadcd89b4512d6fd23634bdb1c14c350836d0ad4934,,
v0.1.0,1.1.0,release-source:d4010a0f6ab4cdc95eb0ad3d,1,release-source-document:7e3712fe7a54dff0446abe8b,28050,CR,Congressional Record JSON,crec_json,CREC-2014-01-07-pt1-PgH3-5.json,2014-01-07,,0543a154b962cb73f81aeccdc43771ef66fcb43f2786e9fa13952e453ce6008f,,
v0.1.0,1.1.0,release-source:d4010a0f6ab4cdc95eb0ad3d,1,release-source-document:c8ec337fed1e1a264d9208c4,29453,CR,Congressional Record JSON,crec_json,CREC-2014-01-27-pt1-PgH1254-6.json,2014-01-27,,f22ab879abf5e0cce8b066def5d1a36b1d06a6ebf8ff30d5d8b6dacd8d716ea8,,
v0.1.0,1.1.0,release-source:d4010a0f6ab4cdc95eb0ad3d,1,release-source-document:b6dfc37963b1473d36fe6bdf,30693,CR,Congressional Record JSON,crec_json,CREC-2014-02-11-pt1-PgH1744.json,2014-02-11,,9f52999cb9266e709b1ca6655a437eafdec00326a6f3b2440b2c3e5a66daceb3,,
v0.1.0,1.1.0,release-source:d4010a0f6ab4cdc95eb0ad3d,1,release-source-document:e2fe76fae0131a57d6f4005e,30767,CR,Congressional Record JSON,crec_json,CREC-2014-02-11-pt1-PgS871.json,2014-02-11,,0fa525940bd7e121a29faee414a0c00c568cf3995af7db89dcf2fc39aa23a43d,,
v0.1.0,1.1.0,release-source:d4010a0f6ab4cdc95eb0ad3d,1,release-source-document:afe896b49a7145266bc8347f,30960,CR,Congressional Record JSON,crec_json,CREC-2014-02-14-pt1-PgH1775-6.json,2014-02-14,,04f64c54aef0db5cfd5eaf6314866fa1feaac22489e23f886cadcd853d1d8381,,
v0.1.0,1.1.0,release-source:d4010a0f6ab4cdc95eb0ad3d,1,release-source-document:a2f2200550b43bda11299de2,31029,CR,Congressional Record JSON,crec_json,CREC-2014-02-21-pt1-PgH1781-6.json,2014-02-21,,ea1f4da3db7d16fab6038ee5b589fa5bf65fd3748de9dca492507aa6182ab13c,,
v0.1.0,1.1.0,release-source:d4010a0f6ab4cdc95eb0ad3d,1,release-source-document:909c1b2678ec506a25cf12b3,31217,CR,Congressional Record JSON,crec_json,CREC-2014-02-25-pt1-PgH1935-2.json,2014-02-25,,9e82fd59023931e75617c66981e76e560c2c341471a1edb5d9d14a5b1fc62dfa,,
v0.1.0,1.1.0,release-source:d4010a0f6ab4cdc95eb0ad3d,1,release-source-document:c71ef435e828c3a972157d34,34210,CR,Congressional Record JSON,crec_json,CREC-2014-04-01-pt1-PgH2751-10.json,2014-04-01,,902830e6c37bacf782e6e5e814aa77dbc99225554c788c0f5ad030c59f245eeb,,
v0.1.0,1.1.0,release-source:d4010a0f6ab4cdc95eb0ad3d,1,release-source-document:f4abe0688f6b4e91c3a2cf86,34647,CR,Congressional Record JSON,crec_json,CREC-2014-04-03-pt1-PgH2885-2.json,2014-04-03,,2ff10a1613c024eb3c89e534df39fb42eb8f318f321e74651026c18793b90fb0,,
v0.1.0,1.1.0,release-source:d4010a0f6ab4cdc95eb0ad3d,1,release-source-document:cc55177a3d183c1a1716abfc,34648,CR,Congressional Record JSON,crec_json,CREC-2014-04-03-pt1-PgH2885-3.json,2014-04-03,,b2f75c7c5a1a79498378cd1a23f782c44bb9af201579523e2044ad09e391a5fd,,
v0.1.0,1.1.0,release-source:d4010a0f6ab4cdc95eb0ad3d,1,release-source-document:5496938a4d443a41ad9bf534,35768,CR,Congressional Record JSON,crec_json,CREC-2014-04-28-pt1-PgH3221.json,2014-04-28,,a29ca24d1000ec569c09687fe94e2c470b02c2e222414857dbe83470fee7dfd3,,
v0.1.0,1.1.0,release-source:d4010a0f6ab4cdc95eb0ad3d,1,release-source-document:7f57a4b4f3c8e159c2a0b410,38054,CR,Congressional Record JSON,crec_json,CREC-2014-05-20-pt1-PgH4487-2.json,2014-05-20,,d38c9f9109363dfcfc5df08866c28787dba34c0c2138724b8c0836fdb771e9ca,,
v0.1.0,1.1.0,release-source:d4010a0f6ab4cdc95eb0ad3d,1,release-source-document:cefc4c7ab589c83751245a74,38975,CR,Congressional Record JSON,crec_json,CREC-2014-05-29-pt1-PgH4927-3.json,2014-05-29,,2ea28a6b43e7f1119df66e21801101ffccdd4bdd0aa92475447627abafe518da,,
v0.1.0,1.1.0,release-source:d4010a0f6ab4cdc95eb0ad3d,1,release-source-document:1cf0e8d1c4ebe4e46c78aca5,54976,CR,Congressional Record JSON,crec_json,CREC-2015-02-09-pt1-PgH859-8.json,2015-02-09,,68e432f6bc000b3759b01ca85be76a45372ec597d4fe76791668a482116cb5e9,,
v0.1.0,1.1.0,release-source:d4010a0f6ab4cdc95eb0ad3d,1,release-source-document:6c5b2f7dd89fa373bdfbfad3,57062,CR,Congressional Record JSON,crec_json,CREC-2015-03-04-pt1-PgH1603-4.json,2015-03-04,,6360ad5e82ed204a1e53de4786a4cfd6a9cf94c1277b57992d6e81a4bc0154d1,,
v0.1.0,1.1.0,release-source:d4010a0f6ab4cdc95eb0ad3d,1,release-source-document:939db682053203633f3f6d8b,57559,CR,Congressional Record JSON,crec_json,CREC-2015-03-13-pt1-PgH1630-2.json,2015-03-13,,0216d3fcf7bae43f891ea78c30f604fec6d9f51413f1d4dd93ec873ee776af85,,
v0.1.0,1.1.0,release-source:d4010a0f6ab4cdc95eb0ad3d,1,release-source-document:4e8b8db8427e0a80e8d7368d,57656,CR,Congressional Record JSON,crec_json,CREC-2015-03-16-pt1-PgH1643.json,2015-03-16,,66e996cf888d3bb652687f9b89e73543a05be209bb71801ded71d9057984f236,,
v0.1.0,1.1.0,release-source:d4010a0f6ab4cdc95eb0ad3d,1,release-source-document:87e4a2e77e384be642deec2b,57876,CR,Congressional Record JSON,crec_json,CREC-2015-03-17-pt1-PgH1716.json,2015-03-17,,330cfbfe12bc864f305636930ed72b792dc34aa2139a5a1d0ac0071d4d9eb59b,,
v0.1.0,1.1.0,release-source:d4010a0f6ab4cdc95eb0ad3d,1,release-source-document:cd7e2de59f8bd6737122ec88,58190,CR,Congressional Record JSON,crec_json,CREC-2015-03-19-pt1-PgH1773-6.json,2015-03-19,,cd16268485bf2ef2e0022a6916260c47862baf5540425895176925d29fc3f9fe,,
v0.1.0,1.1.0,release-source:d4010a0f6ab4cdc95eb0ad3d,1,release-source-document:fbb647ef2153a7bd936e2fa2,58625,CR,Congressional Record JSON,crec_json,CREC-2015-03-24-pt1-PgH1855-7.json,2015-03-24,,5df8607049ad5891cb9607943e38d12e543aacf9d57a2575338adfb0e4c955fd,,
v0.1.0,1.1.0,release-source:d4010a0f6ab4cdc95eb0ad3d,1,release-source-document:250cd19ca7558928aee92bcb,61330,CR,Congressional Record JSON,crec_json,CREC-2015-04-22-pt1-PgH2381.json,2015-04-22,,e6b6cb5ca26fa3a2bb641eb2f07eee06ee1471133df8bdebcf61eb7c36c1b994,,
v0.1.0,1.1.0,release-source:d4010a0f6ab4cdc95eb0ad3d,1,release-source-document:132cd62ede660ce8ab0b6acc,63481,CR,Congressional Record JSON,crec_json,CREC-2015-05-14-pt1-PgH2972-3.json,2015-05-14,,4b5cbb82f7c00eced6c483028bc1bec5986c18a0c01d4a93105220980128fed8,,
v0.1.0,1.1.0,release-source:d4010a0f6ab4cdc95eb0ad3d,1,release-source-document:78d5a3aebcf76e9a0a1fb183,64089,CR,Congressional Record JSON,crec_json,CREC-2015-05-19-pt1-PgH3317-7.json,2015-05-19,,8b8b831522575d54a6ee22d169abbb88260a16cc8b8b5af671b1f1938ef7e2e8,,
v0.1.0,1.1.0,release-source:d4010a0f6ab4cdc95eb0ad3d,1,release-source-document:f18fa291caf078bf6480c6f9,64098,CR,Congressional Record JSON,crec_json,CREC-2015-05-19-pt1-PgH3318.json,2015-05-19,,306039a84e5116f26c839a04c56a13bf045c4144dd9b86984aef1c913156d10d,,
v0.1.0,1.1.0,release-source:d4010a0f6ab4cdc95eb0ad3d,1,release-source-document:7f152160c97ac725a1d65d0f,66620,CR,Congressional Record JSON,crec_json,CREC-2015-06-10-pt1-PgH4015-7.json,2015-06-10,,dad8d6474a82c635874fb7fa287ab7d05134818e2df5a9f4bbf0d2b936dd677b,,
v0.1.0,1.1.0,release-source:d4010a0f6ab4cdc95eb0ad3d,1,release-source-document:e9021e42a093bebf1562d4df,74198,CR,Congressional Record JSON,crec_json,CREC-2015-09-25-pt1-PgH6256.json,2015-09-25,,48ac2ba04470c94610994b1404f7680759857aa8a98b4ae94f39531ab1004943,,
v0.1.0,1.1.0,release-source:d4010a0f6ab4cdc95eb0ad3d,1,release-source-document:a09b15adf74a8588c0233b98,76944,CR,Congressional Record JSON,crec_json,CREC-2015-10-29-pt1-PgH7337.json,2015-10-29,,1556b0cd62e7dc3c9b7e052e316fb4e510e5ba3443b5227eff79dfab35adf365,,
v0.1.0,1.1.0,release-source:d4010a0f6ab4cdc95eb0ad3d,1,release-source-document:df15c77d2ca96f06fdbb6558,77572,CR,Congressional Record JSON,crec_json,CREC-2015-11-05-pt1-PgH8136-3.json,2015-11-05,,fd1552a01e4500b6eea6fd4f27eb923ba6c6632fe101c3a143bc3543fcde8ebe,,
v0.1.0,1.1.0,release-source:d4010a0f6ab4cdc95eb0ad3d,1,release-source-document:d3640217d5622ce652628ea7,79726,CR,Congressional Record JSON,crec_json,CREC-2015-12-08-pt1-PgH9032-6.json,2015-12-08,,6681feb5b62b22e1b45314071b91aa6d33453e881de036a22679ae6549d2851b,,
v0.1.0,1.1.0,release-source:d4010a0f6ab4cdc95eb0ad3d,1,release-source-document:bb6ff6f7722efcf93523769c,83381,CR,Congressional Record JSON,crec_json,CREC-2016-02-04-pt1-PgH583-2.json,2016-02-04,,cdc31239f9e5a578a8dbd71880073fdf07f49314ae540ca5be86a0ad9dc23de7,,
v0.1.0,1.1.0,release-source:d4010a0f6ab4cdc95eb0ad3d,1,release-source-document:293639b0944e402da703e148,83382,CR,Congressional Record JSON,crec_json,CREC-2016-02-04-pt1-PgH583.json,2016-02-04,,89f38d0412d2f961c5e3b0d32e16a88bcaa4e73eb5fd1a963bfd2809d436feb8,,
v0.1.0,1.1.0,release-source:d4010a0f6ab4cdc95eb0ad3d,1,release-source-document:e6be6cf960e4dcef53178f05,83388,CR,Congressional Record JSON,crec_json,CREC-2016-02-04-pt1-PgH584.json,2016-02-04,,138fd51d65b427a2c6586c3320a8a2b350eb204695cd3ec4155332c850dbdf5b,,
v0.1.0,1.1.0,release-source:d4010a0f6ab4cdc95eb0ad3d,1,release-source-document:594f52115b7421234808864f,95839,CR,Congressional Record JSON,crec_json,CREC-2016-06-24-pt1-PgH4177-6.json,2016-06-24,,d524349ddccdd595d33ce47ac87a74ed21f5bb8f32e960e3bf5ee4af1d637871,,
v0.1.0,1.1.0,release-source:d4010a0f6ab4cdc95eb0ad3d,1,release-source-document:9c498731129041aebdfcfc3a,96514,CR,Congressional Record JSON,crec_json,CREC-2016-07-06-pt1-PgH4293-3.json,2016-07-06,,90735e07d31e186aa511320f4c538c90656cc08b22b96dca080104bbe5f9369f,,
v0.1.0,1.1.0,release-source:d4010a0f6ab4cdc95eb0ad3d,1,release-source-document:88680f9ddd8f6c7acb36d080,98219,CR,Congressional Record JSON,crec_json,CREC-2016-07-21-pt1-PgH5026.json,2016-07-21,,954f0ff1ab059fd79fec3833f343ba3c0f7bc42d102c7627ff9c70b0eae7e6cc,,
v0.1.0,1.1.0,release-source:d4010a0f6ab4cdc95eb0ad3d,1,release-source-document:a7fa41f2fa4eb544e5598ba9,98452,CR,Congressional Record JSON,crec_json,CREC-2016-09-06-pt1-PgH5041-6.json,2016-09-06,,5212a19ca6c49c2a4d625d8b331fe428b3e5121dcc24512ea15556c6daa409d0,,
v0.1.0,1.1.0,release-source:d4010a0f6ab4cdc95eb0ad3d,1,release-source-document:fc6891defea65587eff473ee,99457,CR,Congressional Record JSON,crec_json,CREC-2016-09-13-pt1-PgH5365.json,2016-09-13,,2fab85ba248992fe57368e7239ea564a1f4ebdfaaf08492a23a5255595c09511,,
v0.1.0,1.1.0,release-source:d4010a0f6ab4cdc95eb0ad3d,1,release-source-document:d5a48b3a6bced6a7826cc65c,102317,CR,Congressional Record JSON,crec_json,CREC-2016-11-16-pt1-PgH6265.json,2016-11-16,,984272b1f8a0e0009ab54228da4f3efa82f9baff5d492664ef6215283ec37364,,
v0.1.0,1.1.0,release-source:d4010a0f6ab4cdc95eb0ad3d,1,release-source-document:fe21f18651b741701ba02fa7,103528,CR,Congressional Record JSON,crec_json,CREC-2016-12-05-pt1-PgH7147.json,2016-12-05,,536c51a8a46020a2853815fe0468c6c1132c64c6104fb61f6d1a3de13f9aad0a,,
v0.1.0,1.1.0,release-source:d4010a0f6ab4cdc95eb0ad3d,1,release-source-document:cc51fab65f5db09c4298e82d,105733,CR,Congressional Record JSON,crec_json,CREC-2018-01-11-pt1-PgH162-5.json,2018-01-11,,3af0082d402a5b65ae708bae7f5b679c4b973d467177d777692fce55fa8b66b8,,
v0.1.0,1.1.0,release-source:d4010a0f6ab4cdc95eb0ad3d,1,release-source-document:a52c92e41da3a901d3e26944,105937,CR,Congressional Record JSON,crec_json,CREC-2018-01-16-pt1-PgH397-3.json,2018-01-16,,8b9bff931991268cf58eefe6113b941ab89c96dfbdd675031a5ae74e66f06a3c,,
v0.1.0,1.1.0,release-source:d4010a0f6ab4cdc95eb0ad3d,1,release-source-document:e640409b295991337b387131,106716,CR,Congressional Record JSON,crec_json,CREC-2018-01-22-pt1-PgH617-3.json,2018-01-22,,a0716b70aa228149d5ba44a74b9b122c32cf85580565418a59ad913b17ab135a,,
v0.1.0,1.1.0,release-source:d4010a0f6ab4cdc95eb0ad3d,1,release-source-document:0f674695a33e038d1f186495,106726,CR,Congressional Record JSON,crec_json,CREC-2018-01-22-pt1-PgH621.json,2018-01-22,,20912f895e59f4f3a1a539cc3cb30c1438c1e022a0735b23450424f88df6b584,,
v0.1.0,1.1.0,release-source:d4010a0f6ab4cdc95eb0ad3d,1,release-source-document:e183245964306e8b0c9aeedd,107232,CR,Congressional Record JSON,crec_json,CREC-2018-01-30-pt1-PgH725-2.json,2018-01-30,,c79da44512b11f93714d7c55009e9ed1c954b34678671120ba08083ed2034e11,,
v0.1.0,1.1.0,release-source:d4010a0f6ab4cdc95eb0ad3d,1,release-source-document:89e7b94f5e4446ac3016f6cb,109663,CR,Congressional Record JSON,crec_json,CREC-2018-03-06-pt1-PgH1421.json,2018-03-06,,6f6690e536c41df321b68adb6eadb1d95154eb3c04881acd566e361669a0569d,,
v0.1.0,1.1.0,release-source:d4010a0f6ab4cdc95eb0ad3d,1,release-source-document:b60b3e25f5879d485d0baed3,110906,CR,Congressional Record JSON,crec_json,CREC-2018-03-19-pt1-PgH1697-2.json,2018-03-19,,ca56a5fb57c69b614424b3a40b00342f1e45ba58d84452f15a36e36b707327ed,,
v0.1.0,1.1.0,release-source:d4010a0f6ab4cdc95eb0ad3d,1,release-source-document:9e95688c6b555317b16a6ebe,111764,CR,Congressional Record JSON,crec_json,CREC-2018-04-09-pt1-PgH3061-6.json,2018-04-09,,e21bf40cc1a0d13eb372252664407f40521344f15bb6a3dce9ad77d1d4cf9d1f,,
v0.1.0,1.1.0,release-source:d4010a0f6ab4cdc95eb0ad3d,1,release-source-document:a3076dc98f0f17e7c983277b,111783,CR,Congressional Record JSON,crec_json,CREC-2018-04-09-pt1-PgS1993-4.json,2018-04-09,,d94c4b47b4e2ba7e886d3f5242484ec46bc94a4db3ccd52db8df033afcf4d7d6,,
v0.1.0,1.1.0,release-source:d4010a0f6ab4cdc95eb0ad3d,1,release-source-document:308376069e2cfb1de23beff1,112317,CR,Congressional Record JSON,crec_json,CREC-2018-04-12-pt1-PgH3192.json,2018-04-12,,0e47f9422027cecae54d7ed14afccdba64822fc10175af4cbed0fa3e52b59fec,,
v0.1.0,1.1.0,release-source:d4010a0f6ab4cdc95eb0ad3d,1,release-source-document:97b32e1aed733aacb90f5483,112598,CR,Congressional Record JSON,crec_json,CREC-2018-04-16-pt1-PgH3320-4.json,2018-04-16,,94235ab8b23bbaebbdb4466a039811f8d984088cea2315de85048a44d720ad46,,
v0.1.0,1.1.0,release-source:d4010a0f6ab4cdc95eb0ad3d,1,release-source-document:99f2b6289f817dc57d32e689,113285,CR,Congressional Record JSON,crec_json,CREC-2018-04-23-pt1-PgH3449-6.json,2018-04-23,,87e98a851762db6d9270b7bc5edd6bc8f6ec130d0c0ddd3971912d74735d5a8c,,
v0.1.0,1.1.0,release-source:d4010a0f6ab4cdc95eb0ad3d,1,release-source-document:33aa1a49fdd8cf585b61ee06,113446,CR,Congressional Record JSON,crec_json,CREC-2018-04-24-pt1-PgH3491.json,2018-04-24,,02dd6b3356b1e3243dcff8e704c6647f26757347f50cf932d88ac298518e7b94,,
v0.1.0,1.1.0,release-source:d4010a0f6ab4cdc95eb0ad3d,1,release-source-document:62094f9f4bd3149835ae71d5,114185,CR,Congressional Record JSON,crec_json,CREC-2018-05-01-pt1-PgH3745-6.json,2018-05-01,,a5080b2d023b8bd0f365b43f452eb3668b7406d112ed2b0928e3ce9abe862a9e,,
v0.1.0,1.1.0,release-source:d4010a0f6ab4cdc95eb0ad3d,1,release-source-document:f9afdd8a3f10761a03831eda,114505,CR,Congressional Record JSON,crec_json,CREC-2018-05-08-pt1-PgH3797.json,2018-05-08,,dc410d6bd8e56c6df300fb2b7a8d79400c4fb01933c4c8913c8a3d7a6b62f323,,
v0.1.0,1.1.0,release-source:d4010a0f6ab4cdc95eb0ad3d,1,release-source-document:caf5175b727a2cfd2116610d,115427,CR,Congressional Record JSON,crec_json,CREC-2018-05-16-pt1-PgH3990-5.json,2018-05-16,,8366c0e2355ab8ea9f4d9325a06e25145ba4394c5a254a0194d7477e6caac317,,
v0.1.0,1.1.0,release-source:d4010a0f6ab4cdc95eb0ad3d,1,release-source-document:3cf5670ee76ec38f6198fe1b,115428,CR,Congressional Record JSON,crec_json,CREC-2018-05-16-pt1-PgH3990-6.json,2018-05-16,,41102c4d06265e5b7cbc32ccc962ce73f7b393691c39f31f6b092e64fb26cefb,,
v0.1.0,1.1.0,release-source:d4010a0f6ab4cdc95eb0ad3d,1,release-source-document:67df97d6784518ff229ec0da,115429,CR,Congressional Record JSON,crec_json,CREC-2018-05-16-pt1-PgH3990-7.json,2018-05-16,,ddf6016b9ba9b86e1c7997c0a362522357396f55048d6803c37b6af77ded6ac9,,
v0.1.0,1.1.0,release-source:d4010a0f6ab4cdc95eb0ad3d,1,release-source-document:1a2f4296dab741dc1a12b25d,123622,CR,Congressional Record JSON,crec_json,CREC-2018-08-10-pt1-PgH7749-6.json,2018-08-10,,94d4b5d2116270bff934bd30253cdfea8e86aebca3bdab098f07243a2a246bf9,,
v0.1.0,1.1.0,release-source:d4010a0f6ab4cdc95eb0ad3d,1,release-source-document:062deb672bf7be1786d7b901,124430,CR,Congressional Record JSON,crec_json,CREC-2018-08-24-pt1-PgH7761-6.json,2018-08-24,,1744a316e6e8c200d6a20ee1cc0202ec292f76c62a910546f05a91c3461eba2f,,
v0.1.0,1.1.0,release-source:d4010a0f6ab4cdc95eb0ad3d,1,release-source-document:746e527f0f6b504c8a1d9148,124488,CR,Congressional Record JSON,crec_json,CREC-2018-08-27-pt1-PgS5956-4.json,2018-08-27,,a6d4fd63d72ea45b29ff39fd80dc4b8d18ec997d3ebcc7b89468110f1fe040e5,,
v0.1.0,1.1.0,release-source:d4010a0f6ab4cdc95eb0ad3d,1,release-source-document:b80ded19a01d00df67882741,124709,CR,Congressional Record JSON,crec_json,CREC-2018-09-04-pt1-PgH7784-5.json,2018-09-04,,596dbe499488e87d92f78d6685299aecba45703856002a3e44cbcc3d3ed3dbfb,,
v0.1.0,1.1.0,release-source:d4010a0f6ab4cdc95eb0ad3d,1,release-source-document:1c089d3b69a7e6e60f659be4,124725,CR,Congressional Record JSON,crec_json,CREC-2018-09-04-pt1-PgH7807.json,2018-09-04,,d8a3b7ff406f2807dc9eb7ff779ad05558a0d68284650e6df084c32512dabc09,,
v0.1.0,1.1.0,release-source:d4010a0f6ab4cdc95eb0ad3d,1,release-source-document:f2ec0f1d2eaafa7a93eaf7b4,125246,CR,Congressional Record JSON,crec_json,CREC-2018-09-10-pt1-PgH7945-6.json,2018-09-10,,d8f15115fbc8bfe447776c6210c0494530ef1c6cbee41daca0174e0d6b588ab6,,
v0.1.0,1.1.0,release-source:d4010a0f6ab4cdc95eb0ad3d,1,release-source-document:f6032c1ebc32315996a5acad,126858,CR,Congressional Record JSON,crec_json,CREC-2018-09-28-pt1-PgH9402-3.json,2018-09-28,,a14bf9c6805aba4774f7a46a2344e61f12be4cd70c1a59842cf44fc56653e184,,
v0.1.0,1.1.0,release-source:d4010a0f6ab4cdc95eb0ad3d,1,release-source-document:93e64d0f28ec618fba2ef3da,131979,CR,Congressional Record JSON,crec_json,CREC-2018-12-27-pt1-PgH10597-6.json,2018-12-27,,d6feb7f8a3dba6cbf17ee7019f0e5a60ce9b845876842355cd00ead2f053ef49,,
v0.1.0,1.1.0,release-source:f056beb8ba89217d28aa9b35,6,release-source-document:e501522c5cc102a59b72c81f,132031,resolution,S.Res. Congress XML,congress_113,BILLS-113sres179ats.xml,2013-01-24,,,,
v0.1.0,1.1.0,release-source:f056beb8ba89217d28aa9b35,6,release-source-document:5d0cffcc02735366e7141cdb,132032,resolution,S.Res. Congress XML,congress_113,BILLS-113sres17ats.xml,2013-01-24,,,,
v0.1.0,1.1.0,release-source:f056beb8ba89217d28aa9b35,6,release-source-document:84866022e321f397ca5a18fb,132033,resolution,S.Res. Congress XML,congress_113,BILLS-113sres180ats.xml,2013-01-24,,,,
v0.1.0,1.1.0,release-source:f056beb8ba89217d28aa9b35,6,release-source-document:4a06a61970e529a9d9c3baaf,132034,resolution,S.Res. Congress XML,congress_113,BILLS-113sres18ats.xml,2013-01-24,,,,
v0.1.0,1.1.0,release-source:f056beb8ba89217d28aa9b35,6,release-source-document:1e6fbb6ed6d195ee4b248898,132035,resolution,S.Res. Congress XML,congress_113,BILLS-113sres196ats.xml,2013-07-16,,,,
v0.1.0,1.1.0,release-source:f056beb8ba89217d28aa9b35,6,release-source-document:c6359792c70ca3cdd6897e02,132037,resolution,S.Res. Congress XML,congress_113,BILLS-113sres283ats.xml,2013-10-31,,,,
v0.1.0,1.1.0,release-source:f056beb8ba89217d28aa9b35,6,release-source-document:a68329a8e8c25feb1320c94b,132038,resolution,S.Res. Congress XML,congress_113,BILLS-113sres29ats.xml,2013-02-12,,,,
v0.1.0,1.1.0,release-source:f056beb8ba89217d28aa9b35,6,release-source-document:113dff12e1ed198c2462408c,132040,resolution,S.Res. Congress XML,congress_113,BILLS-113sres359ats.xml,2013-10-31,,,,
v0.1.0,1.1.0,release-source:3d64b1490d08102e0873bdd9,13,release-source-document:7475463b540bfcfa02f4184b,132119,resolution,H.Res. Congress XML,congress_114,BILLS-114hres124eh.xml,2015-02-25,,,,
v0.1.0,1.1.0,release-source:3d64b1490d08102e0873bdd9,13,release-source-document:f7d5d6f7fd1b1d983d723375,132121,resolution,H.Res. Congress XML,congress_114,BILLS-114hres155eh.xml,2015-03-18,,,,
v0.1.0,1.1.0,release-source:3d64b1490d08102e0873bdd9,13,release-source-document:8af841c75af1f73ce8b8011c,132122,resolution,H.Res. Congress XML,congress_114,BILLS-114hres165eh.xml,2015-03-24,,,,
v0.1.0,1.1.0,release-source:3d64b1490d08102e0873bdd9,13,release-source-document:3627c1ac3be4a1f4a66270cb,132124,resolution,H.Res. Congress XML,congress_114,BILLS-114hres172eh.xml,2015-03-25,,,,
v0.1.0,1.1.0,release-source:3d64b1490d08102e0873bdd9,13,release-source-document:c79d3bb256fb0a6d85de224e,132125,resolution,H.Res. Congress XML,congress_114,BILLS-114hres199eh.xml,2015-04-14,,,,
v0.1.0,1.1.0,release-source:3d64b1490d08102e0873bdd9,13,release-source-document:d319a7f69b13521089657e49,132126,resolution,H.Res. Congress XML,congress_114,BILLS-114hres219eh.xml,2015-04-22,,,,
v0.1.0,1.1.0,release-source:3d64b1490d08102e0873bdd9,13,release-source-document:3b4f988bcc73191207c4b383,132127,resolution,H.Res. Congress XML,congress_114,BILLS-114hres229eh.xml,2015-04-29,,,,
v0.1.0,1.1.0,release-source:3d64b1490d08102e0873bdd9,13,release-source-document:bde8720eba955822f30a4c8f,132128,resolution,H.Res. Congress XML,congress_114,BILLS-114hres272eh.xml,2015-05-19,,,,
v0.1.0,1.1.0,release-source:3d64b1490d08102e0873bdd9,13,release-source-document:59cfebfcc9093c2522ffb55a,132129,resolution,H.Res. Congress XML,congress_114,BILLS-114hres29eh.xml,2015-01-13,,,,
v0.1.0,1.1.0,release-source:3d64b1490d08102e0873bdd9,13,release-source-document:c56e4dd888b0ec13fa3ce68e,132130,resolution,H.Res. Congress XML,congress_114,BILLS-114hres304eh.xml,2015-06-10,,,,
v0.1.0,1.1.0,release-source:3d64b1490d08102e0873bdd9,13,release-source-document:be8ddec68aa2dd3df2596da4,132131,resolution,H.Res. Congress XML,congress_114,BILLS-114hres30eh.xml,2015-01-13,,,,
v0.1.0,1.1.0,release-source:3d64b1490d08102e0873bdd9,13,release-source-document:3f17824bb26b5b632a9b7466,132132,resolution,H.Res. Congress XML,congress_114,BILLS-114hres387eh.xml,2015-07-28,,,,
v0.1.0,1.1.0,release-source:3d64b1490d08102e0873bdd9,13,release-source-document:43b569bedd08abed3a53eb50,132133,resolution,H.Res. Congress XML,congress_114,BILLS-114hres39eh.xml,2015-01-21,,,,
v0.1.0,1.1.0,release-source:3d64b1490d08102e0873bdd9,13,release-source-document:ce44d87adc3f95b53ca7deb9,132134,resolution,H.Res. Congress XML,congress_114,BILLS-114hres40eh.xml,2015-01-21,,,,
v0.1.0,1.1.0,release-source:3d64b1490d08102e0873bdd9,13,release-source-document:9e193bda2dd094b68bec2660,132135,resolution,H.Res. Congress XML,congress_114,BILLS-114hres442eh.xml,2015-09-25,,,,
v0.1.0,1.1.0,release-source:3d64b1490d08102e0873bdd9,13,release-source-document:b19e78f00c39eac6559ea3e5,132136,resolution,H.Res. Congress XML,congress_114,BILLS-114hres517eh.xml,2015-11-05,,,,
v0.1.0,1.1.0,release-source:3d64b1490d08102e0873bdd9,13,release-source-document:82d9d323561e5b419f2510ff,132137,resolution,H.Res. Congress XML,congress_114,BILLS-114hres555eh.xml,2015-12-08,,,,
v0.1.0,1.1.0,release-source:3d64b1490d08102e0873bdd9,13,release-source-document:09d60746b9f0d56b3500c5a6,132139,resolution,H.Res. Congress XML,congress_114,BILLS-114hres602eh.xml,2016-02-04,,,,
v0.1.0,1.1.0,release-source:3d64b1490d08102e0873bdd9,13,release-source-document:26bff9465aa75bde0c84bfcd,132140,resolution,H.Res. Congress XML,congress_114,BILLS-114hres603eh.xml,2016-02-04,,,,
v0.1.0,1.1.0,release-source:3d64b1490d08102e0873bdd9,13,release-source-document:6fff6474670b5f303597253f,132141,resolution,H.Res. Congress XML,congress_114,BILLS-114hres6eh.xml,2015-01-06,,,,
v0.1.0,1.1.0,release-source:3d64b1490d08102e0873bdd9,13,release-source-document:430a2446aaf6bfd16e10201c,132142,resolution,H.Res. Congress XML,congress_114,BILLS-114hres71eh.xml,2015-02-02,,,,
v0.1.0,1.1.0,release-source:3d64b1490d08102e0873bdd9,13,release-source-document:074c0381e1435dd33c1bd570,132143,resolution,H.Res. Congress XML,congress_114,BILLS-114hres77eh.xml,2015-02-03,,,,
v0.1.0,1.1.0,release-source:3d64b1490d08102e0873bdd9,13,release-source-document:dbffbcb0fd5712fa933a3771,132144,resolution,H.Res. Congress XML,congress_114,BILLS-114hres781eh.xml,2016-06-14,,,,
v0.1.0,1.1.0,release-source:3d64b1490d08102e0873bdd9,13,release-source-document:4717c2f0b67fda83f8183e61,132145,resolution,H.Res. Congress XML,congress_114,BILLS-114hres7eh.xml,2015-01-06,,,,
v0.1.0,1.1.0,release-source:3d64b1490d08102e0873bdd9,13,release-source-document:d6d1df1f2c660e2e619bf69a,132147,resolution,H.Res. Congress XML,congress_114,BILLS-114hres862eh.xml,2016-09-13,,,,
v0.1.0,1.1.0,release-source:0b138bac58f60a1e462751a9,14,release-source-document:44fb215879f203daa09b6afd,132150,resolution,S.Res. Congress XML,congress_114,BILLS-114sres135ats.xml,2015-04-14,,,,
v0.1.0,1.1.0,release-source:0b138bac58f60a1e462751a9,14,release-source-document:dc2a7d582e0573195a719011,132152,resolution,S.Res. Congress XML,congress_114,BILLS-114sres18is.xml,2015-01-06,,,,
v0.1.0,1.1.0,release-source:0b138bac58f60a1e462751a9,14,release-source-document:d29da1461aeab54528e28459,132154,resolution,S.Res. Congress XML,congress_114,BILLS-114sres21ats.xml,2013-01-24,,,,
v0.1.0,1.1.0,release-source:0b138bac58f60a1e462751a9,14,release-source-document:ea650f0f8c4bf43dfd07600b,132155,resolution,S.Res. Congress XML,congress_114,BILLS-114sres22ats.xml,2015-01-07,,,,
v0.1.0,1.1.0,release-source:0b138bac58f60a1e462751a9,14,release-source-document:ab4d18faef7741b3b1e2f0f9,132156,resolution,S.Res. Congress XML,congress_114,BILLS-114sres23ats.xml,2013-01-24,,,,
v0.1.0,1.1.0,release-source:c5f0d3f68b4b7d7f76c4fde7,12,release-source-document:e8be58277dc527869fd865c0,132186,journal,House/Senate Journal,congress_113,GPO-HJOURNAL-2013-2-1.pdf,2013-01-03,,,,
v0.1.0,1.1.0,release-source:00969c36fb66c0b5dec09e96,29,release-source-document:d7d1083d33e07cdde2b9fa59,132188,journal,House/Senate Journal,congress_114,GPO-HJOURNAL-2015-2-1.pdf,2015-01-06,,,,
v0.1.0,1.1.0,release-source:00969c36fb66c0b5dec09e96,29,release-source-document:0c6309f73b1c920ed7fcdeba,132189,journal,House/Senate Journal,congress_114,GPO-HJOURNAL-2015-2-2.pdf,2015-10-05,,,,
v0.1.0,1.1.0,release-source:c70fce92eb46b50191ee57f5,32,release-source-document:d0724648641baabdc3451789,132249,resolution,H.Res. Congress XML,congress_115,BILLS-115hres1000eh.xml,2018-07-17,,,,
v0.1.0,1.1.0,release-source:c70fce92eb46b50191ee57f5,32,release-source-document:662bf6560bc39e9b2837a580,132250,resolution,H.Res. Congress XML,congress_115,BILLS-115hres1050eh.xml,2018-09-05,,,,
v0.1.0,1.1.0,release-source:c70fce92eb46b50191ee57f5,32,release-source-document:fc96c7b420ab5bc45173f95f,132253,resolution,H.Res. Congress XML,congress_115,BILLS-115hres127eh.xml,2017-02-15,,,,
v0.1.0,1.1.0,release-source:c70fce92eb46b50191ee57f5,32,release-source-document:c9f652d4fe73d272a9340924,132254,resolution,H.Res. Congress XML,congress_115,BILLS-115hres131eh.xml,2017-02-16,,,,
v0.1.0,1.1.0,release-source:c70fce92eb46b50191ee57f5,32,release-source-document:4750b0e297b72d1b8e1931aa,132256,resolution,H.Res. Congress XML,congress_115,BILLS-115hres25eh.xml,2017-01-05,,,,
v0.1.0,1.1.0,release-source:c70fce92eb46b50191ee57f5,32,release-source-document:8b224117216dd52f7a02e671,132257,resolution,H.Res. Congress XML,congress_115,BILLS-115hres29eh.xml,2017-01-06,,,,
v0.1.0,1.1.0,release-source:c70fce92eb46b50191ee57f5,32,release-source-document:0cbe14e0e70e30b1ffefca66,132258,resolution,H.Res. Congress XML,congress_115,BILLS-115hres303eh.xml,2017-05-02,,,,
v0.1.0,1.1.0,release-source:c70fce92eb46b50191ee57f5,32,release-source-document:da3933bb167472f9a82cf5b4,132259,resolution,H.Res. Congress XML,congress_115,BILLS-115hres34eh.xml,2017-01-09,,,,
v0.1.0,1.1.0,release-source:c70fce92eb46b50191ee57f5,32,release-source-document:43141baa11a2d540c878dd56,132260,resolution,H.Res. Congress XML,congress_115,BILLS-115hres36eh.xml,2017-01-10,,,,
v0.1.0,1.1.0,release-source:c70fce92eb46b50191ee57f5,32,release-source-document:319a7a3e0b1e04e68dbd7b51,132261,resolution,H.Res. Congress XML,congress_115,BILLS-115hres381eh.xml,2017-06-13,,,,
v0.1.0,1.1.0,release-source:c70fce92eb46b50191ee57f5,32,release-source-document:7cfe506c5f978c8cc04bf941,132262,resolution,H.Res. Congress XML,congress_115,BILLS-115hres39eh.xml,2017-01-10,,,,
v0.1.0,1.1.0,release-source:c70fce92eb46b50191ee57f5,32,release-source-document:07d6f733006b5e72c834e6a3,132263,resolution,H.Res. Congress XML,congress_115,BILLS-115hres410eh.xml,2017-06-27,,,,
v0.1.0,1.1.0,release-source:c70fce92eb46b50191ee57f5,32,release-source-document:837961aba2891af2e4736b31,132264,resolution,H.Res. Congress XML,congress_115,BILLS-115hres412eh.xml,2017-06-27,,,,
v0.1.0,1.1.0,release-source:c70fce92eb46b50191ee57f5,32,release-source-document:0b27d27d4a7983cd14f4c1a8,132265,resolution,H.Res. Congress XML,congress_115,BILLS-115hres439eh.xml,2017-07-12,,,,
v0.1.0,1.1.0,release-source:c70fce92eb46b50191ee57f5,32,release-source-document:45ab8bc99d423cad3ed1a326,132266,resolution,H.Res. Congress XML,congress_115,BILLS-115hres453eh.xml,2017-07-18,,,,
v0.1.0,1.1.0,release-source:c70fce92eb46b50191ee57f5,32,release-source-document:5f71a4d1ee4915672c15bce1,132267,resolution,H.Res. Congress XML,congress_115,BILLS-115hres45eh.xml,2017-01-11,,,,
v0.1.0,1.1.0,release-source:c70fce92eb46b50191ee57f5,32,release-source-document:104392ec23717bcc43c21068,132268,resolution,H.Res. Congress XML,congress_115,BILLS-115hres51eh.xml,2017-01-13,,,,
v0.1.0,1.1.0,release-source:c70fce92eb46b50191ee57f5,32,release-source-document:8dbb7c89e3fc0d2547acbd5d,132269,resolution,H.Res. Congress XML,congress_115,BILLS-115hres52eh.xml,2017-01-13,,,,
v0.1.0,1.1.0,release-source:c70fce92eb46b50191ee57f5,32,release-source-document:f386b682a54b100f996c7e79,132271,resolution,H.Res. Congress XML,congress_115,BILLS-115hres56eh.xml,2017-01-24,,,,
v0.1.0,1.1.0,release-source:c70fce92eb46b50191ee57f5,32,release-source-document:ef966e549579896772b67406,132272,resolution,H.Res. Congress XML,congress_115,BILLS-115hres579eh.xml,2017-10-24,,,,
v0.1.0,1.1.0,release-source:c70fce92eb46b50191ee57f5,32,release-source-document:6221617bdd3c1c1c7a1ff1f4,132273,resolution,H.Res. Congress XML,congress_115,BILLS-115hres59eh.xml,2017-01-24,,,,
v0.1.0,1.1.0,release-source:c70fce92eb46b50191ee57f5,32,release-source-document:57c2da4faedb8e577ac793dd,132276,resolution,H.Res. Congress XML,congress_115,BILLS-115hres634eh.xml,2017-11-29,,,,
v0.1.0,1.1.0,release-source:c70fce92eb46b50191ee57f5,32,release-source-document:d60800550f1efdbe207f943d,132277,resolution,H.Res. Congress XML,congress_115,BILLS-115hres669eh.xml,2017-12-20,,,,
v0.1.0,1.1.0,release-source:c70fce92eb46b50191ee57f5,32,release-source-document:6557b42baf3e6256bd5ddb07,132278,resolution,H.Res. Congress XML,congress_115,BILLS-115hres685eh.xml,2018-01-11,,,,
v0.1.0,1.1.0,release-source:c70fce92eb46b50191ee57f5,32,release-source-document:1afc5bc5d88f5e5c34750496,132279,resolution,H.Res. Congress XML,congress_115,BILLS-115hres695eh.xml,2018-01-16,,,,
v0.1.0,1.1.0,release-source:c70fce92eb46b50191ee57f5,32,release-source-document:8b9979397444d6a2503fdec2,132280,resolution,H.Res. Congress XML,congress_115,BILLS-115hres6eh.xml,2017-01-03,,,,
v0.1.0,1.1.0,release-source:c70fce92eb46b50191ee57f5,32,release-source-document:1c4cc921e9d8e6fcbc239c85,132281,resolution,H.Res. Congress XML,congress_115,BILLS-115hres709eh.xml,2018-01-21,,,,
v0.1.0,1.1.0,release-source:c70fce92eb46b50191ee57f5,32,release-source-document:91f7e9b2f32235b62b1bf916,132282,resolution,H.Res. Congress XML,congress_115,BILLS-115hres710eh.xml,2018-01-22,,,,
v0.1.0,1.1.0,release-source:c70fce92eb46b50191ee57f5,32,release-source-document:e67cd72a6bcb53171cc8a30a,132283,resolution,H.Res. Congress XML,congress_115,BILLS-115hres719eh.xml,2018-01-30,,,,
v0.1.0,1.1.0,release-source:c70fce92eb46b50191ee57f5,32,release-source-document:e5ecc13c481c8bdebf764a47,132285,resolution,H.Res. Congress XML,congress_115,BILLS-115hres764eh.xml,2018-03-06,,,,
v0.1.0,1.1.0,release-source:c70fce92eb46b50191ee57f5,32,release-source-document:43dc8e074b4fc177ad8ea5a5,132286,resolution,H.Res. Congress XML,congress_115,BILLS-115hres7eh.xml,2017-01-03,,,,
v0.1.0,1.1.0,release-source:c70fce92eb46b50191ee57f5,32,release-source-document:ab48795be3b475d9d5909613,132287,resolution,H.Res. Congress XML,congress_115,BILLS-115hres814eh.xml,2018-04-11,,,,
v0.1.0,1.1.0,release-source:c70fce92eb46b50191ee57f5,32,release-source-document:7ca3c23f1a52eab8ada15dc7,132288,resolution,H.Res. Congress XML,congress_115,BILLS-115hres816eh.xml,2018-04-11,,,,
v0.1.0,1.1.0,release-source:c70fce92eb46b50191ee57f5,32,release-source-document:cb17f5936510bcb8cd4c3c23,132290,resolution,H.Res. Congress XML,congress_115,BILLS-115hres833eh.xml,2018-04-17,,,,
v0.1.0,1.1.0,release-source:c70fce92eb46b50191ee57f5,32,release-source-document:03df63eecf844569a1d95fce,132291,resolution,H.Res. Congress XML,congress_115,BILLS-115hres844eh.xml,2018-04-25,,,,
v0.1.0,1.1.0,release-source:c70fce92eb46b50191ee57f5,32,release-source-document:d6b54d7f8c9822b0139527eb,132292,resolution,H.Res. Congress XML,congress_115,BILLS-115hres897eh.xml,2018-05-16,,,,
v0.1.0,1.1.0,release-source:c70fce92eb46b50191ee57f5,32,release-source-document:523636af6a564910afa13068,132293,resolution,H.Res. Congress XML,congress_115,BILLS-115hres95eh.xml,2017-02-07,,,,
v0.1.0,1.1.0,release-source:c70fce92eb46b50191ee57f5,32,release-source-document:4f834508fba54b143aa52e7a,132294,resolution,H.Res. Congress XML,congress_115,BILLS-115hres963eh.xml,2018-06-26,,,,
v0.1.0,1.1.0,release-source:c70fce92eb46b50191ee57f5,32,release-source-document:024162b799b30c4672751771,132295,resolution,H.Res. Congress XML,congress_115,BILLS-115hres98eh.xml,2017-02-07,,,,
v0.1.0,1.1.0,release-source:207883e494c14e8eb429e316,38,release-source-document:4a1df36d9219ea2d78fc2527,132296,journal,House Journal,congress_115,GPO-HJOURNAL-2017-2-1.pdf,2017-01-03,,,,
v0.1.0,1.1.0,release-source:207883e494c14e8eb429e316,38,release-source-document:d6e6d0b3c232a8916b7b396e,132298,journal,House Journal,congress_115,GPO-HJOURNAL-2018-2-1.pdf,2018-01-11,,,,
v0.1.0,1.1.0,release-source:207883e494c14e8eb429e316,38,release-source-document:3e9aab2393b47de871467ca9,132299,journal,House Journal,congress_115,GPO-HJOURNAL-2018-2-2.pdf,2018-09-04,,,,
v0.1.0,1.1.0,release-source:5dc8a764652351c442f5cbb9,39,release-source-document:607a1a1b1c92f8e8ab7b6679,132348,resolution,S.Res. Congress XML,congress_115,BILLS-115sres16ats.xml,2017-01-20,,,,
v0.1.0,1.1.0,release-source:5dc8a764652351c442f5cbb9,39,release-source-document:3a904332a681224a1de25467,132349,resolution,S.Res. Congress XML,congress_115,BILLS-115sres17ats.xml,2017-01-20,,,,
v0.1.0,1.1.0,release-source:5dc8a764652351c442f5cbb9,39,release-source-document:f8f84dfb310783ff341306ab,132353,resolution,S.Res. Congress XML,congress_115,BILLS-115sres369ats.xml,2018-01-09,,,,
v0.1.0,1.1.0,release-source:5dc8a764652351c442f5cbb9,39,release-source-document:32109185ff719ab08c450c6f,132354,resolution,S.Res. Congress XML,congress_115,BILLS-115sres370ats.xml,2018-01-09,,,,
v0.1.0,1.1.0,release-source:5dc8a764652351c442f5cbb9,39,release-source-document:efd8d01a48f1b222a83f652c,132355,resolution,S.Res. Congress XML,congress_115,BILLS-115sres393ats.xml,2018-02-06,,,,
v0.1.0,1.1.0,release-source:5dc8a764652351c442f5cbb9,39,release-source-document:a41d300ac23dff8fd8f4fb39,132356,resolution,S.Res. Congress XML,congress_115,BILLS-115sres456ats.xml,2018-04-10,,,,
v0.1.0,1.1.0,release-source:5dc8a764652351c442f5cbb9,39,release-source-document:bbd8870f49e50e63166c433a,132358,resolution,S.Res. Congress XML,congress_115,BILLS-115sres57ats.xml,2017-02-09,,,,
v0.1.0,1.1.0,release-source:5dc8a764652351c442f5cbb9,39,release-source-document:656523ff9af9b2f9659be6cd,132359,resolution,S.Res. Congress XML,congress_115,BILLS-115sres623ats.xml,2018-09-06,,,,
v0.1.0,1.1.0,release-source:5dc8a764652351c442f5cbb9,39,release-source-document:17556b27739e9116cde39008,132362,resolution,S.Res. Congress XML,congress_115,BILLS-115sres7ats.xml,2017-01-05,,,,
v0.1.0,1.1.0,release-source:5dc8a764652351c442f5cbb9,39,release-source-document:07c5b45e120ed76eefe7a6a2,132363,resolution,S.Res. Congress XML,congress_115,BILLS-115sres8ats.xml,2017-01-05,,,,
v0.1.0,1.1.0,release-source:f056beb8ba89217d28aa9b35,6,release-source-document:6c4619aac350bf59eaae666d,132835,resolution,S.Res. Congress XML,congress_113,BILLS-113sres179ats.xml,2013-06-20,,,,
v0.1.0,1.1.0,release-source:f056beb8ba89217d28aa9b35,6,release-source-document:14796fdecf8a1707c5200e95,132837,resolution,S.Res. Congress XML,congress_113,BILLS-113sres180ats.xml,2013-06-20,,,,
v0.1.0,1.1.0,release-source:f056beb8ba89217d28aa9b35,6,release-source-document:c9164cbaa9b76e5fb0cd067a,132842,resolution,S.Res. Congress XML,congress_113,BILLS-113sres359ats.xml,2014-02-12,,,,
v0.1.0,1.1.0,release-source:0b138bac58f60a1e462751a9,14,release-source-document:512f4ffd2122287295bb5496,132844,resolution,S.Res. Congress XML,congress_114,BILLS-114sres21ats.xml,2015-01-07,,,,
v0.1.0,1.1.0,release-source:cd901a7f0004cb720998231c,57,release-source-document:afe42e0c7aae342fe1be3475,132963,resolution,H.Res. Congress XML,congress_116,BILLS-116hres1037eh.xml,2020-07-01,,,,
v0.1.0,1.1.0,release-source:cd901a7f0004cb720998231c,57,release-source-document:ad6bb42fcee79611cc99feba,132964,resolution,H.Res. Congress XML,congress_116,BILLS-116hres103eh.xml,2019-02-06,,,,
v0.1.0,1.1.0,release-source:cd901a7f0004cb720998231c,57,release-source-document:230616214e9b5e8341a72efd,132965,resolution,H.Res. Congress XML,congress_116,BILLS-116hres1058eh.xml,2020-07-21,,,,
v0.1.0,1.1.0,release-source:cd901a7f0004cb720998231c,57,release-source-document:78b6af73af9fee32957db8b4,132966,resolution,H.Res. Congress XML,congress_116,BILLS-116hres1072eh.xml,2020-07-30,,,,
v0.1.0,1.1.0,release-source:cd901a7f0004cb720998231c,57,release-source-document:7a961f979bdbfd5f28a7a551,132968,resolution,H.Res. Congress XML,congress_116,BILLS-116hres1135eh.xml,2020-09-22,,,,
v0.1.0,1.1.0,release-source:cd901a7f0004cb720998231c,57,release-source-document:e3fdc0a7b1a6a2844b9cc32c,132969,resolution,H.Res. Congress XML,congress_116,BILLS-116hres113eh.xml,2019-02-08,,,,
v0.1.0,1.1.0,release-source:cd901a7f0004cb720998231c,57,release-source-document:48d8d76c2707e3c4987dd893,132971,resolution,H.Res. Congress XML,congress_116,BILLS-116hres125eh.xml,2019-02-13,,,,
v0.1.0,1.1.0,release-source:cd901a7f0004cb720998231c,57,release-source-document:359a11d6389a6828600acfcf,132972,resolution,H.Res. Congress XML,congress_116,BILLS-116hres148eh.xml,2019-02-26,,,,
v0.1.0,1.1.0,release-source:cd901a7f0004cb720998231c,57,release-source-document:82dfdaff829418639e1c145c,132975,resolution,H.Res. Congress XML,congress_116,BILLS-116hres24eh.xml,2019-01-04,,,,
v0.1.0,1.1.0,release-source:cd901a7f0004cb720998231c,57,release-source-document:8aa5a91f713a08af93229a97,132976,resolution,H.Res. Congress XML,congress_116,BILLS-116hres25eh.xml,2019-01-04,,,,
v0.1.0,1.1.0,release-source:cd901a7f0004cb720998231c,57,release-source-document:33938edefe6794338603be93,132977,resolution,H.Res. Congress XML,congress_116,BILLS-116hres264eh.xml,2019-03-28,,,,
v0.1.0,1.1.0,release-source:cd901a7f0004cb720998231c,57,release-source-document:0885099ee3647e8003d1d659,132978,resolution,H.Res. Congress XML,congress_116,BILLS-116hres26eh.xml,2019-01-08,,,,
v0.1.0,1.1.0,release-source:cd901a7f0004cb720998231c,57,release-source-document:7c6df2f56d1b2719b9f65b97,132981,resolution,H.Res. Congress XML,congress_116,BILLS-116hres31eh.xml,2019-01-09,,,,
v0.1.0,1.1.0,release-source:cd901a7f0004cb720998231c,57,release-source-document:bf97c74d4e5c22df9f295226,132982,resolution,H.Res. Congress XML,congress_116,BILLS-116hres32eh.xml,2019-01-09,,,,
v0.1.0,1.1.0,release-source:cd901a7f0004cb720998231c,57,release-source-document:b3b77afadff9c3624081e9fa,132983,resolution,H.Res. Congress XML,congress_116,BILLS-116hres42eh.xml,2019-01-15,,,,
v0.1.0,1.1.0,release-source:cd901a7f0004cb720998231c,57,release-source-document:2f1dbb6554eb50ab78a57c2c,132984,resolution,H.Res. Congress XML,congress_116,BILLS-116hres46eh.xml,2019-01-16,,,,
v0.1.0,1.1.0,release-source:cd901a7f0004cb720998231c,57,release-source-document:6e341fe95879d16529b5119f,132985,resolution,H.Res. Congress XML,congress_116,BILLS-116hres481eh.xml,2019-07-10,,,,
v0.1.0,1.1.0,release-source:cd901a7f0004cb720998231c,57,release-source-document:729b5082b66d2b355d969f04,132986,resolution,H.Res. Congress XML,congress_116,BILLS-116hres516eh.xml,2019-07-24,,,,
v0.1.0,1.1.0,release-source:cd901a7f0004cb720998231c,57,release-source-document:675456d59947eca9e6d1acc3,132987,resolution,H.Res. Congress XML,congress_116,BILLS-116hres57eh.xml,2019-01-17,,,,
v0.1.0,1.1.0,release-source:cd901a7f0004cb720998231c,57,release-source-document:2f220b84aa00ceb2964195de,132988,resolution,H.Res. Congress XML,congress_116,BILLS-116hres596eh.xml,2019-09-26,,,,
v0.1.0,1.1.0,release-source:cd901a7f0004cb720998231c,57,release-source-document:aba4c44d4bb64f1fef4090c9,132989,resolution,H.Res. Congress XML,congress_116,BILLS-116hres67eh.xml,2019-01-23,,,,
v0.1.0,1.1.0,release-source:cd901a7f0004cb720998231c,57,release-source-document:58717a9912284ca78f57115c,132990,resolution,H.Res. Congress XML,congress_116,BILLS-116hres68eh.xml,2019-01-23,,,,
v0.1.0,1.1.0,release-source:cd901a7f0004cb720998231c,57,release-source-document:97a3d757fc1687bb31a744b8,132992,resolution,H.Res. Congress XML,congress_116,BILLS-116hres712eh.xml,2019-11-19,,,,
v0.1.0,1.1.0,release-source:cd901a7f0004cb720998231c,57,release-source-document:bdde3a0208f3ec027b2c59fe,132993,resolution,H.Res. Congress XML,congress_116,BILLS-116hres725eh.xml,2019-11-21,,,,
v0.1.0,1.1.0,release-source:cd901a7f0004cb720998231c,57,release-source-document:75efea65a39e074264647596,132994,resolution,H.Res. Congress XML,congress_116,BILLS-116hres73eh.xml,2019-01-24,,,,
v0.1.0,1.1.0,release-source:cd901a7f0004cb720998231c,57,release-source-document:4806622b1237761ef2a88f2c,132995,resolution,H.Res. Congress XML,congress_116,BILLS-116hres74eh.xml,2019-01-24,,,,
v0.1.0,1.1.0,release-source:cd901a7f0004cb720998231c,57,release-source-document:a29be3ce970a129c7f0147ad,132997,resolution,H.Res. Congress XML,congress_116,BILLS-116hres773eh.xml,2019-12-19,,,,
v0.1.0,1.1.0,release-source:cd901a7f0004cb720998231c,57,release-source-document:2663994853acfcb5c899cdbb,132998,resolution,H.Res. Congress XML,congress_116,BILLS-116hres793eh.xml,2020-01-14,,,,
v0.1.0,1.1.0,release-source:cd901a7f0004cb720998231c,57,release-source-document:fa2a9fb4607aaec097598bf9,132999,resolution,H.Res. Congress XML,congress_116,BILLS-116hres7eh.xml,2019-01-03,,,,
v0.1.0,1.1.0,release-source:cd901a7f0004cb720998231c,57,release-source-document:648c85c89ac1c2b67d3a3a4c,133000,resolution,H.Res. Congress XML,congress_116,BILLS-116hres801eh.xml,2020-01-16,,,,
v0.1.0,1.1.0,release-source:cd901a7f0004cb720998231c,57,release-source-document:81f934ed04a7dc9e1d1ac7fc,133001,resolution,H.Res. Congress XML,congress_116,BILLS-116hres80eh.xml,2019-01-28,,,,
v0.1.0,1.1.0,release-source:cd901a7f0004cb720998231c,57,release-source-document:899e62c006b4bb4516efb129,133002,resolution,H.Res. Congress XML,congress_116,BILLS-116hres85eh.xml,2019-01-29,,,,
v0.1.0,1.1.0,release-source:cd901a7f0004cb720998231c,57,release-source-document:89a6bcb193ea043b61586759,133004,resolution,H.Res. Congress XML,congress_116,BILLS-116hres870eh.xml,2020-02-27,,,,
v0.1.0,1.1.0,release-source:cd901a7f0004cb720998231c,57,release-source-document:995e5fe372840696bece5321,133005,resolution,H.Res. Congress XML,congress_116,BILLS-116hres8eh.xml,2019-01-03,,,,
v0.1.0,1.1.0,release-source:cd901a7f0004cb720998231c,57,release-source-document:17d6f51a0a43b3a7da5fcdc2,133006,resolution,H.Res. Congress XML,congress_116,BILLS-116hres903eh.xml,2020-03-14,,,,
v0.1.0,1.1.0,release-source:cd901a7f0004cb720998231c,57,release-source-document:3473b4a7825d9d0011440187,133008,resolution,H.Res. Congress XML,congress_116,BILLS-116hres934eh.xml,2020-04-22,,,,
v0.1.0,1.1.0,release-source:cd901a7f0004cb720998231c,57,release-source-document:42ce68d97320c249b2ce8f64,133009,resolution,H.Res. Congress XML,congress_116,BILLS-116hres954eh.xml,2020-05-08,,,,
v0.1.0,1.1.0,release-source:cd901a7f0004cb720998231c,57,release-source-document:9d5c4e8a5d3a43d2972c3bf9,133011,resolution,H.Res. Congress XML,congress_116,BILLS-116hres995eh.xml,2020-06-08,,,,
v0.1.0,1.1.0,release-source:d4010a0f6ab4cdc95eb0ad3d,1,release-source-document:f19e24b87045de8f8c8eba98,151976,CR,Congressional Record JSON,crec_json,CREC-2019-01-24-pt1-PgH1183-2.json,2019-01-24,,7e1ceb2448d8d6bf61eedf75d5b6ced8cbac7296039772e3b47447318da5f855,,
v0.1.0,1.1.0,release-source:d4010a0f6ab4cdc95eb0ad3d,1,release-source-document:2b1ff01ab11aa878ccc4a5e1,151977,CR,Congressional Record JSON,crec_json,CREC-2019-01-24-pt1-PgH1183-3.json,2019-01-24,,463993d786e321101e6d76b213ddffe2c0b77487856bf4bd0b2a4ceee24cccb0,,
v0.1.0,1.1.0,release-source:d4010a0f6ab4cdc95eb0ad3d,1,release-source-document:102cbfca24442fb5b91974f2,153242,CR,Congressional Record JSON,crec_json,CREC-2019-02-13-pt1-PgH1558.json,2019-02-13,,1c95d4cbb53f4a56d07b4aff2f81dac995658c21d92c18fcb2a2e85c562d869d,,
v0.1.0,1.1.0,release-source:d4010a0f6ab4cdc95eb0ad3d,1,release-source-document:f983c752b5995e48cd75c9cd,153809,CR,Congressional Record JSON,crec_json,CREC-2019-02-26-pt1-PgH2130.json,2019-02-26,,fdaaee1e828c8c6d422c55fb1ba271395111b064dd657d811e4fa0935fb9b686,,
v0.1.0,1.1.0,release-source:d4010a0f6ab4cdc95eb0ad3d,1,release-source-document:e78e81cc610a88222fa55437,155795,CR,Congressional Record JSON,crec_json,CREC-2019-03-28-pt1-PgH2900.json,2019-03-28,,bca7e6af071603a82c172ce14bb6ecf46667b91b908f79ebf7dc6fee371a26dd,,
v0.1.0,1.1.0,release-source:d4010a0f6ab4cdc95eb0ad3d,1,release-source-document:acbd601d24a07a9f04928d80,161802,CR,Congressional Record JSON,crec_json,CREC-2019-07-10-pt1-PgH5336-3.json,2019-07-10,,b2ff915d123771b6c10e603c1d8b0fb24bfd30752ad2c47ec9585234972af5b6,,
v0.1.0,1.1.0,release-source:d4010a0f6ab4cdc95eb0ad3d,1,release-source-document:dfbed63686e44d0e2d0224e6,164997,CR,Congressional Record JSON,crec_json,CREC-2019-09-25-pt1-PgH7978-2.json,2019-09-25,,332fb6bf3ee9927530a244b9d42c30b82b43ec3c22f05b2275bd1b0425b3e56a,,
v0.1.0,1.1.0,release-source:d4010a0f6ab4cdc95eb0ad3d,1,release-source-document:f20a5668287a42d4862cffc0,164999,CR,Congressional Record JSON,crec_json,CREC-2019-09-25-pt1-PgH7978.json,2019-09-25,,b61335df0653745178410014fe7926e0737a85cb6c52fac6abb01499e833dd7f,,
v0.1.0,1.1.0,release-source:d4010a0f6ab4cdc95eb0ad3d,1,release-source-document:83c2adb380b0ce383d3824af,165091,CR,Congressional Record JSON,crec_json,CREC-2019-09-26-pt1-PgH7999-4.json,2019-09-26,,3099240d86650da1b408d1400cf908a05431d61e2950de03b2ca5e55d633fad5,,
v0.1.0,1.1.0,release-source:d4010a0f6ab4cdc95eb0ad3d,1,release-source-document:7774505766a6f95a37b5dfc1,165092,CR,Congressional Record JSON,crec_json,CREC-2019-09-26-pt1-PgH7999-5.json,2019-09-26,,9f6d6ddad27b622b7957fd5d8f423ac35b53adafc3d9143b76aa6c9f95cb6cf2,,
v0.1.0,1.1.0,release-source:d4010a0f6ab4cdc95eb0ad3d,1,release-source-document:c0aa0344bcc2eb4975a5a1c4,165093,CR,Congressional Record JSON,crec_json,CREC-2019-09-26-pt1-PgH7999-6.json,2019-09-26,,dcf97bb3a40fca8d438fb4b3d71bb1f1784a16b39d93cc2b071505512a601f7f,,
v0.1.0,1.1.0,release-source:d4010a0f6ab4cdc95eb0ad3d,1,release-source-document:78e871f5603c6c63ec132e68,165882,CR,Congressional Record JSON,crec_json,CREC-2019-10-17-pt1-PgH8207-5.json,2019-10-17,,05d2d0f3f302c2ea63f88e563a127ea5cbf0fa50b5f57763d597ee58a979245c,,
v0.1.0,1.1.0,release-source:d4010a0f6ab4cdc95eb0ad3d,1,release-source-document:7a816eb03884bdab146741c4,167089,CR,Congressional Record JSON,crec_json,CREC-2019-11-05-pt1-PgH8727-6.json,2019-11-05,,a024169f81dd36ff1e2bd05a6038fbf8f3be22fc1fe2270bcb986ae9eb54a956,,
v0.1.0,1.1.0,release-source:d4010a0f6ab4cdc95eb0ad3d,1,release-source-document:df38e2f63bd6caee6b26b304,170969,CR,Congressional Record JSON,crec_json,CREC-2017-01-13-pt1-PgH532-4.json,2017-01-13,,9746ef05919a50602f23c66877b7d8480379fda73e7adf75bfdc734c133c746b,,
v0.1.0,1.1.0,release-source:d4010a0f6ab4cdc95eb0ad3d,1,release-source-document:bd07bd0c54b62f2b9d5f9826,170970,CR,Congressional Record JSON,crec_json,CREC-2017-01-13-pt1-PgH532-5.json,2017-01-13,,c02f009233c93486ff041b392bd51685ce6b04bb55f43391d78f39feb064ab21,,
v0.1.0,1.1.0,release-source:d4010a0f6ab4cdc95eb0ad3d,1,release-source-document:ccc490850c98178df1ed6677,171434,CR,Congressional Record JSON,crec_json,CREC-2017-01-24-pt1-PgH615-7.json,2017-01-24,,113c10fe11f870e8ac362c2dfb6decc537782f1da622d84e395505595257fbed,,
v0.1.0,1.1.0,release-source:d4010a0f6ab4cdc95eb0ad3d,1,release-source-document:9e60e29826066644a390d1e1,171466,CR,Congressional Record JSON,crec_json,CREC-2017-01-24-pt1-PgH633.json,2017-01-24,,589b6038d86d7177c377120e7342aa7da4b5c1bd7c0b0198eea453a53e6379b0,,
v0.1.0,1.1.0,release-source:d4010a0f6ab4cdc95eb0ad3d,1,release-source-document:780b81fa98dced6d8b56736c,172726,CR,Congressional Record JSON,crec_json,CREC-2017-02-06-pt1-PgH992-2.json,2017-02-06,,ebc9cb5d11b91e0e9fc921469ad76f9cf978fe680c52ce9b3b0b77aee15dc679,,
v0.1.0,1.1.0,release-source:d4010a0f6ab4cdc95eb0ad3d,1,release-source-document:c72c1838ba0fcccd583130aa,172729,CR,Congressional Record JSON,crec_json,CREC-2017-02-06-pt1-PgH992.json,2017-02-06,,01b66e2cb49acc10f6f31a99eab26985e85e14e3713f5e4abf8d03e99a4bc0ee,,
v0.1.0,1.1.0,release-source:d4010a0f6ab4cdc95eb0ad3d,1,release-source-document:1536ebd32904292096ba6a12,172734,CR,Congressional Record JSON,crec_json,CREC-2017-02-06-pt1-PgH994-2.json,2017-02-06,,24c0b71f8464a6eb96f64ddd336227316b4023c603f3877e86c57362e5c21057,,
v0.1.0,1.1.0,release-source:d4010a0f6ab4cdc95eb0ad3d,1,release-source-document:24be9d73d9ee27506c319238,172947,CR,Congressional Record JSON,crec_json,CREC-2017-02-07-pt1-PgH1031.json,2017-02-07,,b5557ba563873fdc378e815f72a6c032bc333090c16e07c0bcd12a68f7024862,,
v0.1.0,1.1.0,release-source:d4010a0f6ab4cdc95eb0ad3d,1,release-source-document:12662f48537f5707e3872a0b,173836,CR,Congressional Record JSON,crec_json,CREC-2017-02-16-pt1-PgH1259-5.json,2017-02-16,,f40113993c21f4261147a97e566e318879217616aef27d16d2d8755388d9dfd6,,
v0.1.0,1.1.0,release-source:d4010a0f6ab4cdc95eb0ad3d,1,release-source-document:0e85057bd035f98b3d62eaeb,179752,CR,Congressional Record JSON,crec_json,CREC-2017-05-02-pt1-PgH3012-6.json,2017-05-02,,4afb0527e655c074559eae8aa547f6646b398879317be0f8ea53cf00d29f8725,,
v0.1.0,1.1.0,release-source:d4010a0f6ab4cdc95eb0ad3d,1,release-source-document:6678a4c8de8c12d6d9faa28a,184594,CR,Congressional Record JSON,crec_json,CREC-2017-06-23-pt1-PgH5137.json,2017-06-23,,ab786025c241ee0b590528fc127f818e6953ed2f3eb219a9de225d235ba013cb,,
v0.1.0,1.1.0,release-source:d4010a0f6ab4cdc95eb0ad3d,1,release-source-document:60cc00ee52cab74060e3ca19,184830,CR,Congressional Record JSON,crec_json,CREC-2017-06-27-pt1-PgH5192-3.json,2017-06-27,,3808729c2580227494572b79941c7749ccf942562026cbdf0ca57512014a6ccd,,
v0.1.0,1.1.0,release-source:d4010a0f6ab4cdc95eb0ad3d,1,release-source-document:0ccff44a6de56584b0e13008,184831,CR,Congressional Record JSON,crec_json,CREC-2017-06-27-pt1-PgH5192-4.json,2017-06-27,,4b1897c43444237b1612df741a65769ddb67e1ee06d1e1025297a8e2c0ee75e7,,
v0.1.0,1.1.0,release-source:d4010a0f6ab4cdc95eb0ad3d,1,release-source-document:a9d7e7273e3f4b6b445ec360,184832,CR,Congressional Record JSON,crec_json,CREC-2017-06-27-pt1-PgH5192-5.json,2017-06-27,,5ad1ada59933b0dbe4d9848aaed015a6441cd87cd310de59a484cd1d1319a6fa,,
v0.1.0,1.1.0,release-source:d4010a0f6ab4cdc95eb0ad3d,1,release-source-document:797f5cfe5be2996290d3c71b,184833,CR,Congressional Record JSON,crec_json,CREC-2017-06-27-pt1-PgH5192-6.json,2017-06-27,,ea557c7ecf7ce9ffb184570be3438e866576d1f66b802dbdfcbea38bf0451f92,,
v0.1.0,1.1.0,release-source:d4010a0f6ab4cdc95eb0ad3d,1,release-source-document:a758769840804f9f45e6f7ee,184834,CR,Congressional Record JSON,crec_json,CREC-2017-06-27-pt1-PgH5192-7.json,2017-06-27,,9400b6aac24f8ec47035ac13d1856aa9878c32643358d4a28043e2beb46e3306,,
v0.1.0,1.1.0,release-source:d4010a0f6ab4cdc95eb0ad3d,1,release-source-document:1ccb29dddaade326dcb9dc8f,185757,CR,Congressional Record JSON,crec_json,CREC-2017-07-12-pt1-PgH5533-2.json,2017-07-12,,cd150e0351de0b4cecbd59f7521494677ae37b63b22a08c3c2b2956d29e2afc0,,
v0.1.0,1.1.0,release-source:d4010a0f6ab4cdc95eb0ad3d,1,release-source-document:b1c70d71b36ecbbb72fe897d,185758,CR,Congressional Record JSON,crec_json,CREC-2017-07-12-pt1-PgH5533-3.json,2017-07-12,,aa29580b38b3f42a3299649b5d8e788b8034cd4260457ebb8ffcf59c4aa67c3c,,
v0.1.0,1.1.0,release-source:d4010a0f6ab4cdc95eb0ad3d,1,release-source-document:3631c179e788f2e2a42bb494,186347,CR,Congressional Record JSON,crec_json,CREC-2017-07-18-pt1-PgH5943.json,2017-07-18,,6a3ca54a84dc53183bb5ed383959214e74d5564523082f06805216b142b4c700,,
v0.1.0,1.1.0,release-source:d4010a0f6ab4cdc95eb0ad3d,1,release-source-document:82c4f2d1e1b93ab296e7fe3a,192310,CR,Congressional Record JSON,crec_json,CREC-2017-10-10-pt1-PgH7895-7.json,2017-10-10,,6a971843399485cb2861b4251b65496b753d68e45132bb2ec2ec12a12899bc24,,
v0.1.0,1.1.0,release-source:d4010a0f6ab4cdc95eb0ad3d,1,release-source-document:5981ea8fda20d56ceff30420,196978,CR,Congressional Record JSON,crec_json,CREC-2017-11-29-pt1-PgH9478-5.json,2017-11-29,,ab9d9c4d3348efa90782cba08082bf7407927a581d073a1765ed2e2ab2494a2b,,
v0.1.0,1.1.0,release-source:d4010a0f6ab4cdc95eb0ad3d,1,release-source-document:301bde91e3b840ebf9b4833d,197857,CR,Congressional Record JSON,crec_json,CREC-2017-12-05-pt1-PgH9648.json,2017-12-05,,84764e461adb063dbedf09e86f12e08c2269e0634a0aadd1661c0b2b230d8a9c,,
v0.1.0,1.1.0,release-source:d4010a0f6ab4cdc95eb0ad3d,1,release-source-document:dbc82b3229b1f2d36998c79b,198329,CR,Congressional Record JSON,crec_json,CREC-2017-12-11-pt1-PgH9760-6.json,2017-12-11,,4dcb874c88e82b0256ab90ddea0661696c7001df722a8c913c65677edae1ba15,,
v0.1.0,1.1.0,release-source:5dc8a764652351c442f5cbb9,39,release-source-document:d308e2928cab5bc5844488eb,199871,resolution,S.Res. Congress XML,congress_115,BILLS-115sres4is.xml,2017-01-03,,,,
v0.1.0,1.1.0,release-source:e797b837b4fb6d41a8e76bdf,75,release-source-document:58d4093635ecd2a5fc5adaa7,200145,YAML,Member service ranges,member_service_terminal_range_v1,member-service-2594,2017-02-08,,a70c42b7d4321bee74d9d721474200746a6c98a307180942c5a2bb314f2443be,,
v0.1.0,1.1.0,release-source:e797b837b4fb6d41a8e76bdf,75,release-source-document:71d73aa7f3d2b1f5c3fe62cb,200146,YAML,Member service ranges,member_service_terminal_range_v1,member-service-2597,2017-02-10,,c79d37467bbc135f3cbea52838bdac0642aa5c957d07cffb12f4010deb111461,,
v0.1.0,1.1.0,release-source:e797b837b4fb6d41a8e76bdf,75,release-source-document:a05cf17b6098d8a27e3816d5,200147,YAML,Member service ranges,member_service_terminal_range_v1,member-service-2612,2017-12-08,,1098cb3983f4d15d9f6dc660754d9926e54fcde34ee176875a4b5ff8a76e4f6b,,
v0.1.0,1.1.0,release-source:e797b837b4fb6d41a8e76bdf,75,release-source-document:c8b7ee7c2c7772030be2435b,200148,YAML,Member service ranges,member_service_terminal_range_v1,member-service-2615,2018-01-02,,285ce0bbb5f6da0f8b06582be57c7f27c7f0a29a1e63783469df0d7fe4746855,,
v0.1.0,1.1.0,release-source:e797b837b4fb6d41a8e76bdf,75,release-source-document:3bf0cf22671b8341b15d15b9,200149,YAML,Member service ranges,member_service_terminal_range_v1,member-service-2616,2018-01-03,,1340a722e914d5bcce5539d4feefd00e3f6b5b8ebe94fc6c51817f5fca004194,,
v0.1.0,1.1.0,release-source:e797b837b4fb6d41a8e76bdf,75,release-source-document:51c3caeb9528b4a417624a98,200150,YAML,Member service ranges,member_service_terminal_range_v1,member-service-2619,2018-01-15,,91f05cb3bee077804784af88bffc16655bc36500460a67966ee22813dadb7b42,,
v0.1.0,1.1.0,release-source:e797b837b4fb6d41a8e76bdf,75,release-source-document:fd82906fc8a8d5da0588514a,200151,YAML,Member service ranges,member_service_terminal_range_v1,member-service-2622,2018-03-16,,898879991989306d90139a88b8e3e9ed555d27acc6250f2a344c54b146173441,,
v0.1.0,1.1.0,release-source:e797b837b4fb6d41a8e76bdf,75,release-source-document:5e9620d7e3a8d5bdbf92ae38,200152,YAML,Member service ranges,member_service_terminal_range_v1,member-service-2625,2018-04-01,,6a9ff9eba77220fb5e9436e3fbe6d54c7b52df0be6a275109d9ed44edd306710,,
v0.1.0,1.1.0,release-source:e797b837b4fb6d41a8e76bdf,75,release-source-document:49310d159addb74bd8885734,200153,YAML,Member service ranges,member_service_terminal_range_v1,member-service-2628,2018-04-06,,ca2ea85ae32423ef344e1c0a8545820249b189fb23c33d93c80806b7cf882595,,
v0.1.0,1.1.0,release-source:e797b837b4fb6d41a8e76bdf,75,release-source-document:10172b3c872e61df589586a9,200154,YAML,Member service ranges,member_service_terminal_range_v1,member-service-2631,2018-04-27,,e3804850ba1b7c90434c2a72c4707851c4223dbb3a4ead582433ff4a7e8a05c1,,
v0.1.0,1.1.0,release-source:e797b837b4fb6d41a8e76bdf,75,release-source-document:dc0dfbe492eb439aa5bce355,200155,YAML,Member service ranges,member_service_terminal_range_v1,member-service-2640,2018-08-25,,1f62a5142aaf705fb0d93f8c842fa9092c742691a250a91c21dd77101077965e,,
v0.1.0,1.1.0,release-source:e797b837b4fb6d41a8e76bdf,75,release-source-document:4be69b9f119cc6e5f57b6a4e,200156,YAML,Member service ranges,member_service_terminal_range_v1,member-service-2646,2018-12-31,,c659d275e39ed78ff2aa6cf8d5566b91a1991a9145bd2a3546c8262304053215,,
v0.1.0,1.1.0,release-source:e797b837b4fb6d41a8e76bdf,75,release-source-document:66d7cfef1348aa629599e03d,200157,YAML,Member service ranges,member_service_terminal_range_v1,member-service-2397,2013-02-01,,aed59a0005d9ea3379f6ae5368a7363d00ec884657712a13863baf48af0c542d,,
v0.1.0,1.1.0,release-source:e797b837b4fb6d41a8e76bdf,75,release-source-document:b39e319cdcccee373f277f6f,200158,YAML,Member service ranges,member_service_terminal_range_v1,member-service-2398,2013-06-03,,dc0ed652f9408b8d7cc73182078f6d55c082b62b11fb238db68bb84a130437f8,,
v0.1.0,1.1.0,release-source:e797b837b4fb6d41a8e76bdf,75,release-source-document:b29615318ae13f03adbe4c8e,200159,YAML,Member service ranges,member_service_terminal_range_v1,member-service-568,2013-07-15,,da45fc68b6aa129a61679720fcab821609eafec689d480d08b6a93ad678d3aa2,,
v0.1.0,1.1.0,release-source:e797b837b4fb6d41a8e76bdf,75,release-source-document:c7409c3c91c18795ec1dbb84,200160,YAML,Member service ranges,member_service_terminal_range_v1,member-service-2402,2013-10-18,,fd0524a7948a0152cb9f7d32084f424f295d3e73bc7ad78dc88886c001de1ad6,,
v0.1.0,1.1.0,release-source:e797b837b4fb6d41a8e76bdf,75,release-source-document:b4ddecf62e843e3af260cf12,200161,YAML,Member service ranges,member_service_terminal_range_v1,member-service-2403,2013-10-31,,dab8b65670ab229e2c4b02aecdbc750605695be18071e013cfebeca499ab4a4b,,
v0.1.0,1.1.0,release-source:e797b837b4fb6d41a8e76bdf,75,release-source-document:069358eec25a1c7b731a0f9a,200162,YAML,Member service ranges,member_service_terminal_range_v1,member-service-2404,2014-01-06,,5e438028ec234c107069eb05bab18c086badf373e97d3e13be08b26aa1ca811d,,
v0.1.0,1.1.0,release-source:e797b837b4fb6d41a8e76bdf,75,release-source-document:6ab3fe924f9fed11f0360f9f,200163,YAML,Member service ranges,member_service_terminal_range_v1,member-service-2406,2014-02-06,,81bd829da3a1fd04e3a14cb9cbf8fa3aa435b9fd5539cdc2c91a60a964051b67,,
v0.1.0,1.1.0,release-source:e797b837b4fb6d41a8e76bdf,75,release-source-document:d64a11aa9058a5854123d2dc,200164,YAML,Member service ranges,member_service_terminal_range_v1,member-service-2473,2015-02-06,,4b897e64793dbd47063cc52f7566595f94bbfaf707116bf3dad8bbdbf385a91d,,
v0.1.0,1.1.0,release-source:e797b837b4fb6d41a8e76bdf,75,release-source-document:5cd8924c9e27849b351bcb50,200165,YAML,Member service ranges,member_service_terminal_range_v1,member-service-2479,2016-06-23,,8e34c9f12f90009233ed80ad2e60cf52381f95dc6746abd39fd52cd57cc97c64,,
v0.1.0,1.1.0,release-source:e797b837b4fb6d41a8e76bdf,75,release-source-document:13ef8d516b31691ae7c2994f,200166,YAML,Member service ranges,member_service_terminal_range_v1,member-service-2482,2016-07-20,,a719d19a6d87ffcb92073a569fa3b62b01db2b6dac131e01a4fd0f4acdf6ab3a,,
v0.1.0,1.1.0,release-source:503283fd0aef5828530f7f0f,77,release-source-document:82ec5cbb3063daa43f9e97b6,200216,resolution,S.Res. Congress XML,congress_116,BILLS-116sres12ats.xml,2019-01-09,,,,
v0.1.0,1.1.0,release-source:503283fd0aef5828530f7f0f,77,release-source-document:25b86ce98b0cd6c742a9a7a5,200217,resolution,S.Res. Congress XML,congress_116,BILLS-116sres13ats.xml,2019-01-09,,,,
v0.1.0,1.1.0,release-source:503283fd0aef5828530f7f0f,77,release-source-document:47c2044ccf9ea0c2d06ecda2,200218,resolution,S.Res. Congress XML,congress_116,BILLS-116sres21ats.xml,2019-01-17,,,,
v0.1.0,1.1.0,release-source:503283fd0aef5828530f7f0f,77,release-source-document:bff3e19a45d6193470b24da2,200219,resolution,S.Res. Congress XML,congress_116,BILLS-116sres464ats.xml,2020-01-06,,,,
v0.1.0,1.1.0,release-source:71a1c2fb08ff3a19a738dc4d,80,release-source-document:6cebe88ac8836f059dbcce1d,210565,resolution,H.Res. Congress XML,congress_117,BILLS-117hres10eh.xml,2021-01-04,,,,
v0.1.0,1.1.0,release-source:71a1c2fb08ff3a19a738dc4d,80,release-source-document:2503e5467660c31139766ecb,210566,resolution,H.Res. Congress XML,congress_117,BILLS-117hres1103eh.xml,2022-05-11,,,,
v0.1.0,1.1.0,release-source:71a1c2fb08ff3a19a738dc4d,80,release-source-document:7f293256f77e34356b3a4f8c,210567,resolution,H.Res. Congress XML,congress_117,BILLS-117hres1104eh.xml,2022-05-11,,,,
v0.1.0,1.1.0,release-source:71a1c2fb08ff3a19a738dc4d,80,release-source-document:a054ff48beaea4dfae2c536f,210568,resolution,H.Res. Congress XML,congress_117,BILLS-117hres111eh.xml,2021-02-11,,,,
v0.1.0,1.1.0,release-source:71a1c2fb08ff3a19a738dc4d,80,release-source-document:aabc9627ca2babf3388ca557,210570,resolution,H.Res. Congress XML,congress_117,BILLS-117hres1159eh.xml,2022-06-08,,,,
v0.1.0,1.1.0,release-source:71a1c2fb08ff3a19a738dc4d,80,release-source-document:d5acd93ef38ea4add4ab0c8a,210571,resolution,H.Res. Congress XML,congress_117,BILLS-117hres1173eh.xml,2022-06-14,,,,
v0.1.0,1.1.0,release-source:71a1c2fb08ff3a19a738dc4d,80,release-source-document:0fad400e48e68dc6a6ce2044,210572,resolution,H.Res. Congress XML,congress_117,BILLS-117hres1197eh.xml,2022-06-22,,,,
v0.1.0,1.1.0,release-source:71a1c2fb08ff3a19a738dc4d,80,release-source-document:e31d03652ce1132ee0e02ad5,210573,resolution,H.Res. Congress XML,congress_117,BILLS-117hres1225eh.xml,2022-07-13,,,,
v0.1.0,1.1.0,release-source:71a1c2fb08ff3a19a738dc4d,80,release-source-document:fa0ec3a6032c2a6323138c96,210574,resolution,H.Res. Congress XML,congress_117,BILLS-117hres122eh.xml,2021-02-15,,,,
v0.1.0,1.1.0,release-source:71a1c2fb08ff3a19a738dc4d,80,release-source-document:97662cb7ee0e4f8c8d52e2a7,210576,resolution,H.Res. Congress XML,congress_117,BILLS-117hres1340eh.xml,2022-09-13,,,,
v0.1.0,1.1.0,release-source:71a1c2fb08ff3a19a738dc4d,80,release-source-document:645c385b0e82d6dc4c1b56ed,210577,resolution,H.Res. Congress XML,congress_117,BILLS-117hres1347eh.xml,2022-09-14,,,,
v0.1.0,1.1.0,release-source:71a1c2fb08ff3a19a738dc4d,80,release-source-document:d6e772038d12117cd52d1c6a,210578,resolution,H.Res. Congress XML,congress_117,BILLS-117hres1403eh.xml,2022-09-29,,,,
v0.1.0,1.1.0,release-source:71a1c2fb08ff3a19a738dc4d,80,release-source-document:5acd1bece08648e9dbfae891,210579,resolution,H.Res. Congress XML,congress_117,BILLS-117hres146eh.xml,2021-02-23,,,,
v0.1.0,1.1.0,release-source:71a1c2fb08ff3a19a738dc4d,80,release-source-document:7698c86efb63c6c4554a95ba,210580,resolution,H.Res. Congress XML,congress_117,BILLS-117hres1471eh.xml,2022-11-15,,,,
v0.1.0,1.1.0,release-source:71a1c2fb08ff3a19a738dc4d,80,release-source-document:5a8dfa888ed8c29cf872675f,210583,resolution,H.Res. Congress XML,congress_117,BILLS-117hres154eh.xml,2021-02-24,,,,
v0.1.0,1.1.0,release-source:71a1c2fb08ff3a19a738dc4d,80,release-source-document:80026e4dfb3cebb39a207000,210584,resolution,H.Res. Congress XML,congress_117,BILLS-117hres22eh.xml,2021-01-11,,,,
v0.1.0,1.1.0,release-source:71a1c2fb08ff3a19a738dc4d,80,release-source-document:30777b51e1287ceade287303,210585,resolution,H.Res. Congress XML,congress_117,BILLS-117hres23eh.xml,2021-01-11,,,,
v0.1.0,1.1.0,release-source:71a1c2fb08ff3a19a738dc4d,80,release-source-document:2014e7223be08f3eaead4915,210586,resolution,H.Res. Congress XML,congress_117,BILLS-117hres244eh.xml,2021-03-17,,,,
v0.1.0,1.1.0,release-source:71a1c2fb08ff3a19a738dc4d,80,release-source-document:f198f4a51ac6078dff2acca9,210588,resolution,H.Res. Congress XML,congress_117,BILLS-117hres310eh.xml,2021-04-14,,,,
v0.1.0,1.1.0,release-source:71a1c2fb08ff3a19a738dc4d,80,release-source-document:330b3ae67367898825b4b929,210589,resolution,H.Res. Congress XML,congress_117,BILLS-117hres311eh.xml,2021-04-14,,,,
v0.1.0,1.1.0,release-source:71a1c2fb08ff3a19a738dc4d,80,release-source-document:6ff977288b37b5ec0b5505ac,210592,resolution,H.Res. Congress XML,congress_117,BILLS-117hres35eh.xml,2021-01-12,,,,
v0.1.0,1.1.0,release-source:71a1c2fb08ff3a19a738dc4d,80,release-source-document:f46f0dfc4c31162636b564f9,210593,resolution,H.Res. Congress XML,congress_117,BILLS-117hres36eh.xml,2021-01-12,,,,
v0.1.0,1.1.0,release-source:71a1c2fb08ff3a19a738dc4d,80,release-source-document:c5498e8a9017f70299f7fe0d,210594,resolution,H.Res. Congress XML,congress_117,BILLS-117hres384eh.xml,2021-05-12,,,,
v0.1.0,1.1.0,release-source:71a1c2fb08ff3a19a738dc4d,80,release-source-document:d0b692470c5c94003d4b6ba1,210596,resolution,H.Res. Congress XML,congress_117,BILLS-117hres475eh.xml,2021-06-15,,,,
v0.1.0,1.1.0,release-source:71a1c2fb08ff3a19a738dc4d,80,release-source-document:4344b57be2540181f1e398f7,210598,resolution,H.Res. Congress XML,congress_117,BILLS-117hres511eh.xml,2021-06-30,,,,
v0.1.0,1.1.0,release-source:71a1c2fb08ff3a19a738dc4d,80,release-source-document:336f66371d9a0fce759d840a,210599,resolution,H.Res. Congress XML,congress_117,BILLS-117hres602eh.xml,2021-08-24,,,,
v0.1.0,1.1.0,release-source:71a1c2fb08ff3a19a738dc4d,80,release-source-document:fecdd72866322d1a598cbb6e,210600,resolution,H.Res. Congress XML,congress_117,BILLS-117hres62eh.xml,2021-01-28,,,,
v0.1.0,1.1.0,release-source:71a1c2fb08ff3a19a738dc4d,80,release-source-document:0f462878dc8d92c4ebdbdb97,210601,resolution,H.Res. Congress XML,congress_117,BILLS-117hres63eh.xml,2021-01-28,,,,
v0.1.0,1.1.0,release-source:71a1c2fb08ff3a19a738dc4d,80,release-source-document:18e79069f8514880cbf32a79,210602,resolution,H.Res. Congress XML,congress_117,BILLS-117hres658eh.xml,2021-09-20,,,,
v0.1.0,1.1.0,release-source:71a1c2fb08ff3a19a738dc4d,80,release-source-document:50e9c1df9d82b44fcbb84da9,210603,resolution,H.Res. Congress XML,congress_117,BILLS-117hres72eh.xml,2021-02-04,,,,
v0.1.0,1.1.0,release-source:71a1c2fb08ff3a19a738dc4d,80,release-source-document:f09be61e1b1aa64104e7c11f,210605,resolution,H.Res. Congress XML,congress_117,BILLS-117hres825eh.xml,2021-12-01,,,,
v0.1.0,1.1.0,release-source:71a1c2fb08ff3a19a738dc4d,80,release-source-document:9d507ee2b556cb3b0a160de1,210606,resolution,H.Res. Congress XML,congress_117,BILLS-117hres826eh.xml,2021-12-01,,,,
v0.1.0,1.1.0,release-source:71a1c2fb08ff3a19a738dc4d,80,release-source-document:c2bcee55925d790dd4824758,210607,resolution,H.Res. Congress XML,congress_117,BILLS-117hres875eh.xml,2022-01-19,,,,
v0.1.0,1.1.0,release-source:71a1c2fb08ff3a19a738dc4d,80,release-source-document:44ed52530fb2c88e4b166c2a,210609,resolution,H.Res. Congress XML,congress_117,BILLS-117hres902eh.xml,2022-02-02,,,,
v0.1.0,1.1.0,release-source:71a1c2fb08ff3a19a738dc4d,80,release-source-document:d2e84414830047bc77c1f0f3,210610,resolution,H.Res. Congress XML,congress_117,BILLS-117hres92eh.xml,2021-02-03,,,,
v0.1.0,1.1.0,release-source:71a1c2fb08ff3a19a738dc4d,80,release-source-document:396f3a6e19a18dc0116bbfa0,210611,resolution,H.Res. Congress XML,congress_117,BILLS-117hres955eh.xml,2022-03-01,,,,
v0.1.0,1.1.0,release-source:71a1c2fb08ff3a19a738dc4d,80,release-source-document:be8438aded63cd6df8839f60,210612,resolution,H.Res. Congress XML,congress_117,BILLS-117hres95eh.xml,2021-02-04,,,,
v0.1.0,1.1.0,release-source:71a1c2fb08ff3a19a738dc4d,80,release-source-document:e8dbf914f3585f7b5487c881,210613,resolution,H.Res. Congress XML,congress_117,BILLS-117hres9eh.xml,2021-01-04,,,,
v0.1.0,1.1.0,release-source:32719a686c96343294bda97e,81,release-source-document:c7566659caa169296114e154,210614,resolution,S.Res. Congress XML,congress_117,BILLS-117sres28ats.xml,2021-02-03,,,,
v0.1.0,1.1.0,release-source:32719a686c96343294bda97e,81,release-source-document:03c5d773ff69c62bd48e9101,210615,resolution,S.Res. Congress XML,congress_117,BILLS-117sres32ats.xml,2021-02-03,,,,
v0.1.0,1.1.0,release-source:9dd672d7a50473d4ab476a4e,82,release-source-document:64f355714be08576569e75c1,210632,resolution,H.Res. Congress XML,congress_118,BILLS-118hres102eh.xml,2023-02-08,,,,
v0.1.0,1.1.0,release-source:9dd672d7a50473d4ab476a4e,82,release-source-document:2541fbbf9bdb20a9f93b6f58,210633,resolution,H.Res. Congress XML,congress_118,BILLS-118hres1034eh.xml,2024-02-29,,,,
v0.1.0,1.1.0,release-source:9dd672d7a50473d4ab476a4e,82,release-source-document:0ad8f8b63c41588349349cb8,210634,resolution,H.Res. Congress XML,congress_118,BILLS-118hres103eh.xml,2023-02-08,,,,
v0.1.0,1.1.0,release-source:9dd672d7a50473d4ab476a4e,82,release-source-document:1047622a09729c441f85c744,210637,resolution,H.Res. Congress XML,congress_118,BILLS-118hres1133eh.xml,2024-04-11,,,,
v0.1.0,1.1.0,release-source:9dd672d7a50473d4ab476a4e,82,release-source-document:91fcf33685706fc463fade2e,210639,resolution,H.Res. Congress XML,congress_118,BILLS-118hres1204eh.xml,2024-05-07,,,,
v0.1.0,1.1.0,release-source:9dd672d7a50473d4ab476a4e,82,release-source-document:d89f9423b1ef4fcc6ea29874,210640,resolution,H.Res. Congress XML,congress_118,BILLS-118hres1275eh.xml,2024-06-04,,,,
v0.1.0,1.1.0,release-source:9dd672d7a50473d4ab476a4e,82,release-source-document:6d05c7da99472250ef88e568,210641,resolution,H.Res. Congress XML,congress_118,BILLS-118hres1276eh.xml,2024-06-04,,,,
v0.1.0,1.1.0,release-source:9dd672d7a50473d4ab476a4e,82,release-source-document:ff96d8506f9c8a3308e61eed,210642,resolution,H.Res. Congress XML,congress_118,BILLS-118hres1291eh.xml,2024-06-12,,,,
v0.1.0,1.1.0,release-source:9dd672d7a50473d4ab476a4e,82,release-source-document:915d3cb61563625b4656990d,210644,resolution,H.Res. Congress XML,congress_118,BILLS-118hres1322eh.xml,2024-06-26,,,,
v0.1.0,1.1.0,release-source:9dd672d7a50473d4ab476a4e,82,release-source-document:e249612d0cc7053ccb45cd9d,210645,resolution,H.Res. Congress XML,congress_118,BILLS-118hres1342eh.xml,2024-07-09,,,,
v0.1.0,1.1.0,release-source:9dd672d7a50473d4ab476a4e,82,release-source-document:ddfba5cf1e4c6a8dc180f841,210647,resolution,H.Res. Congress XML,congress_118,BILLS-118hres1431eh.xml,2024-09-10,,,,
v0.1.0,1.1.0,release-source:9dd672d7a50473d4ab476a4e,82,release-source-document:f63979d49051558cf18d2164,210648,resolution,H.Res. Congress XML,congress_118,BILLS-118hres1492eh.xml,2024-09-24,,,,
v0.1.0,1.1.0,release-source:9dd672d7a50473d4ab476a4e,82,release-source-document:4b9510a8197f69fb81f9fec2,210649,resolution,H.Res. Congress XML,congress_118,BILLS-118hres14eh.xml,2023-01-10,,,,
v0.1.0,1.1.0,release-source:9dd672d7a50473d4ab476a4e,82,release-source-document:c0d310f4b623e31b32a5650d,210650,resolution,H.Res. Congress XML,congress_118,BILLS-118hres1585eh.xml,2024-11-20,,,,
v0.1.0,1.1.0,release-source:9dd672d7a50473d4ab476a4e,82,release-source-document:597fc1bc3caa160dc241505d,210651,resolution,H.Res. Congress XML,congress_118,BILLS-118hres15eh.xml,2023-01-10,,,,
v0.1.0,1.1.0,release-source:9dd672d7a50473d4ab476a4e,82,release-source-document:269bd6450fe5ac839c0e7769,210652,resolution,H.Res. Congress XML,congress_118,BILLS-118hres164eh.xml,2023-02-27,,,,
v0.1.0,1.1.0,release-source:9dd672d7a50473d4ab476a4e,82,release-source-document:78ccba237fde32c0d147dee9,210653,resolution,H.Res. Congress XML,congress_118,BILLS-118hres179eh.xml,2023-02-28,,,,
v0.1.0,1.1.0,release-source:9dd672d7a50473d4ab476a4e,82,release-source-document:6a941a88de0f74091fc7d615,210656,resolution,H.Res. Congress XML,congress_118,BILLS-118hres205eh.xml,2023-03-08,,,,
v0.1.0,1.1.0,release-source:9dd672d7a50473d4ab476a4e,82,release-source-document:bf3a6a9ccbeb597ec43fc9e4,210658,resolution,H.Res. Congress XML,congress_118,BILLS-118hres502eh.xml,2023-06-13,,,,
v0.1.0,1.1.0,release-source:9dd672d7a50473d4ab476a4e,82,release-source-document:82f1a957b059977793552081,210659,resolution,H.Res. Congress XML,congress_118,BILLS-118hres56eh.xml,2023-01-25,,,,
v0.1.0,1.1.0,release-source:9dd672d7a50473d4ab476a4e,82,release-source-document:d8e465e719bb33882f310374,210660,resolution,H.Res. Congress XML,congress_118,BILLS-118hres57eh.xml,2023-01-25,,,,
v0.1.0,1.1.0,release-source:9dd672d7a50473d4ab476a4e,82,release-source-document:8b43d9a53802b2049ae3b15c,210662,resolution,H.Res. Congress XML,congress_118,BILLS-118hres60eh.xml,2023-01-26,,,,
v0.1.0,1.1.0,release-source:9dd672d7a50473d4ab476a4e,82,release-source-document:afe1a4a934c628f940d1e0ab,210664,resolution,H.Res. Congress XML,congress_118,BILLS-118hres704eh.xml,2023-09-20,,,,
v0.1.0,1.1.0,release-source:9dd672d7a50473d4ab476a4e,82,release-source-document:b1193f0f82d5d3bf494c8b53,210665,resolution,H.Res. Congress XML,congress_118,BILLS-118hres70eh.xml,2023-01-30,,,,
v0.1.0,1.1.0,release-source:9dd672d7a50473d4ab476a4e,82,release-source-document:06eda0fb69130d9b572893b9,210666,resolution,H.Res. Congress XML,congress_118,BILLS-118hres71eh.xml,2023-01-30,,,,
v0.1.0,1.1.0,release-source:9dd672d7a50473d4ab476a4e,82,release-source-document:484c721d2dd8f9b3457dcfb1,210668,resolution,H.Res. Congress XML,congress_118,BILLS-118hres76eh.xml,2023-02-02,,,,
v0.1.0,1.1.0,release-source:9dd672d7a50473d4ab476a4e,82,release-source-document:c2fcd84d8dac81373c2bebda,210669,resolution,H.Res. Congress XML,congress_118,BILLS-118hres79eh.xml,2023-01-31,,,,
v0.1.0,1.1.0,release-source:9dd672d7a50473d4ab476a4e,82,release-source-document:5f90d8ec8cf7bd94282307ef,210670,resolution,H.Res. Congress XML,congress_118,BILLS-118hres80eh.xml,2023-01-31,,,,
v0.1.0,1.1.0,release-source:9dd672d7a50473d4ab476a4e,82,release-source-document:c6f07e3396e6178903ca50fa,210671,resolution,H.Res. Congress XML,congress_118,BILLS-118hres84eh.xml,2023-02-01,,,,
v0.1.0,1.1.0,release-source:9dd672d7a50473d4ab476a4e,82,release-source-document:f0411f68bc4a1dab32402c55,210672,resolution,H.Res. Congress XML,congress_118,BILLS-118hres871eh.xml,2023-11-15,,,,
v0.1.0,1.1.0,release-source:9dd672d7a50473d4ab476a4e,82,release-source-document:31cfd23ffa8e8c2094a65fe3,210673,resolution,H.Res. Congress XML,congress_118,BILLS-118hres87eh.xml,2023-02-01,,,,
v0.1.0,1.1.0,release-source:9dd672d7a50473d4ab476a4e,82,release-source-document:ee8e2f6ea4a71c6aaba7daf1,210674,resolution,H.Res. Congress XML,congress_118,BILLS-118hres908eh.xml,2023-12-05,,,,
v0.1.0,1.1.0,release-source:9dd672d7a50473d4ab476a4e,82,release-source-document:587a12453c2e796fd712cb1b,210675,resolution,H.Res. Congress XML,congress_118,BILLS-118hres913eh.xml,2023-12-06,,,,
v0.1.0,1.1.0,release-source:9dd672d7a50473d4ab476a4e,82,release-source-document:64ad0981329ae311242e1b68,210676,resolution,H.Res. Congress XML,congress_118,BILLS-118hres931eh.xml,2023-12-13,,,,
v0.1.0,1.1.0,release-source:9dd672d7a50473d4ab476a4e,82,release-source-document:79e11ad88d541dc05e09d9af,210677,resolution,H.Res. Congress XML,congress_118,BILLS-118hres954eh.xml,2024-01-10,,,,
v0.1.0,1.1.0,release-source:9dd672d7a50473d4ab476a4e,82,release-source-document:4d370b53db462279debd8ec0,210678,resolution,H.Res. Congress XML,congress_118,BILLS-118hres999eh.xml,2024-02-06,,,,
v0.1.0,1.1.0,release-source:a2e3eb25412e3e3f616acdcf,83,release-source-document:c88bd3143cf0a4edbdad9c44,210679,resolution,S.Res. Congress XML,congress_118,BILLS-118sres30ats.xml,2023-02-02,,,,
v0.1.0,1.1.0,release-source:a2e3eb25412e3e3f616acdcf,83,release-source-document:57817e23398bc9016d623c4e,210680,resolution,S.Res. Congress XML,congress_118,BILLS-118sres31ats.xml,2023-02-02,,,,
v0.1.0,1.1.0,release-source:a2e3eb25412e3e3f616acdcf,83,release-source-document:c7c0ebde9fb566c432b1e333,210681,resolution,S.Res. Congress XML,congress_118,BILLS-118sres370ats.xml,2023-09-27,,,,
v0.1.0,1.1.0,release-source:a2e3eb25412e3e3f616acdcf,83,release-source-document:3c7395946118254a6b57d5f4,210682,resolution,S.Res. Congress XML,congress_118,BILLS-118sres411ats.xml,2023-10-17,,,,
v0.1.0,1.1.0,release-source:a2e3eb25412e3e3f616acdcf,83,release-source-document:ae58499ef0fdcf19fc7ad820,210683,resolution,S.Res. Congress XML,congress_118,BILLS-118sres807ats.xml,2024-09-10,,,,
v0.1.0,1.1.0,release-source:a2e3eb25412e3e3f616acdcf,83,release-source-document:51a78d98dd80695e9963470d,210684,resolution,S.Res. Congress XML,congress_118,BILLS-118sres926ats.xml,2024-12-10,,,,
v0.1.0,1.1.0,release-source:d4010a0f6ab4cdc95eb0ad3d,1,release-source-document:439e14af3712375cf3a33b2b,211521,CR,Congressional Record JSON,crec_json,CREC-2020-01-15-pt1-PgH258-5.json,2020-01-15,,e0548a4b574fd6ab398b6c10c2d846855b75224194ec8d02a6de24069e71bedd,,
v0.1.0,1.1.0,release-source:d4010a0f6ab4cdc95eb0ad3d,1,release-source-document:9e152e0f97a7be7e396147ac,211522,CR,Congressional Record JSON,crec_json,CREC-2020-01-15-pt1-PgH258-6.json,2020-01-15,,95f285700ba7edea54126f833fda136e237befecd586d1a9d2ffd68ee97476c6,,
v0.1.0,1.1.0,release-source:d4010a0f6ab4cdc95eb0ad3d,1,release-source-document:c48c68c5fbf19d526cfcbfe0,211646,CR,Congressional Record JSON,crec_json,CREC-2020-01-16-pt1-PgH318-4.json,2020-01-16,,f355318cfc2ea474ccb10897e36deb24ded7f1ba21f95ea65f8906484c416fd9,,
v0.1.0,1.1.0,release-source:d4010a0f6ab4cdc95eb0ad3d,1,release-source-document:5ccc4b4e6789321cb1504b46,214981,CR,Congressional Record JSON,crec_json,CREC-2020-03-31-pt1-PgH1870-3.json,2020-03-31,,67249e3af3a729a36e4544e34c061861ca06b39fc52be0a61270202d92eb62ea,,
v0.1.0,1.1.0,release-source:d4010a0f6ab4cdc95eb0ad3d,1,release-source-document:3860522fe6b1f32e257954ab,215369,CR,Congressional Record JSON,crec_json,CREC-2020-04-22-pt1-PgH1903-7.json,2020-04-22,,5b23c9e1c79be1b2c56f22002243101f6c5f8ad9d940576d9f035b92b6f6e1d8,,
v0.1.0,1.1.0,release-source:d4010a0f6ab4cdc95eb0ad3d,1,release-source-document:4b14f496db882f171848d3eb,215761,CR,Congressional Record JSON,crec_json,CREC-2020-05-08-pt1-PgH1981-8.json,2020-05-08,,afbfba9b725eae3ba94b2a1bf3962cebb5adce2a03d2c79fa54504c6838165fb,,
v0.1.0,1.1.0,release-source:d4010a0f6ab4cdc95eb0ad3d,1,release-source-document:0008dc02b3cc0301848004dc,215769,CR,Congressional Record JSON,crec_json,CREC-2020-05-08-pt1-PgH1982.json,2020-05-08,,78560226da417a7ea404167e3b9d1872664a3dc254e72b7fb0358594c884d065,,
v0.1.0,1.1.0,release-source:d4010a0f6ab4cdc95eb0ad3d,1,release-source-document:bcbe7e59c10b8bc1d36ea74b,216225,CR,Congressional Record JSON,crec_json,CREC-2020-05-22-pt1-PgH2274-5.json,2020-05-22,,e8b843d081cc8044a963ced7b7463c22d821c74373cf2aae9b5a7fd2818a0fda,,
v0.1.0,1.1.0,release-source:d4010a0f6ab4cdc95eb0ad3d,1,release-source-document:2fdafd02fd2acc7e2cc709a0,217589,CR,Congressional Record JSON,crec_json,CREC-2020-07-01-pt1-PgH3039-2.json,2020-07-01,,accd53f5abdba11606e1eab6228904811f333d0c372bc16d15ff33daf4a52cc2,,
v0.1.0,1.1.0,release-source:d4010a0f6ab4cdc95eb0ad3d,1,release-source-document:668e9f6ed3ad14bcfb13eb26,218037,CR,Congressional Record JSON,crec_json,CREC-2020-07-20-pt1-PgH3098-6.json,2020-07-20,,944783d7388d7a20dd21bf2d7889fc2b4486c1d1356c0dc654d312af693fdc15,,
v0.1.0,1.1.0,release-source:d4010a0f6ab4cdc95eb0ad3d,1,release-source-document:b2721ccf0af91bd53779c230,218070,CR,Congressional Record JSON,crec_json,CREC-2020-07-20-pt1-PgH3584.json,2020-07-20,,0ec9888d7fc2ddc0b1fcfac669de14174cf9340c1d756a0dc07f58964264770c,,
v0.1.0,1.1.0,release-source:d4010a0f6ab4cdc95eb0ad3d,1,release-source-document:7874a07081ea2f1025daf389,218158,CR,Congressional Record JSON,crec_json,CREC-2020-07-21-pt1-PgH3608-2.json,2020-07-21,,30972aa85dace0fd16ac489b671035fd6d1e8e29b60af7fe1a900b21b65c536b,,
v0.1.0,1.1.0,release-source:d4010a0f6ab4cdc95eb0ad3d,1,release-source-document:d83b09779352674021781098,220315,CR,Congressional Record JSON,crec_json,CREC-2020-09-22-pt1-PgH4666.json,2020-09-22,,72a65f77e061814342a8faf1e22320ebbfc4e30db68afac5b1a1264bce98af7c,,
v0.1.0,1.1.0,release-source:d4010a0f6ab4cdc95eb0ad3d,1,release-source-document:c1f0feb030210812d32ef9ae,221080,CR,Congressional Record JSON,crec_json,CREC-2020-10-02-pt1-PgH5660-5.json,2020-10-02,,8b6352ff478e24a814e211bb042a41854f3d67acc48461f9a4f07eabf506a078,,
v0.1.0,1.1.0,release-source:d4010a0f6ab4cdc95eb0ad3d,1,release-source-document:d6e373bfa215085ea910ac45,222588,CR,Congressional Record JSON,crec_json,CREC-2020-12-04-pt1-PgH6848.json,2020-12-04,,311137f66ca6186fa3e30ca4f25937290b54fbef3f560c38926dadb3457a5ed7,,
v0.1.0,1.1.0,release-source:d4010a0f6ab4cdc95eb0ad3d,1,release-source-document:8557c14e9fb64a3dd1e1cf28,234300,CR,Congressional Record JSON,crec_json,CREC-2021-01-28-pt1-PgH235-5.json,2021-01-28,,b8ac5d77103b01d55a9f9acb34322f2191414ff6fa7e5e2cec25d0c4102323fd,,
v0.1.0,1.1.0,release-source:d4010a0f6ab4cdc95eb0ad3d,1,release-source-document:246c22aef697546464fd6c83,235666,CR,Congressional Record JSON,crec_json,CREC-2021-02-08-pt1-PgH473-6.json,2021-02-08,,87bfae5c2fad1ec91c71114f4bc076f8c3586a9d31c8663583e9cda812397f71,,
v0.1.0,1.1.0,release-source:d4010a0f6ab4cdc95eb0ad3d,1,release-source-document:9ced6536b8f94fd49b4e9a9c,236227,CR,Congressional Record JSON,crec_json,CREC-2023-02-02-pt1-PgH659-6.json,2023-02-02,,db4be535c637aa8ef0e1c64c828968a7644d56d894a8e03a416347e1992ace33,,
v0.1.0,1.1.0,release-source:d4010a0f6ab4cdc95eb0ad3d,1,release-source-document:073c8c4b72d5a9bda49d5226,236858,CR,Congressional Record JSON,crec_json,CREC-2023-02-08-pt1-PgH762-2.json,2023-02-08,,da6d0750a35f31b5d388b367504e440bc9145fcdc3b034c0d63258ef432fbe17,,
v0.1.0,1.1.0,release-source:d4010a0f6ab4cdc95eb0ad3d,1,release-source-document:f214934b4c98ea2da732a974,237045,CR,Congressional Record JSON,crec_json,CREC-2021-02-24-pt1-PgH614-2.json,2021-02-24,,ae553dd6b7c89ed05b5834a82ca705b9cf93060f445491a5dc67a7f5dd605dcb,,
v0.1.0,1.1.0,release-source:d4010a0f6ab4cdc95eb0ad3d,1,release-source-document:c871c4ab0062d2157e73cc8f,238126,CR,Congressional Record JSON,crec_json,CREC-2023-02-27-pt1-PgH898-2.json,2023-02-27,,c0f641231c04ec6c8792edc726424870a72076bd1ba65c638529e92302147b1d,,
v0.1.0,1.1.0,release-source:d4010a0f6ab4cdc95eb0ad3d,1,release-source-document:c95d851fc7b1946404f050a0,238127,CR,Congressional Record JSON,crec_json,CREC-2023-02-27-pt1-PgH898-3.json,2023-02-27,,d1bd503926a46e4241238d6c8f088f7fcdca8ffd3a5ea3e52104aefd0d08aaf8,,
v0.1.0,1.1.0,release-source:d4010a0f6ab4cdc95eb0ad3d,1,release-source-document:7717cd4e6bafb8beddec7bf8,238128,CR,Congressional Record JSON,crec_json,CREC-2023-02-27-pt1-PgH898-4.json,2023-02-27,,eda35691a04a5afb061ee54d299f7cc6bb926327b064a1392527cc5ceee4c040,,
v0.1.0,1.1.0,release-source:d4010a0f6ab4cdc95eb0ad3d,1,release-source-document:702b66fdcb95065f653cc4bb,238129,CR,Congressional Record JSON,crec_json,CREC-2023-02-27-pt1-PgH898-5.json,2023-02-27,,d38a955debe74ea2c4f9349069674c12ed3de5811cf5829c1ec401e622a8c8a5,,
v0.1.0,1.1.0,release-source:d4010a0f6ab4cdc95eb0ad3d,1,release-source-document:2fdd8fa034f128458280b5e2,238132,CR,Congressional Record JSON,crec_json,CREC-2023-02-27-pt1-PgH898.json,2023-02-27,,1004cfaa592b440c99f6d47b6caf47929c9371a2719599862058caf0a728dfa8,,
v0.1.0,1.1.0,release-source:d4010a0f6ab4cdc95eb0ad3d,1,release-source-document:5958ecd4297bbbfe69882a62,241859,CR,Congressional Record JSON,crec_json,CREC-2021-04-08-pt1-PgH1716-6.json,2021-04-08,,0a277e29f363f103ac26cc15b04b92168990897800e7336d0bbf8b3dd42a2347,,
v0.1.0,1.1.0,release-source:d4010a0f6ab4cdc95eb0ad3d,1,release-source-document:3e1f6fd306ae387048499486,242411,CR,Congressional Record JSON,crec_json,CREC-2021-04-14-pt1-PgH1788.json,2021-04-14,,44b5967e92126fb2f4905eab2fb92fe81d1deeab0cd362bbdb83913515a17d6a,,
v0.1.0,1.1.0,release-source:d4010a0f6ab4cdc95eb0ad3d,1,release-source-document:cc93ffe43d7e4c8cb17a1c8d,245127,CR,Congressional Record JSON,crec_json,CREC-2021-05-11-pt1-PgH2159-6.json,2021-05-11,,6b04f228f912d6b2e61a6d3377aecd321c1eaf56e805258c9a37ff9d3863005c,,
v0.1.0,1.1.0,release-source:d4010a0f6ab4cdc95eb0ad3d,1,release-source-document:cf963e9fc0c65baa0609597a,245969,CR,Congressional Record JSON,crec_json,CREC-2021-05-14-pt1-PgH2321-2.json,2021-05-14,,9b9258b769d2024c273bf9fbe7bf0472889f9d5c24ccd8fa9d18749581f72ca9,,
v0.1.0,1.1.0,release-source:d4010a0f6ab4cdc95eb0ad3d,1,release-source-document:30dab984c7b4710480c9e3bb,248910,CR,Congressional Record JSON,crec_json,CREC-2021-06-15-pt1-PgH2801.json,2021-06-15,,d607a3b24ce2d1306cf3eec0a7ce6db6b242f5e77ed0ed8c64d2b18a0d1896cd,,
v0.1.0,1.1.0,release-source:d4010a0f6ab4cdc95eb0ad3d,1,release-source-document:097c299a65e495e57ac13c0d,252306,CR,Congressional Record JSON,crec_json,CREC-2023-06-22-pt1-PgH3098-4.json,2023-06-22,,88258abba19c33ff83ffe9f55009dde9d816028f8508db51a4b23eb38bb284d6,,
v0.1.0,1.1.0,release-source:d4010a0f6ab4cdc95eb0ad3d,1,release-source-document:a344ebc7f73be75bf797b6e8,258733,CR,Congressional Record JSON,crec_json,CREC-2023-09-18-pt1-PgH4356-6.json,2023-09-18,,3d1b9349ba592d87c761bc093dac44ccdf8de84c05c41feb5feabea81a8d4afa,,
v0.1.0,1.1.0,release-source:d4010a0f6ab4cdc95eb0ad3d,1,release-source-document:be37066441973daae0a99245,259532,CR,Congressional Record JSON,crec_json,CREC-2021-10-20-pt1-PgH5704-4.json,2021-10-20,,1ec7107b336e20c5de38adc01c31f11614a559f1f40af87443817acb794fcb3b,,
v0.1.0,1.1.0,release-source:d4010a0f6ab4cdc95eb0ad3d,1,release-source-document:fe1fda897d1ceb1c9ae799cf,260872,CR,Congressional Record JSON,crec_json,CREC-2021-11-01-pt1-PgH6052.json,2021-11-01,,1739aac46f69f2ff0d95d979937c72719e9eb907266c754375cdfeb323318f9a,,
v0.1.0,1.1.0,release-source:d4010a0f6ab4cdc95eb0ad3d,1,release-source-document:78eefa122a921d7af89dd90c,262105,CR,Congressional Record JSON,crec_json,CREC-2023-10-25-pt1-PgH5048.json,2023-10-25,,d5e6338636c82470ec990bfdab2823380df9fd02136e24293a9aa079b3c3bbe0,,
v0.1.0,1.1.0,release-source:d4010a0f6ab4cdc95eb0ad3d,1,release-source-document:cf53b9eac58e09ce56258143,263631,CR,Congressional Record JSON,crec_json,CREC-2021-12-01-pt1-PgH6726-6.json,2021-12-01,,9e904497728b87723b77c0f9425d5d7241eea36bd1e2b90969064605125f27cb,,
v0.1.0,1.1.0,release-source:d4010a0f6ab4cdc95eb0ad3d,1,release-source-document:d23805dba4d1e1dac24b8cfa,263635,CR,Congressional Record JSON,crec_json,CREC-2021-12-01-pt1-PgH6726-7.json,2021-12-01,,cd109d19bcc90a367aec6e68c9cc902c9318dc030d93763b640fcf846c1ef9da,,
v0.1.0,1.1.0,release-source:d4010a0f6ab4cdc95eb0ad3d,1,release-source-document:34d158d2195c98226b837924,263701,CR,Congressional Record JSON,crec_json,CREC-2021-12-01-pt1-PgH6837.json,2021-12-01,,ce6ce9ed6900d103f14a717da4bd21187e5bd4681af5a5f3459edd726e688f54,,
v0.1.0,1.1.0,release-source:d4010a0f6ab4cdc95eb0ad3d,1,release-source-document:8bf3eec7327ae472cf3ae6dc,266366,CR,Congressional Record JSON,crec_json,CREC-2023-12-06-pt1-PgH6197-2.json,2023-12-06,,8ec3b2bec82f9054697157ef735c1f29255a297c1ed57f52f46de584d2bec2d5,,
v0.1.0,1.1.0,release-source:d4010a0f6ab4cdc95eb0ad3d,1,release-source-document:80ab0948db1517316feedcfa,266367,CR,Congressional Record JSON,crec_json,CREC-2023-12-06-pt1-PgH6197-3.json,2023-12-06,,6647b81d5230c15072ac48199dfd2c29c3640effe02afbe242f0de68514a359d,,
v0.1.0,1.1.0,release-source:d4010a0f6ab4cdc95eb0ad3d,1,release-source-document:01da23f78d078469e3437e4f,266368,CR,Congressional Record JSON,crec_json,CREC-2023-12-06-pt1-PgH6197-4.json,2023-12-06,,f7411dd51c6cff02e8e847dad9ffb0de0a8102c17bbc3d244d5fbc6ee84d621e,,
v0.1.0,1.1.0,release-source:d4010a0f6ab4cdc95eb0ad3d,1,release-source-document:bbca2380a44f20e3de592874,266369,CR,Congressional Record JSON,crec_json,CREC-2023-12-06-pt1-PgH6197.json,2023-12-06,,14d03208ca2d97b589d388ec1b447e92f8d5fa76a608d5b3ec72311dc1fff2cc,,
v0.1.0,1.1.0,release-source:d4010a0f6ab4cdc95eb0ad3d,1,release-source-document:3f7f0e5186ca4cdd6637f79e,266932,CR,Congressional Record JSON,crec_json,CREC-2023-12-11-pt1-PgH6804-4.json,2023-12-11,,c0744171cec12c9a9cc70815df930730741b84edb2f129fa88894fa148c080ac,,
v0.1.0,1.1.0,release-source:d4010a0f6ab4cdc95eb0ad3d,1,release-source-document:02815527cbe4f86979fa2c9e,266982,CR,Congressional Record JSON,crec_json,CREC-2022-01-25-pt1-PgH297-6.json,2022-01-25,,c6538186a7fad0716d43c18301d25ff21945f80ac6a06a3acba9a45a079b50b0,,
v0.1.0,1.1.0,release-source:d4010a0f6ab4cdc95eb0ad3d,1,release-source-document:c34b2707a3e8e3768fc016a6,266986,CR,Congressional Record JSON,crec_json,CREC-2022-01-25-pt1-PgH297-7.json,2022-01-25,,fe8b3fa764238386502aa90749d80ca94f53b000f45c6ae8cb2cffc38a2394db,,
v0.1.0,1.1.0,release-source:d4010a0f6ab4cdc95eb0ad3d,1,release-source-document:5f7d4656c8cc23c45b950c5a,267549,CR,Congressional Record JSON,crec_json,CREC-2022-02-02-pt1-PgH357-2.json,2022-02-02,,96153ea70335401ee00e852338bb99434cf01c92827b56708c33a9f3f5ac8445,,
v0.1.0,1.1.0,release-source:d4010a0f6ab4cdc95eb0ad3d,1,release-source-document:1183ff00a77f1758f3ccae57,267557,CR,Congressional Record JSON,crec_json,CREC-2022-02-02-pt1-PgH357.json,2022-02-02,,ef891a3977037e72043c6bd468cc6a6491e4eadfb3c010aa43d4e130898070d7,,
v0.1.0,1.1.0,release-source:d4010a0f6ab4cdc95eb0ad3d,1,release-source-document:5a71447f68910af62ebfe6b3,268509,CR,Congressional Record JSON,crec_json,CREC-2024-01-09-pt1-PgH6-8.json,2024-01-09,,ed80f5ee16a7be0be28502d8400416bad8f0f02ee30f4b7973db7d7b537eddab,,
v0.1.0,1.1.0,release-source:d4010a0f6ab4cdc95eb0ad3d,1,release-source-document:8d0d11c854e6414300477ced,268511,CR,Congressional Record JSON,crec_json,CREC-2024-01-09-pt1-PgH6-9.json,2024-01-09,,83e815af8376f834607577fe40b4209a75cfba669f72dc9d801fb1b16c115505,,
v0.1.0,1.1.0,release-source:d4010a0f6ab4cdc95eb0ad3d,1,release-source-document:a078f301686d3a5fc0479065,269092,CR,Congressional Record JSON,crec_json,CREC-2022-02-18-pt1-PgH1128-3.json,2022-02-18,,a4bfebd3d9cbec8f452b591d8e04ebb39d38ab41ed35b7dfa23c2c31340b2024,,
v0.1.0,1.1.0,release-source:d4010a0f6ab4cdc95eb0ad3d,1,release-source-document:52f4af52d83dac8da97bce50,269583,CR,Congressional Record JSON,crec_json,CREC-2022-02-28-pt1-PgH1175.json,2022-02-28,,45ffed6d6fd2bd6c836fe77f5a4d403ff6098f344f4b6f206c9c5e6443420c0d,,
v0.1.0,1.1.0,release-source:d4010a0f6ab4cdc95eb0ad3d,1,release-source-document:a8b734fbd3f5f8a977ef3bc3,270969,CR,Congressional Record JSON,crec_json,CREC-2024-02-01-pt1-PgH374.json,2024-02-01,,4779af147471f2c6c2a4abb5b8cad6f9c46120886e6ac0b559e7e0e98a389a1d,,
v0.1.0,1.1.0,release-source:d4010a0f6ab4cdc95eb0ad3d,1,release-source-document:1248a37a07d8795e278d5dd3,272081,CR,Congressional Record JSON,crec_json,CREC-2022-03-21-pt1-PgH3857-6.json,2022-03-21,,4e9fddc0a89da01567931156670f55a3724c1b86c32127d526833b7a406c81bc,,
v0.1.0,1.1.0,release-source:d4010a0f6ab4cdc95eb0ad3d,1,release-source-document:0be0223d8546e66f06af2be4,272116,CR,Congressional Record JSON,crec_json,CREC-2024-02-14-pt1-PgH626.json,2024-02-14,,3ee021359cba3d9beb2d7c8249698994454e227420539385e8e3abd31bec97cd,,
v0.1.0,1.1.0,release-source:d4010a0f6ab4cdc95eb0ad3d,1,release-source-document:46ce5427613dacdc3576139d,272435,CR,Congressional Record JSON,crec_json,CREC-2022-03-28-pt1-PgH3894-5.json,2022-03-28,,c2f91863ae5a8e9ae8a9ad4b30ebce6ac09fae42a2a83525e771758d6b669f4f,,
v0.1.0,1.1.0,release-source:d4010a0f6ab4cdc95eb0ad3d,1,release-source-document:c4225273d0d12a6f26d870e0,272924,CR,Congressional Record JSON,crec_json,CREC-2022-03-30-pt1-PgH4003-6.json,2022-03-30,,76ff41b5bcabc569c0a145844085d80bbc32d18af7e92cf3d0966572ea0f6206,,
v0.1.0,1.1.0,release-source:d4010a0f6ab4cdc95eb0ad3d,1,release-source-document:afda84df0c29515d9fa2d17e,273154,CR,Congressional Record JSON,crec_json,CREC-2024-02-29-pt1-PgH766-4.json,2024-02-29,,f80fc40e1a6977d859a1c91dfea51cd571814ed59b78d267ff897d5aa4482c0e,,
v0.1.0,1.1.0,release-source:d4010a0f6ab4cdc95eb0ad3d,1,release-source-document:80527b5fd58cc16b3d209af4,274504,CR,Congressional Record JSON,crec_json,CREC-2024-03-12-pt1-PgH1131.json,2024-03-12,,72ffef3759dd577afb9a1001d4c0dac71e73fa5f827007a41e9cf90ebdadb7fb,,
v0.1.0,1.1.0,release-source:d4010a0f6ab4cdc95eb0ad3d,1,release-source-document:d570df224e8e4e4537863315,276128,CR,Congressional Record JSON,crec_json,CREC-2022-05-10-pt1-PgH4791.json,2022-05-10,,bedb5f5676df7ff43db86e8df391cc8bd490b9c36ad3f1ec2d5cfa279054f586,,
v0.1.0,1.1.0,release-source:d4010a0f6ab4cdc95eb0ad3d,1,release-source-document:4076b6643bc86390d6a1bd6e,276407,CR,Congressional Record JSON,crec_json,CREC-2022-05-12-pt1-PgH4918-2.json,2022-05-12,,b3d076c2f114b1c4299173b3402d5dcbea7496d506d08c90626a9d2e7263a9fe,,
v0.1.0,1.1.0,release-source:d4010a0f6ab4cdc95eb0ad3d,1,release-source-document:0bbf2cd9500f8a56c9eb017c,276416,CR,Congressional Record JSON,crec_json,CREC-2022-05-12-pt1-PgH4918.json,2022-05-12,,018052e6dc444358062a03f24e0a52ffef2b1ad4de9938dcfdbf2fecd80b7b68,,
v0.1.0,1.1.0,release-source:d4010a0f6ab4cdc95eb0ad3d,1,release-source-document:bd9963a5ba2d020b5b9d2b93,276847,CR,Congressional Record JSON,crec_json,CREC-2024-04-11-pt1-PgH2293-7.json,2024-04-11,,120ff430a19b0ed0b292ea2376e06a4ff07f696bf359f93ef03f46f90db11e40,,
v0.1.0,1.1.0,release-source:d4010a0f6ab4cdc95eb0ad3d,1,release-source-document:3c41d0f8f89a89caa0c23799,276850,CR,Congressional Record JSON,crec_json,CREC-2024-04-11-pt1-PgH2293-8.json,2024-04-11,,cf4964ec9f69fc71ed7ceb6c28701fae0ea11e733c37858a7aa00c150381fd4a,,
v0.1.0,1.1.0,release-source:d4010a0f6ab4cdc95eb0ad3d,1,release-source-document:e59a70b051b8066dae7cf5e6,277396,CR,Congressional Record JSON,crec_json,CREC-2022-05-24-pt1-PgH5213-6.json,2022-05-24,,e43772b9dc0aebb9655b3947550d054a53ded686be24b8cd85e919a33d6b3476,,
v0.1.0,1.1.0,release-source:d4010a0f6ab4cdc95eb0ad3d,1,release-source-document:5498014a744878715f7f44ba,278224,CR,Congressional Record JSON,crec_json,CREC-2024-04-26-pt1-PgH2632-6.json,2024-04-26,,1f089d8cd26f222e59e0d8faa1285923dd1bf96241d8a12d95eb467f34c1a0a5,,
v0.1.0,1.1.0,release-source:d4010a0f6ab4cdc95eb0ad3d,1,release-source-document:51c3a8e21533e05a68c7bd76,278225,CR,Congressional Record JSON,crec_json,CREC-2022-06-08-pt1-PgH5403-2.json,2022-06-08,,caa972df5b7710ea8e314a41f8d3421e3c8baeb801bb190f92976e0bbfc83d9b,,
v0.1.0,1.1.0,release-source:d4010a0f6ab4cdc95eb0ad3d,1,release-source-document:f228940a9496c818f222d0ce,278231,CR,Congressional Record JSON,crec_json,CREC-2022-06-08-pt1-PgH5403.json,2022-06-08,,4d2578e5428ecf43a76806385f59d91e4b9c5d034c24a23e1945c7e652b6da4b,,
v0.1.0,1.1.0,release-source:d4010a0f6ab4cdc95eb0ad3d,1,release-source-document:b7ed17eb3f01353d55c5cd21,278404,CR,Congressional Record JSON,crec_json,CREC-2024-04-29-pt1-PgH2689-3.json,2024-04-29,,35326b982afbe0d068cb3961a25343e7a40e600e743b0e4e92d7c849d8a5ab1d,,
v0.1.0,1.1.0,release-source:d4010a0f6ab4cdc95eb0ad3d,1,release-source-document:e8a20494aa60e3116aee166c,279798,CR,Congressional Record JSON,crec_json,CREC-2022-06-22-pt1-PgH5810.json,2022-06-22,,a9ac20e19a8c3db83fbbe7c4458e715b2d4a64a9c8f7307a7dfb490887e0a5e7,,
v0.1.0,1.1.0,release-source:d4010a0f6ab4cdc95eb0ad3d,1,release-source-document:55225982bc939a13dce43c33,282688,CR,Congressional Record JSON,crec_json,CREC-2024-06-04-pt1-PgH3638-2.json,2024-06-04,,3e34bf568348b8c8a9eefc16d330f260c6233a0b7f96c5ae377f5e95db98f6aa,,
v0.1.0,1.1.0,release-source:d4010a0f6ab4cdc95eb0ad3d,1,release-source-document:1e41cca9e1050bce0290b1f9,282692,CR,Congressional Record JSON,crec_json,CREC-2024-06-04-pt1-PgH3638.json,2024-06-04,,8d18892b052a450beefe17cefeca76357cf688432763b76ff54649345bd70106,,
v0.1.0,1.1.0,release-source:d4010a0f6ab4cdc95eb0ad3d,1,release-source-document:f2c75752ac6516fc5dcf697b,284061,CR,Congressional Record JSON,crec_json,CREC-2022-08-12-pt1-PgH7707-2.json,2022-08-12,,b0db093e9a213127ecc6eab51867ae3547429fd114c1a60df324956b51ac427e,,
v0.1.0,1.1.0,release-source:d4010a0f6ab4cdc95eb0ad3d,1,release-source-document:63c8402cee7df9de02abe120,284603,CR,Congressional Record JSON,crec_json,CREC-2022-09-02-pt1-PgH7733-6.json,2022-09-02,,957c0cd5e58e9a0692cc65817cebfbf5b7a51d5b8d4e271045d6bcd77908f6ff,,
v0.1.0,1.1.0,release-source:d4010a0f6ab4cdc95eb0ad3d,1,release-source-document:6e7b09db6bc76b12a28fbb97,285180,CR,Congressional Record JSON,crec_json,CREC-2022-09-14-pt1-PgH7795-2.json,2022-09-14,,e034d169be72051d79da6e4f834b3d35d209098e22a6a84ba781b7703d5ccc0b,,
v0.1.0,1.1.0,release-source:d4010a0f6ab4cdc95eb0ad3d,1,release-source-document:3687b21206ff7972b6d6a641,285194,CR,Congressional Record JSON,crec_json,CREC-2022-09-14-pt1-PgH7795.json,2022-09-14,,bc614e1ec37178e07c31966fea64400c69e43a9e6009fca0b7ddc11bde11e65f,,
v0.1.0,1.1.0,release-source:d4010a0f6ab4cdc95eb0ad3d,1,release-source-document:c0d6530db1221525690ccd0a,286464,CR,Congressional Record JSON,crec_json,CREC-2024-07-22-pt1-PgH4728-4.json,2024-07-22,,87489f1a18033c3b7ca1f75932d0376ff08914e16872a42bfbc2a40fcfb64a55,,
v0.1.0,1.1.0,release-source:d4010a0f6ab4cdc95eb0ad3d,1,release-source-document:8dbd6d6c429babd86e2ce49c,287253,CR,Congressional Record JSON,crec_json,CREC-2022-09-30-pt1-PgH8356-2.json,2022-09-30,,62d0d9fa065e4686d4ca4b029b4ad82cb5381231fcf30b29dc307fe18cdc2944,,
v0.1.0,1.1.0,release-source:d4010a0f6ab4cdc95eb0ad3d,1,release-source-document:9d7d82d0fc4f2d6fc939bb7f,288265,CR,Congressional Record JSON,crec_json,CREC-2024-08-23-pt1-PgH5003-6.json,2024-08-23,,85f918acbe3c7b068997284b60f7048c6e3c8f31e729f1bce123c0de649190e3,,
v0.1.0,1.1.0,release-source:d4010a0f6ab4cdc95eb0ad3d,1,release-source-document:7f7da7a378c09fa8854e9413,288870,CR,Congressional Record JSON,crec_json,CREC-2024-09-09-pt1-PgH5082-3.json,2024-09-09,,b03f3789832fdf2200844f9f11085ab8b9522ee98c0a60fd63e0934fe90a8781,,
v0.1.0,1.1.0,release-source:d4010a0f6ab4cdc95eb0ad3d,1,release-source-document:24e49da4d7c6026fcad9788b,289471,CR,Congressional Record JSON,crec_json,CREC-2022-11-17-pt1-PgH8577.json,2022-11-17,,341aa6f47c52401d79ce105103b7653c79e7e09fce45bb8a4117657901933a83,,
v0.1.0,1.1.0,release-source:d4010a0f6ab4cdc95eb0ad3d,1,release-source-document:b3f5d95c1db527d558ff480c,289771,CR,Congressional Record JSON,crec_json,CREC-2022-11-29-pt1-PgH8599-5.json,2022-11-29,,beb77ad29195c12d66f6d119528986218693c76ce665ee052b614c581441807d,,
v0.1.0,1.1.0,release-source:d4010a0f6ab4cdc95eb0ad3d,1,release-source-document:221f72830e51aff77f5a7d08,290161,CR,Congressional Record JSON,crec_json,CREC-2024-09-18-pt1-PgH5354.json,2024-09-18,,5dd11c802df0314f37e1c8b3c4cdf2e69932426267a3b5914806b6cc9ccaa80c,,
v0.1.0,1.1.0,release-source:d4010a0f6ab4cdc95eb0ad3d,1,release-source-document:52db06dc421639b70987b7be,291238,CR,Congressional Record JSON,crec_json,CREC-2022-12-12-pt1-PgH9650-7.json,2022-12-12,,9d156b68aaa9698a579927ff4f35aec1e9b7aead9b6b8d958b8db9ac60b371f9,,
v0.1.0,1.1.0,release-source:d4010a0f6ab4cdc95eb0ad3d,1,release-source-document:fedd47e6f6fda9cb2e3665eb,293355,CR,Congressional Record JSON,crec_json,CREC-2022-12-30-pt1-PgH10536.json,2022-12-30,,93adb250965a89eefb834dc1c23e803c878abdfdea0a925726c423211f8dc028,,
v0.1.0,1.1.0,release-source:d4010a0f6ab4cdc95eb0ad3d,1,release-source-document:990031438a8d7d7475121c8f,293536,CR,Congressional Record JSON,crec_json,CREC-2024-11-13-pt1-PgH5968-3.json,2024-11-13,,b80e53516e17c557c99b5735bc56a0ac0f2b350d85d3e09824bc980dbcd5c825,,
v0.1.0,1.1.0,release-source:d4010a0f6ab4cdc95eb0ad3d,1,release-source-document:78b5e90c00a607c564c250db,293597,CR,Congressional Record JSON,crec_json,CREC-2024-11-14-pt1-PgH5985-7.json,2024-11-14,,1328ee8f2b0394f10f229cdfd5cbe70a414bbd69c508ab76ca95f6af92f9fb51,,
v0.1.0,1.1.0,release-source:d4010a0f6ab4cdc95eb0ad3d,1,release-source-document:ac6bb43fe27f32e3a8654a82,294582,CR,Congressional Record JSON,crec_json,CREC-2024-12-05-pt1-PgH6403-2.json,2024-12-05,,81e9dc790e8996b9087315d08af637122f65170b342e4ee3f33b0219372d045d,,
v0.1.0,1.1.0,release-source:d4010a0f6ab4cdc95eb0ad3d,1,release-source-document:4c0fad964aca1221e8a31b29,294681,CR,Congressional Record JSON,crec_json,CREC-2024-12-06-pt1-PgH6425-2.json,2024-12-06,,83e30c07c3872e1d746756f4906b644a464032635b59ed9006b2581f0c926517,,
v0.1.0,1.1.0,release-source:d4010a0f6ab4cdc95eb0ad3d,1,release-source-document:49ef600006823136bd04eb3e,295204,CR,Congressional Record JSON,crec_json,CREC-2024-12-16-pt1-PgH7148-6.json,2024-12-16,,623018b2b25c327b40f78a6cacf3db36e62fa348e9e2d154da3d4657b86cfc5b,,
v0.1.0,1.1.0,release-source:d4010a0f6ab4cdc95eb0ad3d,1,release-source-document:4a3563cd7e7c0aa2b001e647,295861,CR,Congressional Record JSON,crec_json,CREC-2024-12-31-pt1-PgH7429-7.json,2024-12-31,,aa422ccb74d30644a563c6bdaf697bbad4fb03574f093d076195bd040b473d1a,,
v0.1.0,1.1.0,release-source:d4010a0f6ab4cdc95eb0ad3d,1,release-source-document:d8f0cb56d67ffd70e12a14c2,331252,CR,Congressional Record JSON,crec_json,CREC-2023-10-03-pt1-PgS4901-6.json,2023-10-03,,0826f1d83aa64090c84aa483e9c6125a2b388745711c52b402d14293ae9f35c4,,
v0.1.0,1.1.0,release-source:d4010a0f6ab4cdc95eb0ad3d,1,release-source-document:2244bf03197d9b5272025296,339762,CR,Congressional Record JSON,crec_json,CREC-2024-09-09-pt1-PgS5868.json,2024-09-09,,61fe14acf0b63daa36d292c162296f5e372413ed296a0593008a1e9ceacf5791,,
v0.1.0,1.1.0,release-source:e797b837b4fb6d41a8e76bdf,75,release-source-document:d4eb9316559906eb2d45f035,342298,YAML,Member service ranges,member_service_terminal_range_v1,member-service-555fda680b4c2619758f7a2ab40b917578afdb8f494592f1f353975c1ec93202,2019-09-23,,555fda680b4c2619758f7a2ab40b917578afdb8f494592f1f353975c1ec93202,,
v0.1.0,1.1.0,release-source:e797b837b4fb6d41a8e76bdf,75,release-source-document:4d92910f9a400d1f48a3f607,342299,YAML,Member service ranges,member_service_terminal_range_v1,member-service-ed355ebccad4be36ee058566b934c6daa7d5b8bc2f7561630cc5f3f913ea3ebd,2019-11-03,,ed355ebccad4be36ee058566b934c6daa7d5b8bc2f7561630cc5f3f913ea3ebd,,
v0.1.0,1.1.0,release-source:e797b837b4fb6d41a8e76bdf,75,release-source-document:0612bb868c3b497cac265f38,342300,YAML,Member service ranges,member_service_terminal_range_v1,member-service-69dd00389849967df5fc6fd57ab37c7cc16db3c72f79094e47007db87f4181e8,2019-12-31,,69dd00389849967df5fc6fd57ab37c7cc16db3c72f79094e47007db87f4181e8,,
v0.1.0,1.1.0,release-source:e797b837b4fb6d41a8e76bdf,75,release-source-document:93d4ef4ead85619acc11cc55,342301,YAML,Member service ranges,member_service_terminal_range_v1,member-service-69773c16e5e1dc0734090ce60f9432091795e5e1bc6c343fcad1fa1946febce2,2020-03-30,,69773c16e5e1dc0734090ce60f9432091795e5e1bc6c343fcad1fa1946febce2,,
v0.1.0,1.1.0,release-source:e797b837b4fb6d41a8e76bdf,75,release-source-document:3413934b0be394208c783e51,342303,YAML,Member service ranges,member_service_terminal_range_v1,member-service-ef00471f2671773d99385581eec88c670806de93e71b97921d4ff426145fb996,2020-07-17,,ef00471f2671773d99385581eec88c670806de93e71b97921d4ff426145fb996,,
v0.1.0,1.1.0,release-source:e797b837b4fb6d41a8e76bdf,75,release-source-document:7d4d223f61018f40832e90ef,342304,YAML,Member service ranges,member_service_terminal_range_v1,member-service-5691755383667b18df848ca4d62da93abdf29d0900e92d53c805804cb6cd2cb5,2020-12-02,,5691755383667b18df848ca4d62da93abdf29d0900e92d53c805804cb6cd2cb5,,
v0.1.0,1.1.0,release-source:e797b837b4fb6d41a8e76bdf,75,release-source-document:9801e8949514f92140265f55,342305,YAML,Member service ranges,member_service_terminal_range_v1,member-service-d6f7e818003e68e3300c8303415ebd7b457a739d8d473c6dd8d1f2f48baae2e0,2021-02-07,,d6f7e818003e68e3300c8303415ebd7b457a739d8d473c6dd8d1f2f48baae2e0,,
v0.1.0,1.1.0,release-source:e797b837b4fb6d41a8e76bdf,75,release-source-document:5e8c5d117771d22eed0dbbb0,342306,YAML,Member service ranges,member_service_terminal_range_v1,member-service-9158ebb98c28a172b4be1121592024438d1873535304d84fb2526533313dabd0,2021-04-06,,9158ebb98c28a172b4be1121592024438d1873535304d84fb2526533313dabd0,,
v0.1.0,1.1.0,release-source:e797b837b4fb6d41a8e76bdf,75,release-source-document:78d4e83e8c30a129198ef593,342307,YAML,Member service ranges,member_service_terminal_range_v1,member-service-cfd21e1c301e750b2db05274a51460f6ba6390c501669b31bcbad7031c49d9a4,2022-01-03,,cfd21e1c301e750b2db05274a51460f6ba6390c501669b31bcbad7031c49d9a4,,
v0.1.0,1.1.0,release-source:e797b837b4fb6d41a8e76bdf,75,release-source-document:cc5891084df53e17dd2f8bdf,342308,YAML,Member service ranges,member_service_terminal_range_v1,member-service-49c523bd0ec2e7de32c0d16df2944916715ab12c8ce5e878f03d5f989ab5a5fe,2022-02-17,,49c523bd0ec2e7de32c0d16df2944916715ab12c8ce5e878f03d5f989ab5a5fe,,
v0.1.0,1.1.0,release-source:e797b837b4fb6d41a8e76bdf,75,release-source-document:79375aba633ee36f1e97c1e6,342309,YAML,Member service ranges,member_service_terminal_range_v1,member-service-5ae904707ea6069e4212e9f3a8e88b8d4f8fefe11684550da21102a7a4e316f4,2022-03-18,,5ae904707ea6069e4212e9f3a8e88b8d4f8fefe11684550da21102a7a4e316f4,,
v0.1.0,1.1.0,release-source:e797b837b4fb6d41a8e76bdf,75,release-source-document:02a82b0a5dd529758fe061ff,342310,YAML,Member service ranges,member_service_terminal_range_v1,member-service-cc1e04dc76fa5064505357177faf4e6eab518c928a55cb421bc33616db452a0f,2022-03-31,,cc1e04dc76fa5064505357177faf4e6eab518c928a55cb421bc33616db452a0f,,
v0.1.0,1.1.0,release-source:e797b837b4fb6d41a8e76bdf,75,release-source-document:90412f54159b01e99422e68a,342311,YAML,Member service ranges,member_service_terminal_range_v1,member-service-6808845d8102277bc3238aad0f9a41fa810f694b48adc44992cb3af8d66507f7,2022-08-03,,6808845d8102277bc3238aad0f9a41fa810f694b48adc44992cb3af8d66507f7,,
v0.1.0,1.1.0,release-source:e797b837b4fb6d41a8e76bdf,75,release-source-document:7df845a44ceef50bbe68703b,342312,YAML,Member service ranges,member_service_terminal_range_v1,member-service-1b25a5297d77ae24e9196cd12152b849d484e1f0d9e719f846c5ea0ebbce77b5,2022-08-31,,1b25a5297d77ae24e9196cd12152b849d484e1f0d9e719f846c5ea0ebbce77b5,,
v0.1.0,1.1.0,release-source:e797b837b4fb6d41a8e76bdf,75,release-source-document:f5aaf67f7b2a8fc4db3692c4,342313,YAML,Member service ranges,member_service_terminal_range_v1,member-service-a7ed4e048140f843035b74d43f034126efbb9f08a32f98eadecd87629aa28576,2022-11-28,,a7ed4e048140f843035b74d43f034126efbb9f08a32f98eadecd87629aa28576,,
v0.1.0,1.1.0,release-source:e797b837b4fb6d41a8e76bdf,75,release-source-document:4e7d29cb2cdcb3dcacab73c3,342314,YAML,Member service ranges,member_service_terminal_range_v1,member-service-67117a7e75665b11f805fefcd7991b1b17a2b1786ef366c8be6c625707916e3e,2022-12-31,,67117a7e75665b11f805fefcd7991b1b17a2b1786ef366c8be6c625707916e3e,,
v0.1.0,1.1.0,release-source:e797b837b4fb6d41a8e76bdf,75,release-source-document:1519830b049de58cee2f4af0,342315,YAML,Member service ranges,member_service_terminal_range_v1,member-service-6a32da73bf8a411a9b6c0001f8e0ff21b6e5bca98986e6c656af3d3c9cb0cfc8,2023-05-31,,6a32da73bf8a411a9b6c0001f8e0ff21b6e5bca98986e6c656af3d3c9cb0cfc8,,
v0.1.0,1.1.0,release-source:e797b837b4fb6d41a8e76bdf,75,release-source-document:3e62f398b33a42ccbcff1ee5,342316,YAML,Member service ranges,member_service_terminal_range_v1,member-service-d91f47388fc7b272f9391124767736016f30b93143953ed178a89790bcd9ec0d,2023-09-15,,d91f47388fc7b272f9391124767736016f30b93143953ed178a89790bcd9ec0d,,
v0.1.0,1.1.0,release-source:e797b837b4fb6d41a8e76bdf,75,release-source-document:c9ecc8b91b3dd472d84938ef,342317,YAML,Member service ranges,member_service_terminal_range_v1,member-service-c9b05ecf1d0085bc47956bc25135c711437abb716d458b464d5b166e717901d1,2023-09-28,,c9b05ecf1d0085bc47956bc25135c711437abb716d458b464d5b166e717901d1,,
v0.1.0,1.1.0,release-source:e797b837b4fb6d41a8e76bdf,75,release-source-document:5fa62570296435af6b233e26,342318,YAML,Member service ranges,member_service_terminal_range_v1,member-service-8ee870dbd8c20e06e5f250402045f6190e843a7326819239c04f5b2e8d3bccdb,2024-04-24,,8ee870dbd8c20e06e5f250402045f6190e843a7326819239c04f5b2e8d3bccdb,,
v0.1.0,1.1.0,release-source:e797b837b4fb6d41a8e76bdf,75,release-source-document:c62c2724a68b5186ff0520ba,342319,YAML,Member service ranges,member_service_terminal_range_v1,member-service-86d897ed7630ee89210b67093a877c17dc827c10d490f849d0baa6a907b63044,2024-04-24,,86d897ed7630ee89210b67093a877c17dc827c10d490f849d0baa6a907b63044,,
v0.1.0,1.1.0,release-source:e797b837b4fb6d41a8e76bdf,75,release-source-document:d4dcdbe630209044ebcc0a1c,342320,YAML,Member service ranges,member_service_terminal_range_v1,member-service-802ddc08328a823ee2c68ad62b29bbda40cfc17f5d77af3438b4bac30ff30ea2,2024-07-19,,802ddc08328a823ee2c68ad62b29bbda40cfc17f5d77af3438b4bac30ff30ea2,,
v0.1.0,1.1.0,release-source:e797b837b4fb6d41a8e76bdf,75,release-source-document:46970e846a62a28a8e1ce04d,342321,YAML,Member service ranges,member_service_terminal_range_v1,member-service-e8396762992d56c549d7b6a4c39cb226dc4749ca6d49316926551ad438f9ac63,2024-08-20,,e8396762992d56c549d7b6a4c39cb226dc4749ca6d49316926551ad438f9ac63,,
v0.1.0,1.1.0,release-source:e797b837b4fb6d41a8e76bdf,75,release-source-document:84efd289ab2b2df45dd46328,342322,YAML,Member service ranges,member_service_terminal_range_v1,member-service-d2004b7d737ef8ba051585a67ce729dec36aad349570e4e9a044cdde4d1d8ca1,2024-08-21,,d2004b7d737ef8ba051585a67ce729dec36aad349570e4e9a044cdde4d1d8ca1,,
v0.1.0,1.1.0,release-source:e797b837b4fb6d41a8e76bdf,75,release-source-document:f7dc56e7710b57448154d14a,342323,YAML,Member service ranges,member_service_terminal_range_v1,member-service-7143554549394de1864e631f12d42285bcb1075beee0be983d056dd3dc1c403f,2024-11-13,,7143554549394de1864e631f12d42285bcb1075beee0be983d056dd3dc1c403f,,
v0.1.0,1.1.0,release-source:e797b837b4fb6d41a8e76bdf,75,release-source-document:ed2abe17108b7c6ad437e038,342324,YAML,Member service ranges,member_service_terminal_range_v1,member-service-43f8177c20deea450d040566007e18b1a9631b79b10dde73a2d2d11b878cd00a,2024-12-08,,43f8177c20deea450d040566007e18b1a9631b79b10dde73a2d2d11b878cd00a,,
v0.1.0,1.1.0,release-source:e797b837b4fb6d41a8e76bdf,75,release-source-document:51bfbb7019ec4305e84aeeca,342325,YAML,Member service ranges,member_service_terminal_range_v1,member-service-c70103ed0422d9a2b7296b373391289c0f3b1b1e45243b325d8dcbce2c61ddfc,2024-12-08,,c70103ed0422d9a2b7296b373391289c0f3b1b1e45243b325d8dcbce2c61ddfc,,
v0.1.0,1.1.0,release-source:e797b837b4fb6d41a8e76bdf,75,release-source-document:533d390279a7306f1a42586a,342326,YAML,Member service ranges,member_service_terminal_range_v1,member-service-86738e39e086524f23ae14cdccb0fd26fc850a3a39b510dc97d598cc9b958399,2024-12-14,,86738e39e086524f23ae14cdccb0fd26fc850a3a39b510dc97d598cc9b958399,,
v0.1.0,1.1.0,release-source:71a1c2fb08ff3a19a738dc4d,80,release-source-document:efc93b2ed28e3d6bf69940d9,342568,resolution,H.Res. Congress XML,congress_117,BILLS-117hres789eh.xml,2021-11-17,,,,
