release_version,schema_version,bioguide_id,congress_no,chamber,service_start,service_last_active_date,first_name,last_name,official_full_name,nickname,state,district,party_code,caucus_party_code,exit_reason
v0.1.0,1.1.0,A000055,113,H,2013-01-03,2015-01-02,Robert,Aderholt,Robert B. Aderholt,,AL,4,200,200,
v0.1.0,1.1.0,A000210,113,H,2013-01-03,2014-02-17,Robert,Andrews,Robert E. Andrews,Rob,NJ,1,100,100,
v0.1.0,1.1.0,A000361,113,H,2013-01-03,2013-09-26,Rodney,Alexander,Rodney Alexander,,LA,5,200,200,
v0.1.0,1.1.0,A000367,113,H,2013-01-03,2015-01-02,Justin,Amash,Justin Amash,,MI,3,200,200,
v0.1.0,1.1.0,A000369,113,H,2013-01-03,2015-01-02,Mark,Amodei,Mark E. Amodei,,NV,2,200,200,
v0.1.0,1.1.0,A000370,113,H,2014-11-12,2015-01-02,Alma,Adams,Alma S. Adams,,NC,12,100,100,
v0.1.0,1.1.0,B000013,113,H,2013-01-03,2015-01-02,Spencer,Bachus,Spencer Bachus,,AL,6,200,200,
v0.1.0,1.1.0,B000213,113,H,2013-01-03,2015-01-02,Joe,Barton,Joe Barton,,TX,6,200,200,
v0.1.0,1.1.0,B000287,113,H,2013-01-03,2015-01-02,Xavier,Becerra,Xavier Becerra,,CA,34,100,100,
v0.1.0,1.1.0,B000490,113,H,2013-01-03,2015-01-02,Sanford,Bishop,"Sanford D. Bishop, Jr.",,GA,2,100,100,
v0.1.0,1.1.0,B000574,113,H,2013-01-03,2015-01-02,Earl,Blumenauer,Earl Blumenauer,,OR,3,100,100,
v0.1.0,1.1.0,B000755,113,H,2013-01-03,2015-01-02,Kevin,Brady,Kevin Brady,,TX,8,200,200,
v0.1.0,1.1.0,B000911,113,H,2013-01-03,2015-01-02,Corrine,Brown,Corrine Brown,,FL,5,100,100,
v0.1.0,1.1.0,B001227,113,H,2013-01-03,2015-01-02,Robert,Brady,Robert A. Brady,,PA,1,100,100,
v0.1.0,1.1.0,B001242,113,H,2013-01-03,2015-01-02,Timothy,Bishop,Timothy H. Bishop,,NY,1,100,100,
v0.1.0,1.1.0,B001243,113,H,2013-01-03,2015-01-02,Marsha,Blackburn,Marsha Blackburn,,TN,7,200,200,
v0.1.0,1.1.0,B001244,113,H,2013-01-03,2013-08-01,Jo,Bonner,Jo Bonner,,AL,1,200,200,
v0.1.0,1.1.0,B001245,113,H,2013-01-03,2015-01-02,Madeleine,Bordallo,Madeleine Z. Bordallo,,GU,0,100,100,
v0.1.0,1.1.0,B001248,113,H,2013-01-03,2015-01-02,Michael,Burgess,Michael C. Burgess,,TX,26,200,200,
v0.1.0,1.1.0,B001250,113,H,2013-01-03,2015-01-02,Rob,Bishop,Rob Bishop,,UT,1,200,200,
v0.1.0,1.1.0,B001251,113,H,2013-01-03,2015-01-02,George,Butterfield,G. K. Butterfield,G.K.,NC,1,100,100,
v0.1.0,1.1.0,B001252,113,H,2013-01-03,2015-01-02,John,Barrow,John Barrow,,GA,12,100,100,
v0.1.0,1.1.0,B001255,113,H,2013-01-03,2015-01-02,Charles,Boustany,Charles W. Boustany Jr.,,LA,3,200,200,
v0.1.0,1.1.0,B001256,113,H,2013-01-03,2015-01-02,Michele,Bachmann,Michele Bachmann,,MN,6,200,200,
v0.1.0,1.1.0,B001257,113,H,2013-01-03,2015-01-02,Gus,Bilirakis,Gus M. Bilirakis,,FL,12,200,200,
v0.1.0,1.1.0,B001259,113,H,2013-01-03,2015-01-02,Bruce,Braley,Bruce L. Braley,,IA,1,100,100,
v0.1.0,1.1.0,B001260,113,H,2013-01-03,2015-01-02,Vern,Buchanan,Vern Buchanan,,FL,16,200,200,
v0.1.0,1.1.0,B001262,113,H,2013-01-03,2015-01-02,Paul,Broun,Paul C. Broun,,GA,10,200,200,
v0.1.0,1.1.0,B001269,113,H,2013-01-03,2015-01-02,Lou,Barletta,Lou Barletta,,PA,11,200,200,
v0.1.0,1.1.0,B001270,113,H,2013-01-03,2015-01-02,Karen,Bass,Karen Bass,,CA,37,100,100,
v0.1.0,1.1.0,B001271,113,H,2013-01-03,2015-01-02,Dan,Benishek,Dan Benishek,,MI,1,200,200,
v0.1.0,1.1.0,B001273,113,H,2013-01-03,2015-01-02,Diane,Black,Diane Black,,TN,6,200,200,
v0.1.0,1.1.0,B001274,113,H,2013-01-03,2015-01-02,Mo,Brooks,Mo Brooks,,AL,5,200,200,
v0.1.0,1.1.0,B001275,113,H,2013-01-03,2015-01-02,Larry,Bucshon,Larry Bucshon,,IN,8,200,200,
v0.1.0,1.1.0,B001278,113,H,2013-01-03,2015-01-02,Suzanne,Bonamici,Suzanne Bonamici,,OR,1,100,100,
v0.1.0,1.1.0,B001279,113,H,2013-01-03,2015-01-02,Ron,Barber,Ron Barber,,AZ,2,100,100,
v0.1.0,1.1.0,B001280,113,H,2013-01-03,2015-01-02,Kerry,Bentivolio,Kerry L. Bentivolio,,MI,11,200,200,
v0.1.0,1.1.0,B001281,113,H,2013-01-03,2015-01-02,Joyce,Beatty,Joyce Beatty,,OH,3,100,100,
v0.1.0,1.1.0,B001282,113,H,2013-01-03,2015-01-02,Garland,Barr,Andy Barr,Andy,KY,6,200,200,
v0.1.0,1.1.0,B001283,113,H,2013-01-03,2015-01-02,Jim,Bridenstine,Jim Bridenstine,,OK,1,200,200,
v0.1.0,1.1.0,B001284,113,H,2013-01-03,2015-01-02,Susan,Brooks,Susan W. Brooks,,IN,5,200,200,
v0.1.0,1.1.0,B001285,113,H,2013-01-03,2015-01-02,Julia,Brownley,Julia Brownley,,CA,26,100,100,
v0.1.0,1.1.0,B001286,113,H,2013-01-03,2015-01-02,Cheri,Bustos,Cheri Bustos,,IL,17,100,100,
v0.1.0,1.1.0,B001287,113,H,2013-01-03,2015-01-02,Ami,Bera,Ami Bera,,CA,7,100,100,
v0.1.0,1.1.0,B001289,113,H,2014-01-08,2015-01-02,Bradley,Byrne,Bradley Byrne,,AL,1,200,200,
v0.1.0,1.1.0,B001290,113,H,2014-11-12,2015-01-02,David,Brat,Dave Brat,Dave,VA,7,200,200,
v0.1.0,1.1.0,C000059,113,H,2013-01-03,2015-01-02,Ken,Calvert,Ken Calvert,,CA,42,200,200,
v0.1.0,1.1.0,C000071,113,H,2013-01-03,2015-01-02,Dave,Camp,Dave Camp,,MI,4,200,200,
v0.1.0,1.1.0,C000266,113,H,2013-01-03,2015-01-02,Steve,Chabot,Steve Chabot,,OH,1,200,200,
v0.1.0,1.1.0,C000380,113,H,2013-01-03,2015-01-02,Donna,Christensen,Donna M. Christensen,,VI,0,100,100,
v0.1.0,1.1.0,C000556,113,H,2013-01-03,2015-01-02,Howard,Coble,Howard Coble,,NC,6,200,200,
v0.1.0,1.1.0,C000714,113,H,2013-01-03,2015-01-02,John,Conyers,"John Conyers, Jr.",,MI,13,100,100,
v0.1.0,1.1.0,C000754,113,H,2013-01-03,2015-01-02,Jim,Cooper,Jim Cooper,,TN,5,100,100,
v0.1.0,1.1.0,C000984,113,H,2013-01-03,2015-01-02,Elijah,Cummings,Elijah E. Cummings,,MD,7,100,100,
v0.1.0,1.1.0,C001036,113,H,2013-01-03,2015-01-02,Lois,Capps,Lois Capps,,CA,24,100,100,
v0.1.0,1.1.0,C001037,113,H,2013-01-03,2015-01-02,Michael,Capuano,Michael E. Capuano,,MA,7,100,100,
v0.1.0,1.1.0,C001038,113,H,2013-01-03,2015-01-02,Joseph,Crowley,Joseph Crowley,Joe,NY,14,100,100,
v0.1.0,1.1.0,C001045,113,H,2013-01-03,2015-01-02,Ander,Crenshaw,Ander Crenshaw,,FL,4,200,200,
v0.1.0,1.1.0,C001047,113,H,2013-01-03,2015-01-02,Shelley,Capito,Shelley Moore Capito,,WV,2,200,200,
v0.1.0,1.1.0,C001048,113,H,2013-01-03,2015-01-02,John,Culberson,John Abney Culberson,,TX,7,200,200,
v0.1.0,1.1.0,C001049,113,H,2013-01-03,2015-01-02,Wm.,Clay,Wm. Lacy Clay,,MO,1,100,100,
v0.1.0,1.1.0,C001051,113,H,2013-01-03,2015-01-02,John,Carter,John R. Carter,,TX,31,200,200,
v0.1.0,1.1.0,C001053,113,H,2013-01-03,2015-01-02,Tom,Cole,Tom Cole,,OK,4,200,200,
v0.1.0,1.1.0,C001059,113,H,2013-01-03,2015-01-02,Jim,Costa,Jim Costa,,CA,16,100,100,
v0.1.0,1.1.0,C001061,113,H,2013-01-03,2015-01-02,Emanuel,Cleaver,Emanuel Cleaver,,MO,5,100,100,
v0.1.0,1.1.0,C001062,113,H,2013-01-03,2015-01-02,K.,Conaway,K. Michael Conaway,,TX,11,200,200,
v0.1.0,1.1.0,C001063,113,H,2013-01-03,2015-01-02,Henry,Cuellar,Henry Cuellar,,TX,28,100,100,
v0.1.0,1.1.0,C001064,113,H,2013-01-03,2015-01-02,John,Campbell,John Campbell,,CA,45,200,200,
v0.1.0,1.1.0,C001066,113,H,2013-01-03,2015-01-02,Kathy,Castor,Kathy Castor,,FL,14,100,100,
v0.1.0,1.1.0,C001067,113,H,2013-01-03,2015-01-02,Yvette,Clarke,Yvette D. Clarke,,NY,9,100,100,
v0.1.0,1.1.0,C001068,113,H,2013-01-03,2015-01-02,Steve,Cohen,Steve Cohen,,TN,9,100,100,
v0.1.0,1.1.0,C001069,113,H,2013-01-03,2015-01-02,Joe,Courtney,Joe Courtney,,CT,2,100,100,
v0.1.0,1.1.0,C001072,113,H,2013-01-03,2015-01-02,André,Carson,André Carson,,IN,7,100,100,
v0.1.0,1.1.0,C001075,113,H,2013-01-03,2015-01-02,Bill,Cassidy,Bill Cassidy,,LA,6,200,200,
v0.1.0,1.1.0,C001076,113,H,2013-01-03,2015-01-02,Jason,Chaffetz,Jason Chaffetz,,UT,3,200,200,
v0.1.0,1.1.0,C001077,113,H,2013-01-03,2015-01-02,Mike,Coffman,Mike Coffman,,CO,6,200,200,
v0.1.0,1.1.0,C001078,113,H,2013-01-03,2015-01-02,Gerald,Connolly,Gerald E. Connolly,,VA,11,100,100,
v0.1.0,1.1.0,C001080,113,H,2013-01-03,2015-01-02,Judy,Chu,Judy Chu,,CA,27,100,100,
v0.1.0,1.1.0,C001083,113,H,2013-01-03,2015-01-02,John,Carney,John C. Carney Jr.,,DE,0,100,100,
v0.1.0,1.1.0,C001084,113,H,2013-01-03,2015-01-02,David,Cicilline,David N. Cicilline,,RI,1,100,100,
v0.1.0,1.1.0,C001087,113,H,2013-01-03,2015-01-02,Eric,Crawford,"Eric A. ""Rick"" Crawford",Rick,AR,1,200,200,
v0.1.0,1.1.0,C001090,113,H,2013-01-03,2015-01-02,Matthew,Cartwright,Matt Cartwright,Matt,PA,17,100,100,
v0.1.0,1.1.0,C001091,113,H,2013-01-03,2015-01-02,Joaquin,Castro,Joaquin Castro,,TX,20,100,100,
v0.1.0,1.1.0,C001092,113,H,2013-01-03,2015-01-02,Chris,Collins,Chris Collins,,NY,27,200,200,
v0.1.0,1.1.0,C001093,113,H,2013-01-03,2015-01-02,Doug,Collins,Doug Collins,,GA,9,200,200,
v0.1.0,1.1.0,C001094,113,H,2013-01-03,2015-01-02,Paul,Cook,Paul Cook,,CA,8,200,200,
v0.1.0,1.1.0,C001095,113,H,2013-01-03,2015-01-02,Tom,Cotton,Tom Cotton,,AR,4,200,200,
v0.1.0,1.1.0,C001096,113,H,2013-01-03,2015-01-02,Kevin,Cramer,Kevin Cramer,,ND,0,200,200,
v0.1.0,1.1.0,C001097,113,H,2013-01-03,2015-01-02,Tony,Cárdenas,Tony Cárdenas,,CA,29,100,100,
v0.1.0,1.1.0,C001101,113,H,2013-12-12,2015-01-02,Katherine,Clark,Katherine M. Clark,,MA,5,100,100,
v0.1.0,1.1.0,C001102,113,H,2014-06-24,2015-01-02,Curtis,Clawson,Curt Clawson,Curt,FL,19,200,200,
v0.1.0,1.1.0,D000096,113,H,2013-01-03,2015-01-02,Danny,Davis,Danny K. Davis,,IL,7,100,100,
v0.1.0,1.1.0,D000191,113,H,2013-01-03,2015-01-02,Peter,DeFazio,Peter A. DeFazio,,OR,4,100,100,
v0.1.0,1.1.0,D000197,113,H,2013-01-03,2015-01-02,Diana,DeGette,Diana DeGette,,CO,1,100,100,
v0.1.0,1.1.0,D000216,113,H,2013-01-03,2015-01-02,Rosa,DeLauro,Rosa L. DeLauro,,CT,3,100,100,
v0.1.0,1.1.0,D000355,113,H,2013-01-03,2015-01-02,John,Dingell,John D. Dingell,,MI,12,100,100,
v0.1.0,1.1.0,D000399,113,H,2013-01-03,2015-01-02,Lloyd,Doggett,Lloyd Doggett,,TX,35,100,100,
v0.1.0,1.1.0,D000482,113,H,2013-01-03,2015-01-02,Michael,Doyle,Michael F. Doyle,,PA,14,100,100,
v0.1.0,1.1.0,D000533,113,H,2013-01-03,2015-01-02,John,Duncan,"John J. Duncan, Jr.",Jimmy,TN,2,200,200,
v0.1.0,1.1.0,D000598,113,H,2013-01-03,2015-01-02,Susan,Davis,Susan A. Davis,,CA,53,100,100,
v0.1.0,1.1.0,D000600,113,H,2013-01-03,2015-01-02,Mario,Diaz-Balart,Mario Diaz-Balart,,FL,25,200,200,
v0.1.0,1.1.0,D000604,113,H,2013-01-03,2015-01-02,Charles,Dent,Charles W. Dent,,PA,15,200,200,
v0.1.0,1.1.0,D000610,113,H,2013-01-03,2015-01-02,Theodore,Deutch,Theodore E. Deutch,Ted,FL,21,100,100,
v0.1.0,1.1.0,D000612,113,H,2013-01-03,2015-01-02,Jeff,Denham,Jeff Denham,,CA,10,200,200,
v0.1.0,1.1.0,D000614,113,H,2013-01-03,2015-01-02,Sean,Duffy,Sean P. Duffy,,WI,7,200,200,
v0.1.0,1.1.0,D000615,113,H,2013-01-03,2015-01-02,Jeff,Duncan,Jeff Duncan,,SC,3,200,200,
v0.1.0,1.1.0,D000616,113,H,2013-01-03,2015-01-02,Scott,DesJarlais,Scott DesJarlais,,TN,4,200,200,
v0.1.0,1.1.0,D000617,113,H,2013-01-03,2015-01-02,Suzan,DelBene,Suzan K. DelBene,,WA,1,100,100,
v0.1.0,1.1.0,D000618,113,H,2013-01-03,2015-01-02,Steve,Daines,Steve Daines,,MT,0,200,200,
v0.1.0,1.1.0,D000619,113,H,2013-01-03,2015-01-02,Rodney,Davis,Rodney Davis,,IL,13,200,200,
v0.1.0,1.1.0,D000620,113,H,2013-01-03,2015-01-02,John,Delaney,John K. Delaney,,MD,6,100,100,
v0.1.0,1.1.0,D000621,113,H,2013-01-03,2015-01-02,Ron,DeSantis,Ron DeSantis,,FL,6,200,200,
v0.1.0,1.1.0,D000622,113,H,2013-01-03,2015-01-02,Tammy,Duckworth,Tammy Duckworth,,IL,8,100,100,
v0.1.0,1.1.0,E000172,113,H,2013-01-03,2013-01-21,Jo Ann,Emerson,Jo Ann Emerson,,MO,8,200,200,
v0.1.0,1.1.0,E000179,113,H,2013-01-03,2015-01-02,Eliot,Engel,Eliot L. Engel,,NY,16,100,100,
v0.1.0,1.1.0,E000215,113,H,2013-01-03,2015-01-02,Anna,Eshoo,Anna G. Eshoo,,CA,18,100,100,
v0.1.0,1.1.0,E000288,113,H,2013-01-03,2015-01-02,Keith,Ellison,Keith Ellison,,MN,5,100,100,
v0.1.0,1.1.0,E000290,113,H,2013-01-03,2015-01-02,Donna,Edwards,Donna F. Edwards,,MD,4,100,100,
v0.1.0,1.1.0,E000291,113,H,2013-01-03,2015-01-02,Renee,Ellmers,Renee L. Ellmers,,NC,2,200,200,
v0.1.0,1.1.0,E000292,113,H,2013-01-03,2015-01-02,William,Enyart,William L. Enyart,,IL,12,100,100,
v0.1.0,1.1.0,E000293,113,H,2013-01-03,2015-01-02,Elizabeth,Esty,Elizabeth H. Esty,,CT,5,100,100,
v0.1.0,1.1.0,F000010,113,H,2013-01-03,2015-01-02,Eni,Faleomavaega,Eni F. H. Faleomavaega,,AS,0,100,100,
v0.1.0,1.1.0,F000030,113,H,2013-01-03,2015-01-02,Sam,Farr,Sam Farr,,CA,20,100,100,
v0.1.0,1.1.0,F000043,113,H,2013-01-03,2015-01-02,Chaka,Fattah,Chaka Fattah,,PA,2,100,100,
v0.1.0,1.1.0,F000372,113,H,2013-01-03,2015-01-02,Rodney,Frelinghuysen,Rodney P. Frelinghuysen,,NJ,11,200,200,
v0.1.0,1.1.0,F000445,113,H,2013-01-03,2015-01-02,J.,Forbes,J. Randy Forbes,,VA,4,200,200,
v0.1.0,1.1.0,F000448,113,H,2013-01-03,2015-01-02,Trent,Franks,Trent Franks,,AZ,8,200,200,
v0.1.0,1.1.0,F000449,113,H,2013-01-03,2015-01-02,Jeff,Fortenberry,Jeff Fortenberry,,NE,1,200,200,
v0.1.0,1.1.0,F000450,113,H,2013-01-03,2015-01-02,Virginia,Foxx,Virginia Foxx,,NC,5,200,200,
v0.1.0,1.1.0,F000451,113,H,2013-01-03,2015-01-02,Michael,Fitzpatrick,Michael G. Fitzpatrick,,PA,8,200,200,
v0.1.0,1.1.0,F000454,113,H,2013-01-03,2015-01-02,Bill,Foster,Bill Foster,,IL,11,100,100,
v0.1.0,1.1.0,F000455,113,H,2013-01-03,2015-01-02,Marcia,Fudge,Marcia L. Fudge,,OH,11,100,100,
v0.1.0,1.1.0,F000456,113,H,2013-01-03,2015-01-02,John,Fleming,John Fleming,,LA,4,200,200,
v0.1.0,1.1.0,F000458,113,H,2013-01-03,2015-01-02,Stephen,Fincher,Stephen Lee Fincher,,TN,8,200,200,
v0.1.0,1.1.0,F000459,113,H,2013-01-03,2015-01-02,Charles,Fleischmann,"Charles J. ""Chuck"" Fleischmann",Chuck,TN,3,200,200,
v0.1.0,1.1.0,F000460,113,H,2013-01-03,2015-01-02,Blake,Farenthold,Blake Farenthold,,TX,27,200,200,
v0.1.0,1.1.0,F000461,113,H,2013-01-03,2015-01-02,Bill,Flores,Bill Flores,,TX,17,200,200,
v0.1.0,1.1.0,F000462,113,H,2013-01-03,2015-01-02,Lois,Frankel,Lois Frankel,,FL,22,100,100,
v0.1.0,1.1.0,G000289,113,H,2013-01-03,2015-01-02,Bob,Goodlatte,Bob Goodlatte,,VA,6,200,200,
v0.1.0,1.1.0,G000377,113,H,2013-01-03,2015-01-02,Kay,Granger,Kay Granger,,TX,12,200,200,
v0.1.0,1.1.0,G000410,113,H,2013-01-03,2015-01-02,Gene,Green,Gene Green,,TX,29,100,100,
v0.1.0,1.1.0,G000535,113,H,2013-01-03,2015-01-02,Luis,Gutiérrez,Luis V. Gutiérrez,,IL,4,100,100,
v0.1.0,1.1.0,G000546,113,H,2013-01-03,2015-01-02,Sam,Graves,Sam Graves,,MO,6,200,200,
v0.1.0,1.1.0,G000548,113,H,2013-01-03,2015-01-02,Scott,Garrett,Scott Garrett,,NJ,5,200,200,
v0.1.0,1.1.0,G000549,113,H,2013-01-03,2015-01-02,Jim,Gerlach,Jim Gerlach,,PA,6,200,200,
v0.1.0,1.1.0,G000550,113,H,2013-01-03,2015-01-02,Phil,Gingrey,Phil Gingrey,,GA,11,200,200,
v0.1.0,1.1.0,G000551,113,H,2013-01-03,2015-01-02,Raúl,Grijalva,Raúl M. Grijalva,,AZ,3,100,100,
v0.1.0,1.1.0,G000552,113,H,2013-01-03,2015-01-02,Louie,Gohmert,Louie Gohmert,,TX,1,200,200,
v0.1.0,1.1.0,G000553,113,H,2013-01-03,2015-01-02,Al,Green,Al Green,,TX,9,100,100,
v0.1.0,1.1.0,G000556,113,H,2013-01-03,2015-01-02,Alan,Grayson,Alan Grayson,,FL,9,100,100,
v0.1.0,1.1.0,G000558,113,H,2013-01-03,2015-01-02,Brett,Guthrie,Brett Guthrie,,KY,2,200,200,
v0.1.0,1.1.0,G000559,113,H,2013-01-03,2015-01-02,John,Garamendi,John Garamendi,,CA,3,100,100,
v0.1.0,1.1.0,G000560,113,H,2013-01-03,2015-01-02,Tom,Graves,Tom Graves,,GA,14,200,200,
v0.1.0,1.1.0,G000562,113,H,2013-01-03,2015-01-02,Cory,Gardner,Cory Gardner,,CO,4,200,200,
v0.1.0,1.1.0,G000563,113,H,2013-01-03,2015-01-02,Bob,Gibbs,Bob Gibbs,,OH,7,200,200,
v0.1.0,1.1.0,G000564,113,H,2013-01-03,2015-01-02,Christopher,Gibson,Christopher P. Gibson,,NY,19,200,200,
v0.1.0,1.1.0,G000565,113,H,2013-01-03,2015-01-02,Paul,Gosar,Paul A. Gosar,,AZ,4,200,200,
v0.1.0,1.1.0,G000566,113,H,2013-01-03,2015-01-02,Trey,Gowdy,Trey Gowdy,,SC,4,200,200,
v0.1.0,1.1.0,G000567,113,H,2013-01-03,2015-01-02,Tim,Griffin,Tim Griffin,,AR,2,200,200,
v0.1.0,1.1.0,G000568,113,H,2013-01-03,2015-01-02,H.,Griffith,H. Morgan Griffith,,VA,9,200,200,
v0.1.0,1.1.0,G000569,113,H,2013-01-03,2015-01-02,Michael,Grimm,Michael G. Grimm,,NY,11,200,200,
v0.1.0,1.1.0,G000571,113,H,2013-01-03,2015-01-02,Tulsi,Gabbard,Tulsi Gabbard,,HI,2,100,100,
v0.1.0,1.1.0,G000572,113,H,2013-01-03,2015-01-02,Pete,Gallego,Pete P. Gallego,,TX,23,100,100,
v0.1.0,1.1.0,G000573,113,H,2013-01-03,2015-01-02,Joe,Garcia,Joe Garcia,,FL,26,100,100,
v0.1.0,1.1.0,H000067,113,H,2013-01-03,2015-01-02,Ralph,Hall,Ralph M. Hall,,TX,4,200,200,
v0.1.0,1.1.0,H000324,113,H,2013-01-03,2015-01-02,Alcee,Hastings,Alcee L. Hastings,,FL,20,100,100,
v0.1.0,1.1.0,H000329,113,H,2013-01-03,2015-01-02,Doc,Hastings,Doc Hastings,,WA,4,200,200,
v0.1.0,1.1.0,H000636,113,H,2013-01-03,2015-01-02,Rubén,Hinojosa,Rubén Hinojosa,,TX,15,100,100,
v0.1.0,1.1.0,H000874,113,H,2013-01-03,2015-01-02,Steny,Hoyer,Steny H. Hoyer,,MD,5,100,100,
v0.1.0,1.1.0,H001032,113,H,2013-01-03,2015-01-02,Rush,Holt,Rush Holt,,NJ,12,100,100,
v0.1.0,1.1.0,H001034,113,H,2013-01-03,2015-01-02,Michael,Honda,Michael M. Honda,Mike,CA,17,100,100,
v0.1.0,1.1.0,H001036,113,H,2013-01-03,2015-01-02,Jeb,Hensarling,Jeb Hensarling,,TX,5,200,200,
v0.1.0,1.1.0,H001038,113,H,2013-01-03,2015-01-02,Brian,Higgins,Brian Higgins,,NY,26,100,100,
v0.1.0,1.1.0,H001045,113,H,2013-01-03,2015-01-02,Gregg,Harper,Gregg Harper,,MS,3,200,200,
v0.1.0,1.1.0,H001047,113,H,2013-01-03,2015-01-02,James,Himes,James A. Himes,Jim,CT,4,100,100,
v0.1.0,1.1.0,H001048,113,H,2013-01-03,2015-01-02,Duncan,Hunter,Duncan Hunter,,CA,50,200,200,
v0.1.0,1.1.0,H001050,113,H,2013-01-03,2015-01-02,Colleen,Hanabusa,Colleen Hanabusa,,HI,1,100,100,
v0.1.0,1.1.0,H001051,113,H,2013-01-03,2015-01-02,Richard,Hanna,Richard L. Hanna,,NY,22,200,200,
v0.1.0,1.1.0,H001052,113,H,2013-01-03,2015-01-02,Andy,Harris,Andy Harris,,MD,1,200,200,
v0.1.0,1.1.0,H001053,113,H,2013-01-03,2015-01-02,Vicky,Hartzler,Vicky Hartzler,,MO,4,200,200,
v0.1.0,1.1.0,H001055,113,H,2013-01-03,2015-01-02,Joseph,Heck,Joseph J. Heck,,NV,3,200,200,
v0.1.0,1.1.0,H001056,113,H,2013-01-03,2015-01-02,Jaime,Herrera Beutler,Jaime Herrera Beutler,,WA,3,200,200,
v0.1.0,1.1.0,H001057,113,H,2013-01-03,2015-01-02,Tim,Huelskamp,Tim Huelskamp,,KS,1,200,200,
v0.1.0,1.1.0,H001058,113,H,2013-01-03,2015-01-02,Bill,Huizenga,Bill Huizenga,,MI,2,200,200,
v0.1.0,1.1.0,H001059,113,H,2013-01-03,2015-01-02,Randy,Hultgren,Randy Hultgren,,IL,14,200,200,
v0.1.0,1.1.0,H001060,113,H,2013-01-03,2015-01-02,Robert,Hurt,Robert Hurt,,VA,5,200,200,
v0.1.0,1.1.0,H001063,113,H,2013-01-03,2015-01-02,Janice,Hahn,Janice Hahn,,CA,44,100,100,
v0.1.0,1.1.0,H001064,113,H,2013-01-03,2015-01-02,Denny,Heck,Denny Heck,,WA,10,100,100,
v0.1.0,1.1.0,H001065,113,H,2013-01-03,2015-01-02,George,Holding,George Holding,,NC,13,200,200,
v0.1.0,1.1.0,H001066,113,H,2013-01-03,2015-01-02,Steven,Horsford,Steven Horsford,,NV,4,100,100,
v0.1.0,1.1.0,H001067,113,H,2013-01-03,2015-01-02,Richard,Hudson,Richard Hudson,,NC,8,200,200,
v0.1.0,1.1.0,H001068,113,H,2013-01-03,2015-01-02,Jared,Huffman,Jared Huffman,,CA,2,100,100,
v0.1.0,1.1.0,I000056,113,H,2013-01-03,2015-01-02,Darrell,Issa,Darrell Issa,,CA,49,200,200,
v0.1.0,1.1.0,I000057,113,H,2013-01-03,2015-01-02,Steve,Israel,Steve Israel,,NY,3,100,100,
v0.1.0,1.1.0,J000032,113,H,2013-01-03,2015-01-02,Sheila,Jackson Lee,Sheila Jackson Lee,,TX,18,100,100,
v0.1.0,1.1.0,J000126,113,H,2013-01-03,2015-01-02,Eddie,Johnson,Eddie Bernice Johnson,,TX,30,100,100,
v0.1.0,1.1.0,J000174,113,H,2013-01-03,2015-01-02,Sam,Johnson,Sam Johnson,,TX,3,200,200,
v0.1.0,1.1.0,J000255,113,H,2013-01-03,2015-01-02,Walter,Jones,Walter B. Jones,,NC,3,200,200,
v0.1.0,1.1.0,J000288,113,H,2013-01-03,2015-01-02,Henry,Johnson,"Henry C. ""Hank"" Johnson, Jr.",Hank,GA,4,100,100,
v0.1.0,1.1.0,J000289,113,H,2013-01-03,2015-01-02,Jim,Jordan,Jim Jordan,,OH,4,200,200,
v0.1.0,1.1.0,J000290,113,H,2013-01-03,2015-01-02,Lynn,Jenkins,Lynn Jenkins,,KS,2,200,200,
v0.1.0,1.1.0,J000292,113,H,2013-01-03,2015-01-02,Bill,Johnson,Bill Johnson,,OH,6,200,200,
v0.1.0,1.1.0,J000294,113,H,2013-01-03,2015-01-02,Hakeem,Jeffries,Hakeem S. Jeffries,,NY,8,100,100,
v0.1.0,1.1.0,J000295,113,H,2013-01-03,2015-01-02,David,Joyce,David P. Joyce,,OH,14,200,200,
v0.1.0,1.1.0,J000296,113,H,2014-03-11,2015-01-02,David,Jolly,David W. Jolly,,FL,13,200,200,
v0.1.0,1.1.0,K000009,113,H,2013-01-03,2015-01-02,Marcy,Kaptur,Marcy Kaptur,,OH,9,100,100,
v0.1.0,1.1.0,K000188,113,H,2013-01-03,2015-01-02,Ron,Kind,Ron Kind,,WI,3,100,100,
v0.1.0,1.1.0,K000210,113,H,2013-01-03,2015-01-02,Peter,King,Peter T. King,Pete,NY,2,200,200,
v0.1.0,1.1.0,K000220,113,H,2013-01-03,2015-01-02,Jack,Kingston,Jack Kingston,,GA,1,200,200,
v0.1.0,1.1.0,K000362,113,H,2013-01-03,2015-01-02,Steve,King,Steve King,,IA,4,200,200,
v0.1.0,1.1.0,K000363,113,H,2013-01-03,2015-01-02,John,Kline,John Kline,,MN,2,200,200,
v0.1.0,1.1.0,K000368,113,H,2013-01-03,2015-01-02,Ann,Kirkpatrick,Ann Kirkpatrick,,AZ,1,100,100,
v0.1.0,1.1.0,K000375,113,H,2013-01-03,2015-01-02,William,Keating,William R. Keating,,MA,9,100,100,
v0.1.0,1.1.0,K000376,113,H,2013-01-03,2015-01-02,Mike,Kelly,Mike Kelly,,PA,3,200,200,
v0.1.0,1.1.0,K000378,113,H,2013-01-03,2015-01-02,Adam,Kinzinger,Adam Kinzinger,,IL,16,200,200,
v0.1.0,1.1.0,K000379,113,H,2013-01-03,2015-01-02,Joseph,Kennedy,Joseph P. Kennedy III,,MA,4,100,100,
v0.1.0,1.1.0,K000380,113,H,2013-01-03,2015-01-02,Daniel,Kildee,Daniel T. Kildee,,MI,5,100,100,
v0.1.0,1.1.0,K000381,113,H,2013-01-03,2015-01-02,Derek,Kilmer,Derek Kilmer,,WA,6,100,100,
v0.1.0,1.1.0,K000382,113,H,2013-01-03,2015-01-02,Ann,Kuster,Ann M. Kuster,,NH,2,100,100,
v0.1.0,1.1.0,K000385,113,H,2013-04-09,2015-01-02,Robin,Kelly,Robin L. Kelly,,IL,2,100,100,
v0.1.0,1.1.0,L000111,113,H,2013-01-03,2015-01-02,Tom,Latham,Tom Latham,,IA,3,200,200,
v0.1.0,1.1.0,L000263,113,H,2013-01-03,2015-01-02,Sander,Levin,Sander M. Levin,,MI,9,100,100,
v0.1.0,1.1.0,L000287,113,H,2013-01-03,2015-01-02,John,Lewis,John Lewis,,GA,5,100,100,
v0.1.0,1.1.0,L000397,113,H,2013-01-03,2015-01-02,Zoe,Lofgren,Zoe Lofgren,,CA,19,100,100,
v0.1.0,1.1.0,L000480,113,H,2013-01-03,2015-01-02,Nita,Lowey,Nita M. Lowey,,NY,17,100,100,
v0.1.0,1.1.0,L000491,113,H,2013-01-03,2015-01-02,Frank,Lucas,Frank D. Lucas,,OK,3,200,200,
v0.1.0,1.1.0,L000551,113,H,2013-01-03,2015-01-02,Barbara,Lee,Barbara Lee,,CA,13,100,100,
v0.1.0,1.1.0,L000554,113,H,2013-01-03,2015-01-02,Frank,LoBiondo,Frank A. LoBiondo,,NJ,2,200,200,
v0.1.0,1.1.0,L000557,113,H,2013-01-03,2015-01-02,John,Larson,John B. Larson,,CT,1,100,100,
v0.1.0,1.1.0,L000559,113,H,2013-01-03,2015-01-02,James,Langevin,James R. Langevin,Jim,RI,2,100,100,
v0.1.0,1.1.0,L000560,113,H,2013-01-03,2015-01-02,Rick,Larsen,Rick Larsen,,WA,2,100,100,
v0.1.0,1.1.0,L000562,113,H,2013-01-03,2015-01-02,Stephen,Lynch,Stephen F. Lynch,,MA,8,100,100,
v0.1.0,1.1.0,L000563,113,H,2013-01-03,2015-01-02,Daniel,Lipinski,Daniel Lipinski,,IL,3,100,100,
v0.1.0,1.1.0,L000564,113,H,2013-01-03,2015-01-02,Doug,Lamborn,Doug Lamborn,,CO,5,200,200,
v0.1.0,1.1.0,L000565,113,H,2013-01-03,2015-01-02,David,Loebsack,David Loebsack,,IA,2,100,100,
v0.1.0,1.1.0,L000566,113,H,2013-01-03,2015-01-02,Robert,Latta,Robert E. Latta,,OH,5,200,200,
v0.1.0,1.1.0,L000567,113,H,2013-01-03,2015-01-02,Leonard,Lance,Leonard Lance,,NJ,7,200,200,
v0.1.0,1.1.0,L000569,113,H,2013-01-03,2015-01-02,Blaine,Luetkemeyer,Blaine Luetkemeyer,,MO,3,200,200,
v0.1.0,1.1.0,L000570,113,H,2013-01-03,2015-01-02,Ben,Luján,Ben Ray Luján,,NM,3,100,100,
v0.1.0,1.1.0,L000571,113,H,2013-01-03,2015-01-02,Cynthia,Lummis,Cynthia M. Lummis,,WY,0,200,200,
v0.1.0,1.1.0,L000573,113,H,2013-01-03,2015-01-02,Raúl,Labrador,Raúl R. Labrador,,ID,1,200,200,
v0.1.0,1.1.0,L000575,113,H,2013-01-03,2015-01-02,James,Lankford,James Lankford,,OK,5,200,200,
v0.1.0,1.1.0,L000576,113,H,2013-01-03,2015-01-02,Billy,Long,Billy Long,,MO,7,200,200,
v0.1.0,1.1.0,L000578,113,H,2013-01-03,2015-01-02,Doug,LaMalfa,Doug LaMalfa,,CA,1,200,200,
v0.1.0,1.1.0,L000579,113,H,2013-01-03,2015-01-02,Alan,Lowenthal,Alan S. Lowenthal,,CA,47,100,100,
v0.1.0,1.1.0,L000580,113,H,2013-01-03,2015-01-02,Michelle,Lujan Grisham,Michelle Lujan Grisham,,NM,1,100,100,
v0.1.0,1.1.0,M000087,113,H,2013-01-03,2015-01-02,Carolyn,Maloney,Carolyn B. Maloney,,NY,12,100,100,
v0.1.0,1.1.0,M000133,113,H,2013-01-03,2013-07-14,Edward,Markey,Edward J. Markey,Ed,MA,5,100,100,
v0.1.0,1.1.0,M000309,113,H,2013-01-03,2015-01-02,Carolyn,McCarthy,Carolyn McCarthy,,NY,4,100,100,
v0.1.0,1.1.0,M000312,113,H,2013-01-03,2015-01-02,James,McGovern,James P. McGovern,Jim,MA,2,100,100,
v0.1.0,1.1.0,M000404,113,H,2013-01-03,2015-01-02,Jim,McDermott,Jim McDermott,,WA,7,100,100,
v0.1.0,1.1.0,M000485,113,H,2013-01-03,2015-01-02,Mike,McIntyre,Mike McIntyre,,NC,7,100,100,
v0.1.0,1.1.0,M000508,113,H,2013-01-03,2015-01-02,Howard,McKeon,"Howard P. ""Buck"" McKeon",Buck,CA,25,200,200,
v0.1.0,1.1.0,M000689,113,H,2013-01-03,2015-01-02,John,Mica,John L. Mica,,FL,7,200,200,
v0.1.0,1.1.0,M000725,113,H,2013-01-03,2015-01-02,George,Miller,George Miller,,CA,11,100,100,
v0.1.0,1.1.0,M000933,113,H,2013-01-03,2015-01-02,James,Moran,James P. Moran,Jim,VA,8,100,100,
v0.1.0,1.1.0,M001137,113,H,2013-01-03,2015-01-02,Gregory,Meeks,Gregory W. Meeks,,NY,5,100,100,
v0.1.0,1.1.0,M001139,113,H,2013-01-03,2015-01-02,Gary,Miller,Gary G. Miller,,CA,31,200,200,
v0.1.0,1.1.0,M001142,113,H,2013-01-03,2015-01-02,Jim,Matheson,Jim Matheson,,UT,4,100,100,
v0.1.0,1.1.0,M001143,113,H,2013-01-03,2015-01-02,Betty,McCollum,Betty McCollum,,MN,4,100,100,
v0.1.0,1.1.0,M001144,113,H,2013-01-03,2015-01-02,Jeff,Miller,Jeff Miller,,FL,1,200,200,
v0.1.0,1.1.0,M001149,113,H,2013-01-03,2015-01-02,Michael,Michaud,Michael H. Michaud,,ME,2,100,100,
v0.1.0,1.1.0,M001150,113,H,2013-01-03,2015-01-02,Candice,Miller,Candice S. Miller,,MI,10,200,200,
v0.1.0,1.1.0,M001151,113,H,2013-01-03,2015-01-02,Tim,Murphy,Tim Murphy,,PA,18,200,200,
v0.1.0,1.1.0,M001156,113,H,2013-01-03,2015-01-02,Patrick,McHenry,Patrick T. McHenry,,NC,10,200,200,
v0.1.0,1.1.0,M001157,113,H,2013-01-03,2015-01-02,Michael,McCaul,Michael T. McCaul,,TX,10,200,200,
v0.1.0,1.1.0,M001158,113,H,2013-01-03,2015-01-02,Kenny,Marchant,Kenny Marchant,,TX,24,200,200,
v0.1.0,1.1.0,M001159,113,H,2013-01-03,2015-01-02,Cathy,McMorris Rodgers,Cathy McMorris Rodgers,,WA,5,200,200,
v0.1.0,1.1.0,M001160,113,H,2013-01-03,2015-01-02,Gwen,Moore,Gwen Moore,,WI,4,100,100,
v0.1.0,1.1.0,M001163,113,H,2013-01-03,2015-01-02,Doris,Matsui,Doris O. Matsui,,CA,6,100,100,
v0.1.0,1.1.0,M001165,113,H,2013-01-03,2015-01-02,Kevin,McCarthy,Kevin McCarthy,,CA,23,200,200,
v0.1.0,1.1.0,M001166,113,H,2013-01-03,2015-01-02,Jerry,McNerney,Jerry McNerney,,CA,9,100,100,
v0.1.0,1.1.0,M001171,113,H,2013-01-03,2015-01-02,Daniel,Maffei,Daniel B. Maffei,,NY,24,100,100,
v0.1.0,1.1.0,M001177,113,H,2013-01-03,2015-01-02,Tom,McClintock,Tom McClintock,,CA,4,200,200,
v0.1.0,1.1.0,M001179,113,H,2013-01-03,2015-01-02,Tom,Marino,Tom Marino,,PA,10,200,200,
v0.1.0,1.1.0,M001180,113,H,2013-01-03,2015-01-02,David,McKinley,David B. McKinley,,WV,1,200,200,
v0.1.0,1.1.0,M001181,113,H,2013-01-03,2015-01-02,Patrick,Meehan,Patrick Meehan,,PA,7,200,200,
v0.1.0,1.1.0,M001182,113,H,2013-01-03,2015-01-02,Mick,Mulvaney,Mick Mulvaney,,SC,5,200,200,
v0.1.0,1.1.0,M001184,113,H,2013-01-03,2015-01-02,Thomas,Massie,Thomas Massie,,KY,4,200,200,
v0.1.0,1.1.0,M001185,113,H,2013-01-03,2015-01-02,Sean,Maloney,Sean Patrick Maloney,,NY,18,100,100,
v0.1.0,1.1.0,M001187,113,H,2013-01-03,2015-01-02,Mark,Meadows,Mark Meadows,,NC,11,200,200,
v0.1.0,1.1.0,M001188,113,H,2013-01-03,2015-01-02,Grace,Meng,Grace Meng,,NY,6,100,100,
v0.1.0,1.1.0,M001189,113,H,2013-01-03,2015-01-02,Luke,Messer,Luke Messer,,IN,6,200,200,
v0.1.0,1.1.0,M001190,113,H,2013-01-03,2015-01-02,Markwayne,Mullin,Markwayne Mullin,,OK,2,200,200,
v0.1.0,1.1.0,M001191,113,H,2013-01-03,2015-01-02,Patrick,Murphy,Patrick Murphy,,FL,18,100,100,
v0.1.0,1.1.0,M001192,113,H,2013-11-16,2015-01-02,Vance,McAllister,Vance M. McAllister,,LA,5,200,200,
v0.1.0,1.1.0,N000002,113,H,2013-01-03,2015-01-02,Jerrold,Nadler,Jerrold Nadler,,NY,10,100,100,
v0.1.0,1.1.0,N000015,113,H,2013-01-03,2015-01-02,Richard,Neal,Richard E. Neal,,MA,1,100,100,
v0.1.0,1.1.0,N000127,113,H,2013-01-03,2015-01-02,Richard,Nolan,Richard M. Nolan,,MN,8,100,100,
v0.1.0,1.1.0,N000147,113,H,2013-01-03,2015-01-02,Eleanor,Norton,Eleanor Holmes Norton,,DC,0,100,100,
v0.1.0,1.1.0,N000179,113,H,2013-01-03,2015-01-02,Grace,Napolitano,Grace F. Napolitano,,CA,32,100,100,
v0.1.0,1.1.0,N000181,113,H,2013-01-03,2015-01-02,Devin,Nunes,Devin Nunes,,CA,22,200,200,
v0.1.0,1.1.0,N000182,113,H,2013-01-03,2015-01-02,Randy,Neugebauer,Randy Neugebauer,,TX,19,200,200,
v0.1.0,1.1.0,N000184,113,H,2013-01-03,2015-01-02,Kristi,Noem,Kristi L. Noem,,SD,0,200,200,
v0.1.0,1.1.0,N000185,113,H,2013-01-03,2015-01-02,Richard,Nugent,Richard B. Nugent,,FL,11,200,200,
v0.1.0,1.1.0,N000186,113,H,2013-01-03,2015-01-02,Alan,Nunnelee,Alan Nunnelee,,MS,1,200,200,
v0.1.0,1.1.0,N000187,113,H,2013-01-03,2015-01-02,Gloria,Negrete McLeod,Gloria Negrete McLeod,,CA,35,100,100,
v0.1.0,1.1.0,N000188,113,H,2014-11-12,2015-01-02,Donald,Norcross,Donald Norcross,,NJ,1,100,100,
v0.1.0,1.1.0,O000168,113,H,2013-01-03,2015-01-02,Pete,Olson,Pete Olson,,TX,22,200,200,
v0.1.0,1.1.0,O000169,113,H,2013-01-03,2015-01-02,William,Owens,William L. Owens,,NY,21,100,100,
v0.1.0,1.1.0,O000170,113,H,2013-01-03,2015-01-02,Beto,O’Rourke,Beto O’Rourke,,TX,16,100,100,
v0.1.0,1.1.0,P000034,113,H,2013-01-03,2015-01-02,Frank,Pallone,"Frank Pallone, Jr.",,NJ,6,100,100,
v0.1.0,1.1.0,P000096,113,H,2013-01-03,2015-01-02,Bill,Pascrell,"Bill Pascrell, Jr.",,NJ,9,100,100,
v0.1.0,1.1.0,P000099,113,H,2013-01-03,2015-01-02,Ed,Pastor,Ed Pastor,,AZ,7,100,100,
v0.1.0,1.1.0,P000258,113,H,2013-01-03,2015-01-02,Collin,Peterson,Collin C. Peterson,,MN,7,100,100,
v0.1.0,1.1.0,P000265,113,H,2013-01-03,2015-01-02,Thomas,Petri,Thomas E. Petri,Tom,WI,6,200,200,
v0.1.0,1.1.0,P000373,113,H,2013-01-03,2015-01-02,Joseph,Pitts,Joseph R. Pitts,,PA,16,200,200,
v0.1.0,1.1.0,P000523,113,H,2013-01-03,2015-01-02,David,Price,David E. Price,,NC,4,100,100,
v0.1.0,1.1.0,P000588,113,H,2013-01-03,2015-01-02,Stevan,Pearce,Stevan Pearce,Steve,NM,2,200,200,
v0.1.0,1.1.0,P000591,113,H,2013-01-03,2015-01-02,Tom,Price,Tom Price,,GA,6,200,200,
v0.1.0,1.1.0,P000592,113,H,2013-01-03,2015-01-02,Ted,Poe,Ted Poe,,TX,2,200,200,
v0.1.0,1.1.0,P000593,113,H,2013-01-03,2015-01-02,Ed,Perlmutter,Ed Perlmutter,,CO,7,100,100,
v0.1.0,1.1.0,P000594,113,H,2013-01-03,2015-01-02,Erik,Paulsen,Erik Paulsen,,MN,3,200,200,
v0.1.0,1.1.0,P000595,113,H,2013-01-03,2015-01-02,Gary,Peters,Gary C. Peters,,MI,14,100,100,
v0.1.0,1.1.0,P000596,113,H,2013-01-03,2015-01-02,Pedro,Pierluisi,Pedro R. Pierluisi,,PR,0,100,100,
v0.1.0,1.1.0,P000597,113,H,2013-01-03,2015-01-02,Chellie,Pingree,Chellie Pingree,,ME,1,100,100,
v0.1.0,1.1.0,P000598,113,H,2013-01-03,2015-01-02,Jared,Polis,Jared Polis,,CO,2,100,100,
v0.1.0,1.1.0,P000599,113,H,2013-01-03,2015-01-02,Bill,Posey,Bill Posey,,FL,8,200,200,
v0.1.0,1.1.0,P000601,113,H,2013-01-03,2015-01-02,Steven,Palazzo,Steven M. Palazzo,,MS,4,200,200,
v0.1.0,1.1.0,P000602,113,H,2013-01-03,2015-01-02,Mike,Pompeo,Mike Pompeo,,KS,4,200,200,
v0.1.0,1.1.0,P000604,113,H,2013-01-03,2015-01-02,Donald,Payne,"Donald M. Payne, Jr.",,NJ,10,100,100,
v0.1.0,1.1.0,P000605,113,H,2013-01-03,2015-01-02,Scott,Perry,Scott Perry,,PA,4,200,200,
v0.1.0,1.1.0,P000606,113,H,2013-01-03,2015-01-02,Robert,Pittenger,Robert Pittenger,,NC,9,200,200,
v0.1.0,1.1.0,P000607,113,H,2013-01-03,2015-01-02,Mark,Pocan,Mark Pocan,,WI,2,100,100,
v0.1.0,1.1.0,P000608,113,H,2013-01-03,2015-01-02,Scott,Peters,Scott H. Peters,,CA,52,100,100,
v0.1.0,1.1.0,Q000023,113,H,2013-01-03,2015-01-02,Mike,Quigley,Mike Quigley,,IL,5,100,100,
v0.1.0,1.1.0,R000011,113,H,2013-01-03,2015-01-02,Nick,Rahall,Nick J. Rahall II,,WV,3,100,100,
v0.1.0,1.1.0,R000053,113,H,2013-01-03,2015-01-02,Charles,Rangel,Charles B. Rangel,Charlie,NY,13,100,100,
v0.1.0,1.1.0,R000395,113,H,2013-01-03,2015-01-02,Harold,Rogers,Harold Rogers,Hal,KY,5,200,200,
v0.1.0,1.1.0,R000409,113,H,2013-01-03,2015-01-02,Dana,Rohrabacher,Dana Rohrabacher,,CA,48,200,200,
v0.1.0,1.1.0,R000435,113,H,2013-01-03,2015-01-02,Ileana,Ros-Lehtinen,Ileana Ros-Lehtinen,,FL,27,200,200,
v0.1.0,1.1.0,R000486,113,H,2013-01-03,2015-01-02,Lucille,Roybal-Allard,Lucille Roybal-Allard,,CA,40,100,100,
v0.1.0,1.1.0,R000487,113,H,2013-01-03,2015-01-02,Edward,Royce,Edward R. Royce,Ed,CA,39,200,200,
v0.1.0,1.1.0,R000515,113,H,2013-01-03,2015-01-02,Bobby,Rush,Bobby L. Rush,,IL,1,100,100,
v0.1.0,1.1.0,R000570,113,H,2013-01-03,2015-01-02,Paul,Ryan,Paul D. Ryan,,WI,1,200,200,
v0.1.0,1.1.0,R000572,113,H,2013-01-03,2015-01-02,Mike,Rogers,Mike Rogers,,MI,8,200,200,
v0.1.0,1.1.0,R000575,113,H,2013-01-03,2015-01-02,Mike,Rogers,Mike Rogers,,AL,3,200,200,
v0.1.0,1.1.0,R000576,113,H,2013-01-03,2015-01-02,C.,Ruppersberger,C. A. Dutch Ruppersberger,,MD,2,100,100,
v0.1.0,1.1.0,R000577,113,H,2013-01-03,2015-01-02,Tim,Ryan,Tim Ryan,,OH,13,100,100,
v0.1.0,1.1.0,R000578,113,H,2013-01-03,2015-01-02,David,Reichert,David G. Reichert,,WA,8,200,200,
v0.1.0,1.1.0,R000580,113,H,2013-01-03,2015-01-02,Peter,Roskam,Peter J. Roskam,,IL,6,200,200,
v0.1.0,1.1.0,R000582,113,H,2013-01-03,2015-01-02,David,Roe,David P. Roe,Phil,TN,1,200,200,
v0.1.0,1.1.0,R000583,113,H,2013-01-03,2015-01-02,Thomas,Rooney,Thomas J. Rooney,,FL,17,200,200,
v0.1.0,1.1.0,R000585,113,H,2013-01-03,2015-01-02,Tom,Reed,Tom Reed,,NY,23,200,200,
v0.1.0,1.1.0,R000586,113,H,2013-01-03,2015-01-02,James,Renacci,James B. Renacci,,OH,16,200,200,
v0.1.0,1.1.0,R000587,113,H,2013-01-03,2015-01-02,Reid,Ribble,Reid J. Ribble,,WI,8,200,200,
v0.1.0,1.1.0,R000588,113,H,2013-01-03,2015-01-02,Cedric,Richmond,Cedric L. Richmond,,LA,2,100,100,
v0.1.0,1.1.0,R000589,113,H,2013-01-03,2015-01-02,Edward,Rigell,E. Scott Rigell,Scott,VA,2,200,200,
v0.1.0,1.1.0,R000591,113,H,2013-01-03,2015-01-02,Martha,Roby,Martha Roby,,AL,2,200,200,
v0.1.0,1.1.0,R000592,113,H,2013-01-03,2015-01-02,Todd,Rokita,Todd Rokita,,IN,4,200,200,
v0.1.0,1.1.0,R000593,113,H,2013-01-03,2015-01-02,Dennis,Ross,Dennis A. Ross,,FL,15,200,200,
v0.1.0,1.1.0,R000594,113,H,2013-01-03,2015-01-02,Jon,Runyan,Jon Runyan,,NJ,3,200,200,
v0.1.0,1.1.0,R000596,113,H,2013-01-03,2014-01-26,Trey,Radel,Trey Radel,,FL,19,200,200,
v0.1.0,1.1.0,R000597,113,H,2013-01-03,2015-01-02,Tom,Rice,Tom Rice,,SC,7,200,200,
v0.1.0,1.1.0,R000598,113,H,2013-01-03,2015-01-02,Keith,Rothfus,Keith J. Rothfus,,PA,12,200,200,
v0.1.0,1.1.0,R000599,113,H,2013-01-03,2015-01-02,Raul,Ruiz,Raul Ruiz,,CA,36,100,100,
v0.1.0,1.1.0,S000018,113,H,2013-01-03,2015-01-02,Matt,Salmon,Matt Salmon,,AZ,5,200,200,
v0.1.0,1.1.0,S000030,113,H,2013-01-03,2015-01-02,Loretta,Sanchez,Loretta Sanchez,,CA,46,100,100,
v0.1.0,1.1.0,S000051,113,H,2013-05-15,2015-01-02,Marshall,Sanford,Mark Sanford,Mark,SC,1,200,200,
v0.1.0,1.1.0,S000185,113,H,2013-01-03,2015-01-02,Robert,Scott,"Robert C. ""Bobby"" Scott",Bobby,VA,3,100,100,
v0.1.0,1.1.0,S000244,113,H,2013-01-03,2015-01-02,F.,Sensenbrenner,"F. James Sensenbrenner, Jr.",,WI,5,200,200,
v0.1.0,1.1.0,S000248,113,H,2013-01-03,2015-01-02,José,Serrano,José E. Serrano,,NY,15,100,100,
v0.1.0,1.1.0,S000250,113,H,2013-01-03,2015-01-02,Pete,Sessions,Pete Sessions,,TX,32,200,200,
v0.1.0,1.1.0,S000344,113,H,2013-01-03,2015-01-02,Brad,Sherman,Brad Sherman,,CA,30,100,100,
v0.1.0,1.1.0,S000364,113,H,2013-01-03,2015-01-02,John,Shimkus,John Shimkus,,IL,15,200,200,
v0.1.0,1.1.0,S000480,113,H,2013-01-03,2015-01-02,Louise,Slaughter,Louise McIntosh Slaughter,,NY,25,100,100,
v0.1.0,1.1.0,S000510,113,H,2013-01-03,2015-01-02,Adam,Smith,Adam Smith,,WA,9,100,100,
v0.1.0,1.1.0,S000522,113,H,2013-01-03,2015-01-02,Christopher,Smith,Christopher H. Smith,Chris,NJ,4,200,200,
v0.1.0,1.1.0,S000583,113,H,2013-01-03,2015-01-02,Lamar,Smith,Lamar Smith,,TX,21,200,200,
v0.1.0,1.1.0,S000937,113,H,2013-01-03,2015-01-02,Steve,Stockman,Steve Stockman,,TX,36,200,200,
v0.1.0,1.1.0,S001145,113,H,2013-01-03,2015-01-02,Janice,Schakowsky,Janice D. Schakowsky,Jan,IL,9,100,100,
v0.1.0,1.1.0,S001148,113,H,2013-01-03,2015-01-02,Michael,Simpson,Michael K. Simpson,Mike,ID,2,200,200,
v0.1.0,1.1.0,S001150,113,H,2013-01-03,2015-01-02,Adam,Schiff,Adam B. Schiff,,CA,28,100,100,
v0.1.0,1.1.0,S001154,113,H,2013-01-03,2015-01-02,Bill,Shuster,Bill Shuster,,PA,9,200,200,
v0.1.0,1.1.0,S001156,113,H,2013-01-03,2015-01-02,Linda,Sánchez,Linda T. Sánchez,,CA,38,100,100,
v0.1.0,1.1.0,S001157,113,H,2013-01-03,2015-01-02,David,Scott,David Scott,,GA,13,100,100,
v0.1.0,1.1.0,S001162,113,H,2013-01-03,2015-01-02,Allyson,Schwartz,Allyson Y. Schwartz,,PA,13,100,100,
v0.1.0,1.1.0,S001165,113,H,2013-01-03,2015-01-02,Albio,Sires,Albio Sires,,NJ,8,100,100,
v0.1.0,1.1.0,S001168,113,H,2013-01-03,2015-01-02,John,Sarbanes,John P. Sarbanes,,MD,3,100,100,
v0.1.0,1.1.0,S001170,113,H,2013-01-03,2015-01-02,Carol,Shea-Porter,Carol Shea-Porter,,NH,1,100,100,
v0.1.0,1.1.0,S001172,113,H,2013-01-03,2015-01-02,Adrian,Smith,Adrian Smith,,NE,3,200,200,
v0.1.0,1.1.0,S001175,113,H,2013-01-03,2015-01-02,Jackie,Speier,Jackie Speier,,CA,14,100,100,
v0.1.0,1.1.0,S001176,113,H,2013-01-03,2015-01-02,Steve,Scalise,Steve Scalise,,LA,1,200,200,
v0.1.0,1.1.0,S001177,113,H,2013-01-03,2015-01-02,Gregorio,Sablan,Gregorio Kilili Camacho Sablan,,MP,0,100,100,
v0.1.0,1.1.0,S001179,113,H,2013-01-03,2015-01-02,Aaron,Schock,Aaron Schock,,IL,18,200,200,
v0.1.0,1.1.0,S001180,113,H,2013-01-03,2015-01-02,Kurt,Schrader,Kurt Schrader,,OR,5,100,100,
v0.1.0,1.1.0,S001183,113,H,2013-01-03,2015-01-02,David,Schweikert,David Schweikert,,AZ,6,200,200,
v0.1.0,1.1.0,S001185,113,H,2013-01-03,2015-01-02,Terri,Sewell,Terri A. Sewell,,AL,7,100,100,
v0.1.0,1.1.0,S001186,113,H,2013-01-03,2015-01-02,Steve,Southerland,Steve Southerland II,,FL,2,200,200,
v0.1.0,1.1.0,S001187,113,H,2013-01-03,2015-01-02,Steve,Stivers,Steve Stivers,,OH,15,200,200,
v0.1.0,1.1.0,S001188,113,H,2013-01-03,2015-01-02,Marlin,Stutzman,Marlin A. Stutzman,,IN,3,200,200,
v0.1.0,1.1.0,S001189,113,H,2013-01-03,2015-01-02,Austin,Scott,Austin Scott,,GA,8,200,200,
v0.1.0,1.1.0,S001190,113,H,2013-01-03,2015-01-02,Bradley,Schneider,Bradley Scott Schneider,Brad,IL,10,100,100,
v0.1.0,1.1.0,S001191,113,H,2013-01-03,2015-01-02,Kyrsten,Sinema,Kyrsten Sinema,,AZ,9,100,100,
v0.1.0,1.1.0,S001192,113,H,2013-01-03,2015-01-02,Chris,Stewart,Chris Stewart,,UT,2,200,200,
v0.1.0,1.1.0,S001193,113,H,2013-01-03,2015-01-02,Eric,Swalwell,Eric Swalwell,,CA,15,100,100,
v0.1.0,1.1.0,S001195,113,H,2013-06-04,2015-01-02,Jason,Smith,Jason Smith,,MO,8,200,200,
v0.1.0,1.1.0,T000193,113,H,2013-01-03,2015-01-02,Bennie,Thompson,Bennie G. Thompson,,MS,2,100,100,
v0.1.0,1.1.0,T000238,113,H,2013-01-03,2015-01-02,Mac,Thornberry,Mac Thornberry,,TX,13,200,200,
v0.1.0,1.1.0,T000266,113,H,2013-01-03,2015-01-02,John,Tierney,John F. Tierney,,MA,6,100,100,
v0.1.0,1.1.0,T000459,113,H,2013-01-03,2015-01-02,Lee,Terry,Lee Terry,,NE,2,200,200,
v0.1.0,1.1.0,T000460,113,H,2013-01-03,2015-01-02,Mike,Thompson,Mike Thompson,,CA,5,100,100,
v0.1.0,1.1.0,T000462,113,H,2013-01-03,2015-01-02,Patrick,Tiberi,Patrick J. Tiberi,Pat,OH,12,200,200,
v0.1.0,1.1.0,T000463,113,H,2013-01-03,2015-01-02,Michael,Turner,Michael R. Turner,,OH,10,200,200,
v0.1.0,1.1.0,T000465,113,H,2013-01-03,2015-01-02,Niki,Tsongas,Niki Tsongas,,MA,3,100,100,
v0.1.0,1.1.0,T000467,113,H,2013-01-03,2015-01-02,Glenn,Thompson,Glenn Thompson,,PA,5,200,200,
v0.1.0,1.1.0,T000468,113,H,2013-01-03,2015-01-02,Dina,Titus,Dina Titus,,NV,1,100,100,
v0.1.0,1.1.0,T000469,113,H,2013-01-03,2015-01-02,Paul,Tonko,Paul Tonko,,NY,20,100,100,
v0.1.0,1.1.0,T000470,113,H,2013-01-03,2015-01-02,Scott,Tipton,Scott R. Tipton,,CO,3,200,200,
v0.1.0,1.1.0,T000472,113,H,2013-01-03,2015-01-02,Mark,Takano,Mark Takano,,CA,41,100,100,
v0.1.0,1.1.0,U000031,113,H,2013-01-03,2015-01-02,Fred,Upton,Fred Upton,,MI,6,200,200,
v0.1.0,1.1.0,V000081,113,H,2013-01-03,2015-01-02,Nydia,Velázquez,Nydia M. Velázquez,,NY,7,100,100,
v0.1.0,1.1.0,V000108,113,H,2013-01-03,2015-01-02,Peter,Visclosky,Peter J. Visclosky,,IN,1,100,100,
v0.1.0,1.1.0,V000128,113,H,2013-01-03,2015-01-02,Chris,Van Hollen,Chris Van Hollen,,MD,8,100,100,
v0.1.0,1.1.0,V000129,113,H,2013-01-03,2015-01-02,David,Valadao,David G. Valadao,,CA,21,200,200,
v0.1.0,1.1.0,V000130,113,H,2013-01-03,2015-01-02,Juan,Vargas,Juan Vargas,,CA,51,100,100,
v0.1.0,1.1.0,V000131,113,H,2013-01-03,2015-01-02,Marc,Veasey,Marc A. Veasey,,TX,33,100,100,
v0.1.0,1.1.0,V000132,113,H,2013-01-03,2015-01-02,Filemon,Vela,Filemon Vela,,TX,34,100,100,
v0.1.0,1.1.0,W000187,113,H,2013-01-03,2015-01-02,Maxine,Waters,Maxine Waters,,CA,43,100,100,
v0.1.0,1.1.0,W000207,113,H,2013-01-03,2014-01-05,Melvin,Watt,Melvin L. Watt,Mel,NC,12,100,100,
v0.1.0,1.1.0,W000215,113,H,2013-01-03,2015-01-02,Henry,Waxman,Henry A. Waxman,,CA,33,100,100,
v0.1.0,1.1.0,W000413,113,H,2013-01-03,2015-01-02,Ed,Whitfield,Ed Whitfield,,KY,1,200,200,
v0.1.0,1.1.0,W000672,113,H,2013-01-03,2015-01-02,Frank,Wolf,Frank R. Wolf,,VA,10,200,200,
v0.1.0,1.1.0,W000791,113,H,2013-01-03,2015-01-02,Greg,Walden,Greg Walden,,OR,2,200,200,
v0.1.0,1.1.0,W000795,113,H,2013-01-03,2015-01-02,Joe,Wilson,Joe Wilson,,SC,2,200,200,
v0.1.0,1.1.0,W000796,113,H,2013-01-03,2015-01-02,Lynn,Westmoreland,Lynn A. Westmoreland,,GA,3,200,200,
v0.1.0,1.1.0,W000797,113,H,2013-01-03,2015-01-02,Debbie,Wasserman Schultz,Debbie Wasserman Schultz,,FL,23,100,100,
v0.1.0,1.1.0,W000798,113,H,2013-01-03,2015-01-02,Tim,Walberg,Tim Walberg,,MI,7,200,200,
v0.1.0,1.1.0,W000799,113,H,2013-01-03,2015-01-02,Timothy,Walz,Timothy J. Walz,,MN,1,100,100,
v0.1.0,1.1.0,W000800,113,H,2013-01-03,2015-01-02,Peter,Welch,Peter Welch,,VT,0,100,100,
v0.1.0,1.1.0,W000804,113,H,2013-01-03,2015-01-02,Robert,Wittman,Robert J. Wittman,,VA,1,200,200,
v0.1.0,1.1.0,W000806,113,H,2013-01-03,2015-01-02,Daniel,Webster,Daniel Webster,,FL,10,200,200,
v0.1.0,1.1.0,W000808,113,H,2013-01-03,2015-01-02,Frederica,Wilson,Frederica S. Wilson,,FL,24,100,100,
v0.1.0,1.1.0,W000809,113,H,2013-01-03,2015-01-02,Steve,Womack,Steve Womack,,AR,3,200,200,
v0.1.0,1.1.0,W000810,113,H,2013-01-03,2015-01-02,Rob,Woodall,Rob Woodall,,GA,7,200,200,
v0.1.0,1.1.0,W000812,113,H,2013-01-03,2015-01-02,Ann,Wagner,Ann Wagner,,MO,2,200,200,
v0.1.0,1.1.0,W000813,113,H,2013-01-03,2015-01-02,Jackie,Walorski,Jackie Walorski,,IN,2,200,200,
v0.1.0,1.1.0,W000814,113,H,2013-01-03,2015-01-02,Randy,Weber,"Randy K. Weber, Sr.",,TX,14,200,200,
v0.1.0,1.1.0,W000815,113,H,2013-01-03,2015-01-02,Brad,Wenstrup,Brad R. Wenstrup,,OH,2,200,200,
v0.1.0,1.1.0,W000816,113,H,2013-01-03,2015-01-02,Roger,Williams,Roger Williams,,TX,25,200,200,
v0.1.0,1.1.0,Y000031,113,H,2013-01-03,2013-10-17,C.,Young,C. W. Bill Young,,FL,13,200,200,
v0.1.0,1.1.0,Y000033,113,H,2013-01-03,2015-01-02,Don,Young,Don Young,,AK,0,200,200,
v0.1.0,1.1.0,Y000062,113,H,2013-01-03,2015-01-02,John,Yarmuth,John A. Yarmuth,,KY,3,100,100,
v0.1.0,1.1.0,Y000063,113,H,2013-01-03,2015-01-02,Kevin,Yoder,Kevin Yoder,,KS,3,200,200,
v0.1.0,1.1.0,Y000064,113,H,2013-01-03,2015-01-02,Todd,Young,Todd Young,,IN,9,200,200,
v0.1.0,1.1.0,Y000065,113,H,2013-01-03,2015-01-02,Ted,Yoho,Ted S. Yoho,,FL,3,200,200,
v0.1.0,1.1.0,A000360,113,S,2013-01-03,2015-01-02,Lamar,Alexander,Lamar Alexander,,TN,,200,200,
v0.1.0,1.1.0,A000368,113,S,2013-01-03,2015-01-02,Kelly,Ayotte,Kelly Ayotte,,NH,,200,200,
v0.1.0,1.1.0,B000243,113,S,2013-01-03,2014-02-05,Max,Baucus,Max Baucus,,MT,,100,100,
v0.1.0,1.1.0,B000575,113,S,2013-01-03,2015-01-02,Roy,Blunt,Roy Blunt,,MO,,200,200,
v0.1.0,1.1.0,B000711,113,S,2013-01-03,2015-01-02,Barbara,Boxer,Barbara Boxer,,CA,,100,100,
v0.1.0,1.1.0,B000944,113,S,2013-01-03,2015-01-02,Sherrod,Brown,Sherrod Brown,,OH,,100,100,
v0.1.0,1.1.0,B001135,113,S,2013-01-03,2015-01-02,Richard,Burr,Richard Burr,,NC,,200,200,
v0.1.0,1.1.0,B001230,113,S,2013-01-03,2015-01-02,Tammy,Baldwin,Tammy Baldwin,,WI,,100,100,
v0.1.0,1.1.0,B001236,113,S,2013-01-03,2015-01-02,John,Boozman,John Boozman,,AR,,200,200,
v0.1.0,1.1.0,B001261,113,S,2013-01-03,2015-01-02,John,Barrasso,John Barrasso,,WY,,200,200,
v0.1.0,1.1.0,B001265,113,S,2013-01-03,2015-01-02,Mark,Begich,Mark Begich,,AK,,100,100,
v0.1.0,1.1.0,B001267,113,S,2013-01-03,2015-01-02,Michael,Bennet,Michael F. Bennet,,CO,,100,100,
v0.1.0,1.1.0,B001277,113,S,2013-01-03,2015-01-02,Richard,Blumenthal,Richard Blumenthal,,CT,,100,100,
v0.1.0,1.1.0,B001288,113,S,2013-10-31,2015-01-02,Cory,Booker,Cory A. Booker,,NJ,,100,100,
v0.1.0,1.1.0,C000127,113,S,2013-01-03,2015-01-02,Maria,Cantwell,Maria Cantwell,,WA,,100,100,
v0.1.0,1.1.0,C000141,113,S,2013-01-03,2015-01-02,Benjamin,Cardin,Benjamin L. Cardin,,MD,,100,100,
v0.1.0,1.1.0,C000174,113,S,2013-01-03,2015-01-02,Thomas,Carper,Thomas R. Carper,,DE,,100,100,
v0.1.0,1.1.0,C000286,113,S,2013-01-03,2015-01-02,Saxby,Chambliss,Saxby Chambliss,,GA,,200,200,
v0.1.0,1.1.0,C000542,113,S,2013-01-03,2015-01-02,Daniel,Coats,Daniel Coats,,IN,,200,200,
v0.1.0,1.1.0,C000560,113,S,2013-01-03,2015-01-02,Thomas,Coburn,Tom Coburn,,OK,,200,200,
v0.1.0,1.1.0,C000567,113,S,2013-01-03,2015-01-02,Thad,Cochran,Thad Cochran,,MS,,200,200,
v0.1.0,1.1.0,C000880,113,S,2013-01-03,2015-01-02,Michael,Crapo,Mike Crapo,Mike,ID,,200,200,
v0.1.0,1.1.0,C001035,113,S,2013-01-03,2015-01-02,Susan,Collins,Susan M. Collins,,ME,,200,200,
v0.1.0,1.1.0,C001056,113,S,2013-01-03,2015-01-02,John,Cornyn,John Cornyn,,TX,,200,200,
v0.1.0,1.1.0,C001070,113,S,2013-01-03,2015-01-02,Robert,Casey,"Robert P. Casey, Jr.",Bob,PA,,100,100,
v0.1.0,1.1.0,C001071,113,S,2013-01-03,2015-01-02,Bob,Corker,Bob Corker,,TN,,200,200,
v0.1.0,1.1.0,C001088,113,S,2013-01-03,2015-01-02,Christopher,Coons,Christopher A. Coons,,DE,,100,100,
v0.1.0,1.1.0,C001098,113,S,2013-01-03,2015-01-02,Ted,Cruz,Ted Cruz,,TX,,200,200,
v0.1.0,1.1.0,C001099,113,S,2013-02-06,2013-07-15,William,Cowan,William M. Cowan,Mo,MA,,100,100,
v0.1.0,1.1.0,C001100,113,S,2013-06-10,2013-10-30,Jeffrey,Chiesa,Jeff Chiesa,,NJ,,200,200,
v0.1.0,1.1.0,D000563,113,S,2013-01-03,2015-01-02,Richard,Durbin,Richard J. Durbin,,IL,,100,100,
v0.1.0,1.1.0,D000607,113,S,2013-01-03,2015-01-02,Joe,Donnelly,Joe Donnelly,,IN,,100,100,
v0.1.0,1.1.0,E000285,113,S,2013-01-03,2015-01-02,Michael,Enzi,Michael B. Enzi,,WY,,200,200,
v0.1.0,1.1.0,F000062,113,S,2013-01-03,2015-01-02,Dianne,Feinstein,Dianne Feinstein,,CA,,100,100,
v0.1.0,1.1.0,F000444,113,S,2013-01-03,2015-01-02,Jeff,Flake,Jeff Flake,,AZ,,200,200,
v0.1.0,1.1.0,F000457,113,S,2013-01-03,2015-01-02,Alan,Franken,Al Franken,Al,MN,,100,100,
v0.1.0,1.1.0,F000463,113,S,2013-01-03,2015-01-02,Deb,Fischer,Deb Fischer,,NE,,200,200,
v0.1.0,1.1.0,G000359,113,S,2013-01-03,2015-01-02,Lindsey,Graham,Lindsey Graham,,SC,,200,200,
v0.1.0,1.1.0,G000386,113,S,2013-01-03,2015-01-02,Charles,Grassley,Chuck Grassley,Chuck,IA,,200,200,
v0.1.0,1.1.0,G000555,113,S,2013-01-03,2015-01-02,Kirsten,Gillibrand,Kirsten E. Gillibrand,,NY,,100,100,
v0.1.0,1.1.0,H000206,113,S,2013-01-03,2015-01-02,Thomas,Harkin,Tom Harkin,Tom,IA,,100,100,
v0.1.0,1.1.0,H000338,113,S,2013-01-03,2015-01-02,Orrin,Hatch,Orrin G. Hatch,,UT,,200,200,
v0.1.0,1.1.0,H001041,113,S,2013-01-03,2015-01-02,Dean,Heller,Dean Heller,,NV,,200,200,
v0.1.0,1.1.0,H001042,113,S,2013-01-03,2015-01-02,Mazie,Hirono,Mazie K. Hirono,,HI,,100,100,
v0.1.0,1.1.0,H001046,113,S,2013-01-03,2015-01-02,Martin,Heinrich,Martin Heinrich,,NM,,100,100,
v0.1.0,1.1.0,H001049,113,S,2013-01-03,2015-01-02,Kay,Hagan,Kay R. Hagan,,NC,,100,100,
v0.1.0,1.1.0,H001061,113,S,2013-01-03,2015-01-02,John,Hoeven,John Hoeven,,ND,,200,200,
v0.1.0,1.1.0,H001069,113,S,2013-01-03,2015-01-02,Heidi,Heitkamp,Heidi Heitkamp,,ND,,100,100,
v0.1.0,1.1.0,I000024,113,S,2013-01-03,2015-01-02,James,Inhofe,James M. Inhofe,Jim,OK,,200,200,
v0.1.0,1.1.0,I000055,113,S,2013-01-03,2015-01-02,John,Isakson,Johnny Isakson,Johnny,GA,,200,200,
v0.1.0,1.1.0,J000177,113,S,2013-01-03,2015-01-02,Tim,Johnson,Tim Johnson,,SD,,100,100,
v0.1.0,1.1.0,J000291,113,S,2013-01-03,2015-01-02,Mike,Johanns,Mike Johanns,,NE,,200,200,
v0.1.0,1.1.0,J000293,113,S,2013-01-03,2015-01-02,Ron,Johnson,Ron Johnson,,WI,,200,200,
v0.1.0,1.1.0,K000148,113,S,2013-01-03,2013-01-31,John,Kerry,John F. Kerry,,MA,,100,100,
v0.1.0,1.1.0,K000360,113,S,2013-01-03,2015-01-02,Mark,Kirk,Mark Kirk,,IL,,200,200,
v0.1.0,1.1.0,K000367,113,S,2013-01-03,2015-01-02,Amy,Klobuchar,Amy Klobuchar,,MN,,100,100,
v0.1.0,1.1.0,K000383,113,S,2013-01-03,2015-01-02,Angus,King,"Angus S. King, Jr.",,ME,,328,328,
v0.1.0,1.1.0,K000384,113,S,2013-01-03,2015-01-02,Timothy,Kaine,Tim Kaine,Tim,VA,,100,100,
v0.1.0,1.1.0,L000123,113,S,2013-01-03,2013-06-02,Frank,Lautenberg,Frank R. Lautenberg,,NJ,,100,100,
v0.1.0,1.1.0,L000174,113,S,2013-01-03,2015-01-02,Patrick,Leahy,Patrick J. Leahy,,VT,,100,100,
v0.1.0,1.1.0,L000261,113,S,2013-01-03,2015-01-02,Carl,Levin,Carl Levin,,MI,,100,100,
v0.1.0,1.1.0,L000550,113,S,2013-01-03,2015-01-02,Mary,Landrieu,Mary L. Landrieu,,LA,,100,100,
v0.1.0,1.1.0,L000577,113,S,2013-01-03,2015-01-02,Mike,Lee,Mike Lee,,UT,,200,200,
v0.1.0,1.1.0,M000133,113,S,2013-07-16,2015-01-02,Edward,Markey,Edward J. Markey,Ed,MA,,100,100,
v0.1.0,1.1.0,M000303,113,S,2013-01-03,2015-01-02,John,McCain,John McCain,,AZ,,200,200,
v0.1.0,1.1.0,M000355,113,S,2013-01-03,2015-01-02,Mitch,McConnell,Mitch McConnell,,KY,,200,200,
v0.1.0,1.1.0,M000639,113,S,2013-01-03,2015-01-02,Robert,Menendez,Robert Menendez,Bob,NJ,,100,100,
v0.1.0,1.1.0,M000702,113,S,2013-01-03,2015-01-02,Barbara,Mikulski,Barbara A. Mikulski,,MD,,100,100,
v0.1.0,1.1.0,M000934,113,S,2013-01-03,2015-01-02,Jerry,Moran,Jerry Moran,,KS,,200,200,
v0.1.0,1.1.0,M001111,113,S,2013-01-03,2015-01-02,Patty,Murray,Patty Murray,,WA,,100,100,
v0.1.0,1.1.0,M001153,113,S,2013-01-03,2015-01-02,Lisa,Murkowski,Lisa Murkowski,,AK,,200,200,
v0.1.0,1.1.0,M001169,113,S,2013-01-03,2015-01-02,Christopher,Murphy,Christopher Murphy,,CT,,100,100,
v0.1.0,1.1.0,M001170,113,S,2013-01-03,2015-01-02,Claire,McCaskill,Claire McCaskill,,MO,,100,100,
v0.1.0,1.1.0,M001176,113,S,2013-01-03,2015-01-02,Jeff,Merkley,Jeff Merkley,,OR,,100,100,
v0.1.0,1.1.0,M001183,113,S,2013-01-03,2015-01-02,Joe,Manchin,"Joe Manchin, III",,WV,,100,100,
v0.1.0,1.1.0,N000032,113,S,2013-01-03,2015-01-02,Bill,Nelson,Bill Nelson,,FL,,100,100,
v0.1.0,1.1.0,P000449,113,S,2013-01-03,2015-01-02,Robert,Portman,Rob Portman,Rob,OH,,200,200,
v0.1.0,1.1.0,P000590,113,S,2013-01-03,2015-01-02,Mark,Pryor,Mark L. Pryor,,AR,,100,100,
v0.1.0,1.1.0,P000603,113,S,2013-01-03,2015-01-02,Rand,Paul,Rand Paul,,KY,,200,200,
v0.1.0,1.1.0,R000122,113,S,2013-01-03,2015-01-02,John,Reed,Jack Reed,Jack,RI,,100,100,
v0.1.0,1.1.0,R000307,113,S,2013-01-03,2015-01-02,Pat,Roberts,Pat Roberts,,KS,,200,200,
v0.1.0,1.1.0,R000361,113,S,2013-01-03,2015-01-02,John,Rockefeller,"John D. Rockefeller, IV",Jay,WV,,100,100,
v0.1.0,1.1.0,R000584,113,S,2013-01-03,2015-01-02,James,Risch,James E. Risch,,ID,,200,200,
v0.1.0,1.1.0,R000595,113,S,2013-01-03,2015-01-02,Marco,Rubio,Marco Rubio,,FL,,200,200,
v0.1.0,1.1.0,S000033,113,S,2013-01-03,2015-01-02,Bernard,Sanders,Bernard Sanders,Bernie,VT,,328,328,
v0.1.0,1.1.0,S000148,113,S,2013-01-03,2015-01-02,Charles,Schumer,Charles E. Schumer,Chuck,NY,,100,100,
v0.1.0,1.1.0,S000320,113,S,2013-01-03,2015-01-02,Richard,Shelby,Richard C. Shelby,,AL,,200,200,
v0.1.0,1.1.0,S000770,113,S,2013-01-03,2015-01-02,Debbie,Stabenow,Debbie Stabenow,,MI,,100,100,
v0.1.0,1.1.0,S001141,113,S,2013-01-03,2015-01-02,Jefferson,Sessions,Jeff Sessions,Jeff,AL,,200,200,
v0.1.0,1.1.0,S001181,113,S,2013-01-03,2015-01-02,Jeanne,Shaheen,Jeanne Shaheen,,NH,,100,100,
v0.1.0,1.1.0,S001184,113,S,2013-01-03,2015-01-02,Tim,Scott,Tim Scott,,SC,,200,200,
v0.1.0,1.1.0,S001194,113,S,2013-01-03,2015-01-02,Brian,Schatz,Brian Schatz,,HI,,100,100,
v0.1.0,1.1.0,T000250,113,S,2013-01-03,2015-01-02,John,Thune,John Thune,,SD,,200,200,
v0.1.0,1.1.0,T000461,113,S,2013-01-03,2015-01-02,Patrick,Toomey,Patrick J. Toomey,Pat,PA,,200,200,
v0.1.0,1.1.0,T000464,113,S,2013-01-03,2015-01-02,Jon,Tester,Jon Tester,,MT,,100,100,
v0.1.0,1.1.0,U000038,113,S,2013-01-03,2015-01-02,Mark,Udall,Mark Udall,,CO,,100,100,
v0.1.0,1.1.0,U000039,113,S,2013-01-03,2015-01-02,Tom,Udall,Tom Udall,,NM,,100,100,
v0.1.0,1.1.0,V000127,113,S,2013-01-03,2015-01-02,David,Vitter,David Vitter,,LA,,200,200,
v0.1.0,1.1.0,W000437,113,S,2013-01-03,2015-01-02,Roger,Wicker,Roger F. Wicker,,MS,,200,200,
v0.1.0,1.1.0,W000779,113,S,2013-01-03,2015-01-02,Ron,Wyden,Ron Wyden,,OR,,100,100,
v0.1.0,1.1.0,W000802,113,S,2013-01-03,2015-01-02,Sheldon,Whitehouse,Sheldon Whitehouse,,RI,,100,100,
v0.1.0,1.1.0,W000805,113,S,2013-01-03,2015-01-02,Mark,Warner,Mark R. Warner,,VA,,100,100,
v0.1.0,1.1.0,W000817,113,S,2013-01-03,2015-01-02,Elizabeth,Warren,Elizabeth Warren,,MA,,100,100,
v0.1.0,1.1.0,W000818,113,S,2014-02-11,2015-01-02,John,Walsh,John E. Walsh,,MT,,100,100,
v0.1.0,1.1.0,A000055,114,H,2015-01-06,2017-01-02,Robert,Aderholt,Robert B. Aderholt,,AL,4,200,200,
v0.1.0,1.1.0,A000367,114,H,2015-01-06,2017-01-02,Justin,Amash,Justin Amash,,MI,3,200,200,
v0.1.0,1.1.0,A000369,114,H,2015-01-06,2017-01-02,Mark,Amodei,Mark E. Amodei,,NV,2,200,200,
v0.1.0,1.1.0,A000370,114,H,2015-01-06,2017-01-02,Alma,Adams,Alma S. Adams,,NC,12,100,100,
v0.1.0,1.1.0,A000371,114,H,2015-01-06,2017-01-02,Pete,Aguilar,Pete Aguilar,,CA,31,100,100,
v0.1.0,1.1.0,A000372,114,H,2015-01-06,2017-01-02,Rick,Allen,Rick W. Allen,,GA,12,200,200,
v0.1.0,1.1.0,A000373,114,H,2015-01-06,2017-01-02,Brad,Ashford,Brad Ashford,,NE,2,100,100,
v0.1.0,1.1.0,A000374,114,H,2015-01-06,2017-01-02,Ralph,Abraham,Ralph Lee Abraham,,LA,5,200,200,
v0.1.0,1.1.0,B000213,114,H,2015-01-06,2017-01-02,Joe,Barton,Joe Barton,,TX,6,200,200,
v0.1.0,1.1.0,B000287,114,H,2015-01-06,2017-01-02,Xavier,Becerra,Xavier Becerra,,CA,34,100,100,
v0.1.0,1.1.0,B000490,114,H,2015-01-06,2017-01-02,Sanford,Bishop,"Sanford D. Bishop, Jr.",,GA,2,100,100,
v0.1.0,1.1.0,B000574,114,H,2015-01-06,2017-01-02,Earl,Blumenauer,Earl Blumenauer,,OR,3,100,100,
v0.1.0,1.1.0,B000755,114,H,2015-01-06,2017-01-02,Kevin,Brady,Kevin Brady,,TX,8,200,200,
v0.1.0,1.1.0,B000911,114,H,2015-01-06,2017-01-02,Corrine,Brown,Corrine Brown,,FL,5,100,100,
v0.1.0,1.1.0,B001227,114,H,2015-01-06,2017-01-02,Robert,Brady,Robert A. Brady,,PA,1,100,100,
v0.1.0,1.1.0,B001243,114,H,2015-01-06,2017-01-02,Marsha,Blackburn,Marsha Blackburn,,TN,7,200,200,
v0.1.0,1.1.0,B001245,114,H,2015-01-06,2017-01-02,Madeleine,Bordallo,Madeleine Z. Bordallo,,GU,0,100,100,
v0.1.0,1.1.0,B001248,114,H,2015-01-06,2017-01-02,Michael,Burgess,Michael C. Burgess,,TX,26,200,200,
v0.1.0,1.1.0,B001250,114,H,2015-01-06,2017-01-02,Rob,Bishop,Rob Bishop,,UT,1,200,200,
v0.1.0,1.1.0,B001251,114,H,2015-01-06,2017-01-02,George,Butterfield,G. K. Butterfield,G.K.,NC,1,100,100,
v0.1.0,1.1.0,B001255,114,H,2015-01-06,2017-01-02,Charles,Boustany,Charles W. Boustany Jr.,,LA,3,200,200,
v0.1.0,1.1.0,B001257,114,H,2015-01-06,2017-01-02,Gus,Bilirakis,Gus M. Bilirakis,,FL,12,200,200,
v0.1.0,1.1.0,B001260,114,H,2015-01-06,2017-01-02,Vern,Buchanan,Vern Buchanan,,FL,16,200,200,
v0.1.0,1.1.0,B001269,114,H,2015-01-06,2017-01-02,Lou,Barletta,Lou Barletta,,PA,11,200,200,
v0.1.0,1.1.0,B001270,114,H,2015-01-06,2017-01-02,Karen,Bass,Karen Bass,,CA,37,100,100,
v0.1.0,1.1.0,B001271,114,H,2015-01-06,2017-01-02,Dan,Benishek,Dan Benishek,,MI,1,200,200,
v0.1.0,1.1.0,B001273,114,H,2015-01-06,2017-01-02,Diane,Black,Diane Black,,TN,6,200,200,
v0.1.0,1.1.0,B001274,114,H,2015-01-06,2017-01-02,Mo,Brooks,Mo Brooks,,AL,5,200,200,
v0.1.0,1.1.0,B001275,114,H,2015-01-06,2017-01-02,Larry,Bucshon,Larry Bucshon,,IN,8,200,200,
v0.1.0,1.1.0,B001278,114,H,2015-01-06,2017-01-02,Suzanne,Bonamici,Suzanne Bonamici,,OR,1,100,100,
v0.1.0,1.1.0,B001281,114,H,2015-01-06,2017-01-02,Joyce,Beatty,Joyce Beatty,,OH,3,100,100,
v0.1.0,1.1.0,B001282,114,H,2015-01-06,2017-01-02,Garland,Barr,Andy Barr,Andy,KY,6,200,200,
v0.1.0,1.1.0,B001283,114,H,2015-01-06,2017-01-02,Jim,Bridenstine,Jim Bridenstine,,OK,1,200,200,
v0.1.0,1.1.0,B001284,114,H,2015-01-06,2017-01-02,Susan,Brooks,Susan W. Brooks,,IN,5,200,200,
v0.1.0,1.1.0,B001285,114,H,2015-01-06,2017-01-02,Julia,Brownley,Julia Brownley,,CA,26,100,100,
v0.1.0,1.1.0,B001286,114,H,2015-01-06,2017-01-02,Cheri,Bustos,Cheri Bustos,,IL,17,100,100,
v0.1.0,1.1.0,B001287,114,H,2015-01-06,2017-01-02,Ami,Bera,Ami Bera,,CA,7,100,100,
v0.1.0,1.1.0,B001289,114,H,2015-01-06,2017-01-02,Bradley,Byrne,Bradley Byrne,,AL,1,200,200,
v0.1.0,1.1.0,B001290,114,H,2015-01-06,2017-01-02,David,Brat,Dave Brat,Dave,VA,7,200,200,
v0.1.0,1.1.0,B001291,114,H,2015-01-06,2017-01-02,Brian,Babin,Brian Babin,,TX,36,200,200,
v0.1.0,1.1.0,B001292,114,H,2015-01-06,2017-01-02,Donald,Beyer,"Donald S. Beyer, Jr.",,VA,8,100,100,
v0.1.0,1.1.0,B001293,114,H,2015-01-06,2017-01-02,Mike,Bishop,Mike Bishop,,MI,8,200,200,
v0.1.0,1.1.0,B001294,114,H,2015-01-06,2017-01-02,Rod,Blum,Rod Blum,,IA,1,200,200,
v0.1.0,1.1.0,B001295,114,H,2015-01-06,2017-01-02,Mike,Bost,Mike Bost,,IL,12,200,200,
v0.1.0,1.1.0,B001296,114,H,2015-01-06,2017-01-02,Brendan,Boyle,Brendan F. Boyle,,PA,13,100,100,
v0.1.0,1.1.0,B001297,114,H,2015-01-06,2017-01-02,Ken,Buck,Ken Buck,,CO,4,200,200,
v0.1.0,1.1.0,C000059,114,H,2015-01-06,2017-01-02,Ken,Calvert,Ken Calvert,,CA,42,200,200,
v0.1.0,1.1.0,C000266,114,H,2015-01-06,2017-01-02,Steve,Chabot,Steve Chabot,,OH,1,200,200,
v0.1.0,1.1.0,C000714,114,H,2015-01-06,2017-01-02,John,Conyers,"John Conyers, Jr.",,MI,13,100,100,
v0.1.0,1.1.0,C000754,114,H,2015-01-06,2017-01-02,Jim,Cooper,Jim Cooper,,TN,5,100,100,
v0.1.0,1.1.0,C000984,114,H,2015-01-06,2017-01-02,Elijah,Cummings,Elijah E. Cummings,,MD,7,100,100,
v0.1.0,1.1.0,C001036,114,H,2015-01-06,2017-01-02,Lois,Capps,Lois Capps,,CA,24,100,100,
v0.1.0,1.1.0,C001037,114,H,2015-01-06,2017-01-02,Michael,Capuano,Michael E. Capuano,,MA,7,100,100,
v0.1.0,1.1.0,C001038,114,H,2015-01-06,2017-01-02,Joseph,Crowley,Joseph Crowley,Joe,NY,14,100,100,
v0.1.0,1.1.0,C001045,114,H,2015-01-06,2017-01-02,Ander,Crenshaw,Ander Crenshaw,,FL,4,200,200,
v0.1.0,1.1.0,C001048,114,H,2015-01-06,2017-01-02,John,Culberson,John Abney Culberson,,TX,7,200,200,
v0.1.0,1.1.0,C001049,114,H,2015-01-06,2017-01-02,Wm.,Clay,Wm. Lacy Clay,,MO,1,100,100,
v0.1.0,1.1.0,C001051,114,H,2015-01-06,2017-01-02,John,Carter,John R. Carter,,TX,31,200,200,
v0.1.0,1.1.0,C001053,114,H,2015-01-06,2017-01-02,Tom,Cole,Tom Cole,,OK,4,200,200,
v0.1.0,1.1.0,C001059,114,H,2015-01-06,2017-01-02,Jim,Costa,Jim Costa,,CA,16,100,100,
v0.1.0,1.1.0,C001061,114,H,2015-01-06,2017-01-02,Emanuel,Cleaver,Emanuel Cleaver,,MO,5,100,100,
v0.1.0,1.1.0,C001062,114,H,2015-01-06,2017-01-02,K.,Conaway,K. Michael Conaway,,TX,11,200,200,
v0.1.0,1.1.0,C001063,114,H,2015-01-06,2017-01-02,Henry,Cuellar,Henry Cuellar,,TX,28,100,100,
v0.1.0,1.1.0,C001066,114,H,2015-01-06,2017-01-02,Kathy,Castor,Kathy Castor,,FL,14,100,100,
v0.1.0,1.1.0,C001067,114,H,2015-01-06,2017-01-02,Yvette,Clarke,Yvette D. Clarke,,NY,9,100,100,
v0.1.0,1.1.0,C001068,114,H,2015-01-06,2017-01-02,Steve,Cohen,Steve Cohen,,TN,9,100,100,
v0.1.0,1.1.0,C001069,114,H,2015-01-06,2017-01-02,Joe,Courtney,Joe Courtney,,CT,2,100,100,
v0.1.0,1.1.0,C001072,114,H,2015-01-06,2017-01-02,André,Carson,André Carson,,IN,7,100,100,
v0.1.0,1.1.0,C001076,114,H,2015-01-06,2017-01-02,Jason,Chaffetz,Jason Chaffetz,,UT,3,200,200,
v0.1.0,1.1.0,C001077,114,H,2015-01-06,2017-01-02,Mike,Coffman,Mike Coffman,,CO,6,200,200,
v0.1.0,1.1.0,C001078,114,H,2015-01-06,2017-01-02,Gerald,Connolly,Gerald E. Connolly,,VA,11,100,100,
v0.1.0,1.1.0,C001080,114,H,2015-01-06,2017-01-02,Judy,Chu,Judy Chu,,CA,27,100,100,
v0.1.0,1.1.0,C001083,114,H,2015-01-06,2017-01-02,John,Carney,John C. Carney Jr.,,DE,0,100,100,
v0.1.0,1.1.0,C001084,114,H,2015-01-06,2017-01-02,David,Cicilline,David N. Cicilline,,RI,1,100,100,
v0.1.0,1.1.0,C001087,114,H,2015-01-06,2017-01-02,Eric,Crawford,"Eric A. ""Rick"" Crawford",Rick,AR,1,200,200,
v0.1.0,1.1.0,C001090,114,H,2015-01-06,2017-01-02,Matthew,Cartwright,Matt Cartwright,Matt,PA,17,100,100,
v0.1.0,1.1.0,C001091,114,H,2015-01-06,2017-01-02,Joaquin,Castro,Joaquin Castro,,TX,20,100,100,
v0.1.0,1.1.0,C001092,114,H,2015-01-06,2017-01-02,Chris,Collins,Chris Collins,,NY,27,200,200,
v0.1.0,1.1.0,C001093,114,H,2015-01-06,2017-01-02,Doug,Collins,Doug Collins,,GA,9,200,200,
v0.1.0,1.1.0,C001094,114,H,2015-01-06,2017-01-02,Paul,Cook,Paul Cook,,CA,8,200,200,
v0.1.0,1.1.0,C001096,114,H,2015-01-06,2017-01-02,Kevin,Cramer,Kevin Cramer,,ND,0,200,200,
v0.1.0,1.1.0,C001097,114,H,2015-01-06,2017-01-02,Tony,Cárdenas,Tony Cárdenas,,CA,29,100,100,
v0.1.0,1.1.0,C001101,114,H,2015-01-06,2017-01-02,Katherine,Clark,Katherine M. Clark,,MA,5,100,100,
v0.1.0,1.1.0,C001102,114,H,2015-01-06,2017-01-02,Curtis,Clawson,Curt Clawson,Curt,FL,19,200,200,
v0.1.0,1.1.0,C001103,114,H,2015-01-06,2017-01-02,Earl,Carter,"Earl L. ""Buddy"" Carter",Buddy,GA,1,200,200,
v0.1.0,1.1.0,C001105,114,H,2015-01-06,2017-01-02,Barbara,Comstock,Barbara Comstock,,VA,10,200,200,
v0.1.0,1.1.0,C001106,114,H,2015-01-06,2017-01-02,Ryan,Costello,Ryan A. Costello,,PA,6,200,200,
v0.1.0,1.1.0,C001107,114,H,2015-01-06,2017-01-02,Carlos,Curbelo,Carlos Curbelo,,FL,26,200,200,
v0.1.0,1.1.0,C001108,114,H,2016-11-14,2017-01-02,James,Comer,James Comer,,KY,1,200,200,
v0.1.0,1.1.0,D000096,114,H,2015-01-06,2017-01-02,Danny,Davis,Danny K. Davis,,IL,7,100,100,
v0.1.0,1.1.0,D000191,114,H,2015-01-06,2017-01-02,Peter,DeFazio,Peter A. DeFazio,,OR,4,100,100,
v0.1.0,1.1.0,D000197,114,H,2015-01-06,2017-01-02,Diana,DeGette,Diana DeGette,,CO,1,100,100,
v0.1.0,1.1.0,D000216,114,H,2015-01-06,2017-01-02,Rosa,DeLauro,Rosa L. DeLauro,,CT,3,100,100,
v0.1.0,1.1.0,D000399,114,H,2015-01-06,2017-01-02,Lloyd,Doggett,Lloyd Doggett,,TX,35,100,100,
v0.1.0,1.1.0,D000482,114,H,2015-01-06,2017-01-02,Michael,Doyle,Michael F. Doyle,,PA,14,100,100,
v0.1.0,1.1.0,D000533,114,H,2015-01-06,2017-01-02,John,Duncan,"John J. Duncan, Jr.",Jimmy,TN,2,200,200,
v0.1.0,1.1.0,D000598,114,H,2015-01-06,2017-01-02,Susan,Davis,Susan A. Davis,,CA,53,100,100,
v0.1.0,1.1.0,D000600,114,H,2015-01-06,2017-01-02,Mario,Diaz-Balart,Mario Diaz-Balart,,FL,25,200,200,
v0.1.0,1.1.0,D000604,114,H,2015-01-06,2017-01-02,Charles,Dent,Charles W. Dent,,PA,15,200,200,
v0.1.0,1.1.0,D000610,114,H,2015-01-06,2017-01-02,Theodore,Deutch,Theodore E. Deutch,Ted,FL,21,100,100,
v0.1.0,1.1.0,D000612,114,H,2015-01-06,2017-01-02,Jeff,Denham,Jeff Denham,,CA,10,200,200,
v0.1.0,1.1.0,D000613,114,H,2015-01-06,2017-01-02,Bob,Dold,Robert J. Dold,,IL,10,200,200,
v0.1.0,1.1.0,D000614,114,H,2015-01-06,2017-01-02,Sean,Duffy,Sean P. Duffy,,WI,7,200,200,
v0.1.0,1.1.0,D000615,114,H,2015-01-06,2017-01-02,Jeff,Duncan,Jeff Duncan,,SC,3,200,200,
v0.1.0,1.1.0,D000616,114,H,2015-01-06,2017-01-02,Scott,DesJarlais,Scott DesJarlais,,TN,4,200,200,
v0.1.0,1.1.0,D000617,114,H,2015-01-06,2017-01-02,Suzan,DelBene,Suzan K. DelBene,,WA,1,100,100,
v0.1.0,1.1.0,D000619,114,H,2015-01-06,2017-01-02,Rodney,Davis,Rodney Davis,,IL,13,200,200,
v0.1.0,1.1.0,D000620,114,H,2015-01-06,2017-01-02,John,Delaney,John K. Delaney,,MD,6,100,100,
v0.1.0,1.1.0,D000621,114,H,2015-01-06,2017-01-02,Ron,DeSantis,Ron DeSantis,,FL,6,200,200,
v0.1.0,1.1.0,D000622,114,H,2015-01-06,2017-01-02,Tammy,Duckworth,Tammy Duckworth,,IL,8,100,100,
v0.1.0,1.1.0,D000623,114,H,2015-01-06,2017-01-02,Mark,DeSaulnier,Mark DeSaulnier,,CA,11,100,100,
v0.1.0,1.1.0,D000624,114,H,2015-01-06,2017-01-02,Debbie,Dingell,Debbie Dingell,,MI,12,100,100,
v0.1.0,1.1.0,D000625,114,H,2015-05-12,2017-01-02,Daniel,Donovan,"Daniel M. Donovan, Jr.",,NY,11,200,200,
v0.1.0,1.1.0,D000626,114,H,2016-06-09,2017-01-02,Warren,Davidson,Warren Davidson,,OH,8,200,200,
v0.1.0,1.1.0,E000179,114,H,2015-01-06,2017-01-02,Eliot,Engel,Eliot L. Engel,,NY,16,100,100,
v0.1.0,1.1.0,E000215,114,H,2015-01-06,2017-01-02,Anna,Eshoo,Anna G. Eshoo,,CA,18,100,100,
v0.1.0,1.1.0,E000288,114,H,2015-01-06,2017-01-02,Keith,Ellison,Keith Ellison,,MN,5,100,100,
v0.1.0,1.1.0,E000290,114,H,2015-01-06,2017-01-02,Donna,Edwards,Donna F. Edwards,,MD,4,100,100,
v0.1.0,1.1.0,E000291,114,H,2015-01-06,2017-01-02,Renee,Ellmers,Renee L. Ellmers,,NC,2,200,200,
v0.1.0,1.1.0,E000293,114,H,2015-01-06,2017-01-02,Elizabeth,Esty,Elizabeth H. Esty,,CT,5,100,100,
v0.1.0,1.1.0,E000294,114,H,2015-01-06,2017-01-02,Tom,Emmer,Tom Emmer,,MN,6,200,200,
v0.1.0,1.1.0,E000296,114,H,2016-11-14,2017-01-02,Dwight,Evans,Dwight Evans,,PA,2,100,100,
v0.1.0,1.1.0,F000030,114,H,2015-01-06,2017-01-02,Sam,Farr,Sam Farr,,CA,20,100,100,
v0.1.0,1.1.0,F000043,114,H,2015-01-06,2016-06-22,Chaka,Fattah,Chaka Fattah,,PA,2,100,100,
v0.1.0,1.1.0,F000372,114,H,2015-01-06,2017-01-02,Rodney,Frelinghuysen,Rodney P. Frelinghuysen,,NJ,11,200,200,
v0.1.0,1.1.0,F000445,114,H,2015-01-06,2017-01-02,J.,Forbes,J. Randy Forbes,,VA,4,200,200,
v0.1.0,1.1.0,F000448,114,H,2015-01-06,2017-01-02,Trent,Franks,Trent Franks,,AZ,8,200,200,
v0.1.0,1.1.0,F000449,114,H,2015-01-06,2017-01-02,Jeff,Fortenberry,Jeff Fortenberry,,NE,1,200,200,
v0.1.0,1.1.0,F000450,114,H,2015-01-06,2017-01-02,Virginia,Foxx,Virginia Foxx,,NC,5,200,200,
v0.1.0,1.1.0,F000451,114,H,2015-01-06,2017-01-02,Michael,Fitzpatrick,Michael G. Fitzpatrick,,PA,8,200,200,
v0.1.0,1.1.0,F000454,114,H,2015-01-06,2017-01-02,Bill,Foster,Bill Foster,,IL,11,100,100,
v0.1.0,1.1.0,F000455,114,H,2015-01-06,2017-01-02,Marcia,Fudge,Marcia L. Fudge,,OH,11,100,100,
v0.1.0,1.1.0,F000456,114,H,2015-01-06,2017-01-02,John,Fleming,John Fleming,,LA,4,200,200,
v0.1.0,1.1.0,F000458,114,H,2015-01-06,2017-01-02,Stephen,Fincher,Stephen Lee Fincher,,TN,8,200,200,
v0.1.0,1.1.0,F000459,114,H,2015-01-06,2017-01-02,Charles,Fleischmann,"Charles J. ""Chuck"" Fleischmann",Chuck,TN,3,200,200,
v0.1.0,1.1.0,F000460,114,H,2015-01-06,2017-01-02,Blake,Farenthold,Blake Farenthold,,TX,27,200,200,
v0.1.0,1.1.0,F000461,114,H,2015-01-06,2017-01-02,Bill,Flores,Bill Flores,,TX,17,200,200,
v0.1.0,1.1.0,F000462,114,H,2015-01-06,2017-01-02,Lois,Frankel,Lois Frankel,,FL,22,100,100,
v0.1.0,1.1.0,G000289,114,H,2015-01-06,2017-01-02,Bob,Goodlatte,Bob Goodlatte,,VA,6,200,200,
v0.1.0,1.1.0,G000377,114,H,2015-01-06,2017-01-02,Kay,Granger,Kay Granger,,TX,12,200,200,
v0.1.0,1.1.0,G000410,114,H,2015-01-06,2017-01-02,Gene,Green,Gene Green,,TX,29,100,100,
v0.1.0,1.1.0,G000535,114,H,2015-01-06,2017-01-02,Luis,Gutiérrez,Luis V. Gutiérrez,,IL,4,100,100,
v0.1.0,1.1.0,G000546,114,H,2015-01-06,2017-01-02,Sam,Graves,Sam Graves,,MO,6,200,200,
v0.1.0,1.1.0,G000548,114,H,2015-01-06,2017-01-02,Scott,Garrett,Scott Garrett,,NJ,5,200,200,
v0.1.0,1.1.0,G000551,114,H,2015-01-06,2017-01-02,Raúl,Grijalva,Raúl M. Grijalva,,AZ,3,100,100,
v0.1.0,1.1.0,G000552,114,H,2015-01-06,2017-01-02,Louie,Gohmert,Louie Gohmert,,TX,1,200,200,
v0.1.0,1.1.0,G000553,114,H,2015-01-06,2017-01-02,Al,Green,Al Green,,TX,9,100,100,
v0.1.0,1.1.0,G000556,114,H,2015-01-06,2017-01-02,Alan,Grayson,Alan Grayson,,FL,9,100,100,
v0.1.0,1.1.0,G000558,114,H,2015-01-06,2017-01-02,Brett,Guthrie,Brett Guthrie,,KY,2,200,200,
v0.1.0,1.1.0,G000559,114,H,2015-01-06,2017-01-02,John,Garamendi,John Garamendi,,CA,3,100,100,
v0.1.0,1.1.0,G000560,114,H,2015-01-06,2017-01-02,Tom,Graves,Tom Graves,,GA,14,200,200,
v0.1.0,1.1.0,G000563,114,H,2015-01-06,2017-01-02,Bob,Gibbs,Bob Gibbs,,OH,7,200,200,
v0.1.0,1.1.0,G000564,114,H,2015-01-06,2017-01-02,Christopher,Gibson,Christopher P. Gibson,,NY,19,200,200,
v0.1.0,1.1.0,G000565,114,H,2015-01-06,2017-01-02,Paul,Gosar,Paul A. Gosar,,AZ,4,200,200,
v0.1.0,1.1.0,G000566,114,H,2015-01-06,2017-01-02,Trey,Gowdy,Trey Gowdy,,SC,4,200,200,
v0.1.0,1.1.0,G000568,114,H,2015-01-06,2017-01-02,H.,Griffith,H. Morgan Griffith,,VA,9,200,200,
v0.1.0,1.1.0,G000570,114,H,2015-01-06,2017-01-02,Frank,Guinta,Frank C. Guinta,,NH,1,200,200,
v0.1.0,1.1.0,G000571,114,H,2015-01-06,2017-01-02,Tulsi,Gabbard,Tulsi Gabbard,,HI,2,100,100,
v0.1.0,1.1.0,G000574,114,H,2015-01-06,2017-01-02,Ruben,Gallego,Ruben Gallego,,AZ,7,100,100,
v0.1.0,1.1.0,G000575,114,H,2015-01-06,2017-01-02,Gwen,Graham,Gwen Graham,,FL,2,100,100,
v0.1.0,1.1.0,G000576,114,H,2015-01-06,2017-01-02,Glenn,Grothman,Glenn Grothman,,WI,6,200,200,
v0.1.0,1.1.0,G000577,114,H,2015-01-06,2017-01-02,Garret,Graves,Garret Graves,,LA,6,200,200,
v0.1.0,1.1.0,H000324,114,H,2015-01-06,2017-01-02,Alcee,Hastings,Alcee L. Hastings,,FL,20,100,100,
v0.1.0,1.1.0,H000636,114,H,2015-01-06,2017-01-02,Rubén,Hinojosa,Rubén Hinojosa,,TX,15,100,100,
v0.1.0,1.1.0,H000874,114,H,2015-01-06,2017-01-02,Steny,Hoyer,Steny H. Hoyer,,MD,5,100,100,
v0.1.0,1.1.0,H001034,114,H,2015-01-06,2017-01-02,Michael,Honda,Michael M. Honda,Mike,CA,17,100,100,
v0.1.0,1.1.0,H001036,114,H,2015-01-06,2017-01-02,Jeb,Hensarling,Jeb Hensarling,,TX,5,200,200,
v0.1.0,1.1.0,H001038,114,H,2015-01-06,2017-01-02,Brian,Higgins,Brian Higgins,,NY,26,100,100,
v0.1.0,1.1.0,H001045,114,H,2015-01-06,2017-01-02,Gregg,Harper,Gregg Harper,,MS,3,200,200,
v0.1.0,1.1.0,H001047,114,H,2015-01-06,2017-01-02,James,Himes,James A. Himes,Jim,CT,4,100,100,
v0.1.0,1.1.0,H001048,114,H,2015-01-06,2017-01-02,Duncan,Hunter,Duncan Hunter,,CA,50,200,200,
v0.1.0,1.1.0,H001050,114,H,2016-11-14,2017-01-02,Colleen,Hanabusa,Colleen Hanabusa,,HI,1,100,100,
v0.1.0,1.1.0,H001051,114,H,2015-01-06,2017-01-02,Richard,Hanna,Richard L. Hanna,,NY,22,200,200,
v0.1.0,1.1.0,H001052,114,H,2015-01-06,2017-01-02,Andy,Harris,Andy Harris,,MD,1,200,200,
v0.1.0,1.1.0,H001053,114,H,2015-01-06,2017-01-02,Vicky,Hartzler,Vicky Hartzler,,MO,4,200,200,
v0.1.0,1.1.0,H001055,114,H,2015-01-06,2017-01-02,Joseph,Heck,Joseph J. Heck,,NV,3,200,200,
v0.1.0,1.1.0,H001056,114,H,2015-01-06,2017-01-02,Jaime,Herrera Beutler,Jaime Herrera Beutler,,WA,3,200,200,
v0.1.0,1.1.0,H001057,114,H,2015-01-06,2017-01-02,Tim,Huelskamp,Tim Huelskamp,,KS,1,200,200,
v0.1.0,1.1.0,H001058,114,H,2015-01-06,2017-01-02,Bill,Huizenga,Bill Huizenga,,MI,2,200,200,
v0.1.0,1.1.0,H001059,114,H,2015-01-06,2017-01-02,Randy,Hultgren,Randy Hultgren,,IL,14,200,200,
v0.1.0,1.1.0,H001060,114,H,2015-01-06,2017-01-02,Robert,Hurt,Robert Hurt,,VA,5,200,200,
v0.1.0,1.1.0,H001063,114,H,2015-01-06,2016-12-03,Janice,Hahn,Janice Hahn,,CA,44,100,100,
v0.1.0,1.1.0,H001064,114,H,2015-01-06,2017-01-02,Denny,Heck,Denny Heck,,WA,10,100,100,
v0.1.0,1.1.0,H001065,114,H,2015-01-06,2017-01-02,George,Holding,George Holding,,NC,13,200,200,
v0.1.0,1.1.0,H001067,114,H,2015-01-06,2017-01-02,Richard,Hudson,Richard Hudson,,NC,8,200,200,
v0.1.0,1.1.0,H001068,114,H,2015-01-06,2017-01-02,Jared,Huffman,Jared Huffman,,CA,2,100,100,
v0.1.0,1.1.0,H001070,114,H,2015-01-06,2017-01-02,Cresent,Hardy,Cresent Hardy,,NV,4,200,200,
v0.1.0,1.1.0,H001071,114,H,2015-01-06,2017-01-02,Jody,Hice,Jody B. Hice,,GA,10,200,200,
v0.1.0,1.1.0,H001072,114,H,2015-01-06,2017-01-02,J.,Hill,J. French Hill,,AR,2,200,200,
v0.1.0,1.1.0,H001073,114,H,2015-01-06,2017-01-02,Will,Hurd,Will Hurd,,TX,23,200,200,
v0.1.0,1.1.0,I000056,114,H,2015-01-06,2017-01-02,Darrell,Issa,Darrell Issa,,CA,49,200,200,
v0.1.0,1.1.0,I000057,114,H,2015-01-06,2017-01-02,Steve,Israel,Steve Israel,,NY,3,100,100,
v0.1.0,1.1.0,J000032,114,H,2015-01-06,2017-01-02,Sheila,Jackson Lee,Sheila Jackson Lee,,TX,18,100,100,
v0.1.0,1.1.0,J000126,114,H,2015-01-06,2017-01-02,Eddie,Johnson,Eddie Bernice Johnson,,TX,30,100,100,
v0.1.0,1.1.0,J000174,114,H,2015-01-06,2017-01-02,Sam,Johnson,Sam Johnson,,TX,3,200,200,
v0.1.0,1.1.0,J000255,114,H,2015-01-06,2017-01-02,Walter,Jones,Walter B. Jones,,NC,3,200,200,
v0.1.0,1.1.0,J000288,114,H,2015-01-06,2017-01-02,Henry,Johnson,"Henry C. ""Hank"" Johnson, Jr.",Hank,GA,4,100,100,
v0.1.0,1.1.0,J000289,114,H,2015-01-06,2017-01-02,Jim,Jordan,Jim Jordan,,OH,4,200,200,
v0.1.0,1.1.0,J000290,114,H,2015-01-06,2017-01-02,Lynn,Jenkins,Lynn Jenkins,,KS,2,200,200,
v0.1.0,1.1.0,J000292,114,H,2015-01-06,2017-01-02,Bill,Johnson,Bill Johnson,,OH,6,200,200,
v0.1.0,1.1.0,J000294,114,H,2015-01-06,2017-01-02,Hakeem,Jeffries,Hakeem S. Jeffries,,NY,8,100,100,
v0.1.0,1.1.0,J000295,114,H,2015-01-06,2017-01-02,David,Joyce,David P. Joyce,,OH,14,200,200,
v0.1.0,1.1.0,J000296,114,H,2015-01-06,2017-01-02,David,Jolly,David W. Jolly,,FL,13,200,200,
v0.1.0,1.1.0,J000297,114,H,2015-01-06,2017-01-02,Evan,Jenkins,Evan H. Jenkins,,WV,3,200,200,
v0.1.0,1.1.0,K000009,114,H,2015-01-06,2017-01-02,Marcy,Kaptur,Marcy Kaptur,,OH,9,100,100,
v0.1.0,1.1.0,K000188,114,H,2015-01-06,2017-01-02,Ron,Kind,Ron Kind,,WI,3,100,100,
v0.1.0,1.1.0,K000210,114,H,2015-01-06,2017-01-02,Peter,King,Peter T. King,Pete,NY,2,200,200,
v0.1.0,1.1.0,K000362,114,H,2015-01-06,2017-01-02,Steve,King,Steve King,,IA,4,200,200,
v0.1.0,1.1.0,K000363,114,H,2015-01-06,2017-01-02,John,Kline,John Kline,,MN,2,200,200,
v0.1.0,1.1.0,K000368,114,H,2015-01-06,2017-01-02,Ann,Kirkpatrick,Ann Kirkpatrick,,AZ,1,100,100,
v0.1.0,1.1.0,K000375,114,H,2015-01-06,2017-01-02,William,Keating,William R. Keating,,MA,9,100,100,
v0.1.0,1.1.0,K000376,114,H,2015-01-06,2017-01-02,Mike,Kelly,Mike Kelly,,PA,3,200,200,
v0.1.0,1.1.0,K000378,114,H,2015-01-06,2017-01-02,Adam,Kinzinger,Adam Kinzinger,,IL,16,200,200,
v0.1.0,1.1.0,K000379,114,H,2015-01-06,2017-01-02,Joseph,Kennedy,Joseph P. Kennedy III,,MA,4,100,100,
v0.1.0,1.1.0,K000380,114,H,2015-01-06,2017-01-02,Daniel,Kildee,Daniel T. Kildee,,MI,5,100,100,
v0.1.0,1.1.0,K000381,114,H,2015-01-06,2017-01-02,Derek,Kilmer,Derek Kilmer,,WA,6,100,100,
v0.1.0,1.1.0,K000382,114,H,2015-01-06,2017-01-02,Ann,Kuster,Ann M. Kuster,,NH,2,100,100,
v0.1.0,1.1.0,K000385,114,H,2015-01-06,2017-01-02,Robin,Kelly,Robin L. Kelly,,IL,2,100,100,
v0.1.0,1.1.0,K000386,114,H,2015-01-06,2017-01-02,John,Katko,John Katko,,NY,24,200,200,
v0.1.0,1.1.0,K000387,114,H,2015-01-06,2017-01-02,Steve,Knight,Stephen Knight,,CA,25,200,200,
v0.1.0,1.1.0,K000388,114,H,2015-06-08,2017-01-02,Trent,Kelly,Trent Kelly,,MS,1,200,200,
v0.1.0,1.1.0,L000263,114,H,2015-01-06,2017-01-02,Sander,Levin,Sander M. Levin,,MI,9,100,100,
v0.1.0,1.1.0,L000287,114,H,2015-01-06,2017-01-02,John,Lewis,John Lewis,,GA,5,100,100,
v0.1.0,1.1.0,L000397,114,H,2015-01-06,2017-01-02,Zoe,Lofgren,Zoe Lofgren,,CA,19,100,100,
v0.1.0,1.1.0,L000480,114,H,2015-01-06,2017-01-02,Nita,Lowey,Nita M. Lowey,,NY,17,100,100,
v0.1.0,1.1.0,L000491,114,H,2015-01-06,2017-01-02,Frank,Lucas,Frank D. Lucas,,OK,3,200,200,
v0.1.0,1.1.0,L000551,114,H,2015-01-06,2017-01-02,Barbara,Lee,Barbara Lee,,CA,13,100,100,
v0.1.0,1.1.0,L000554,114,H,2015-01-06,2017-01-02,Frank,LoBiondo,Frank A. LoBiondo,,NJ,2,200,200,
v0.1.0,1.1.0,L000557,114,H,2015-01-06,2017-01-02,John,Larson,John B. Larson,,CT,1,100,100,
v0.1.0,1.1.0,L000559,114,H,2015-01-06,2017-01-02,James,Langevin,James R. Langevin,Jim,RI,2,100,100,
v0.1.0,1.1.0,L000560,114,H,2015-01-06,2017-01-02,Rick,Larsen,Rick Larsen,,WA,2,100,100,
v0.1.0,1.1.0,L000562,114,H,2015-01-06,2017-01-02,Stephen,Lynch,Stephen F. Lynch,,MA,8,100,100,
v0.1.0,1.1.0,L000563,114,H,2015-01-06,2017-01-02,Daniel,Lipinski,Daniel Lipinski,,IL,3,100,100,
v0.1.0,1.1.0,L000564,114,H,2015-01-06,2017-01-02,Doug,Lamborn,Doug Lamborn,,CO,5,200,200,
v0.1.0,1.1.0,L000565,114,H,2015-01-06,2017-01-02,David,Loebsack,David Loebsack,,IA,2,100,100,
v0.1.0,1.1.0,L000566,114,H,2015-01-06,2017-01-02,Robert,Latta,Robert E. Latta,,OH,5,200,200,
v0.1.0,1.1.0,L000567,114,H,2015-01-06,2017-01-02,Leonard,Lance,Leonard Lance,,NJ,7,200,200,
v0.1.0,1.1.0,L000569,114,H,2015-01-06,2017-01-02,Blaine,Luetkemeyer,Blaine Luetkemeyer,,MO,3,200,200,
v0.1.0,1.1.0,L000570,114,H,2015-01-06,2017-01-02,Ben,Luján,Ben Ray Luján,,NM,3,100,100,
v0.1.0,1.1.0,L000571,114,H,2015-01-06,2017-01-02,Cynthia,Lummis,Cynthia M. Lummis,,WY,0,200,200,
v0.1.0,1.1.0,L000573,114,H,2015-01-06,2017-01-02,Raúl,Labrador,Raúl R. Labrador,,ID,1,200,200,
v0.1.0,1.1.0,L000576,114,H,2015-01-06,2017-01-02,Billy,Long,Billy Long,,MO,7,200,200,
v0.1.0,1.1.0,L000578,114,H,2015-01-06,2017-01-02,Doug,LaMalfa,Doug LaMalfa,,CA,1,200,200,
v0.1.0,1.1.0,L000579,114,H,2015-01-06,2017-01-02,Alan,Lowenthal,Alan S. Lowenthal,,CA,47,100,100,
v0.1.0,1.1.0,L000580,114,H,2015-01-06,2017-01-02,Michelle,Lujan Grisham,Michelle Lujan Grisham,,NM,1,100,100,
v0.1.0,1.1.0,L000581,114,H,2015-01-06,2017-01-02,Brenda,Lawrence,Brenda L. Lawrence,,MI,14,100,100,
v0.1.0,1.1.0,L000582,114,H,2015-01-06,2017-01-02,Ted,Lieu,Ted Lieu,,CA,33,100,100,
v0.1.0,1.1.0,L000583,114,H,2015-01-06,2017-01-02,Barry,Loudermilk,Barry Loudermilk,,GA,11,200,200,
v0.1.0,1.1.0,L000584,114,H,2015-01-06,2017-01-02,Mia,Love,Mia B. Love,,UT,4,200,200,
v0.1.0,1.1.0,L000585,114,H,2015-09-17,2017-01-02,Darin,LaHood,Darin LaHood,,IL,18,200,200,
v0.1.0,1.1.0,M000087,114,H,2015-01-06,2017-01-02,Carolyn,Maloney,Carolyn B. Maloney,,NY,12,100,100,
v0.1.0,1.1.0,M000312,114,H,2015-01-06,2017-01-02,James,McGovern,James P. McGovern,Jim,MA,2,100,100,
v0.1.0,1.1.0,M000404,114,H,2015-01-06,2017-01-02,Jim,McDermott,Jim McDermott,,WA,7,100,100,
v0.1.0,1.1.0,M000689,114,H,2015-01-06,2017-01-02,John,Mica,John L. Mica,,FL,7,200,200,
v0.1.0,1.1.0,M001137,114,H,2015-01-06,2017-01-02,Gregory,Meeks,Gregory W. Meeks,,NY,5,100,100,
v0.1.0,1.1.0,M001143,114,H,2015-01-06,2017-01-02,Betty,McCollum,Betty McCollum,,MN,4,100,100,
v0.1.0,1.1.0,M001144,114,H,2015-01-06,2017-01-02,Jeff,Miller,Jeff Miller,,FL,1,200,200,
v0.1.0,1.1.0,M001150,114,H,2015-01-06,2016-12-30,Candice,Miller,Candice S. Miller,,MI,10,200,200,
v0.1.0,1.1.0,M001151,114,H,2015-01-06,2017-01-02,Tim,Murphy,Tim Murphy,,PA,18,200,200,
v0.1.0,1.1.0,M001156,114,H,2015-01-06,2017-01-02,Patrick,McHenry,Patrick T. McHenry,,NC,10,200,200,
v0.1.0,1.1.0,M001157,114,H,2015-01-06,2017-01-02,Michael,McCaul,Michael T. McCaul,,TX,10,200,200,
v0.1.0,1.1.0,M001158,114,H,2015-01-06,2017-01-02,Kenny,Marchant,Kenny Marchant,,TX,24,200,200,
v0.1.0,1.1.0,M001159,114,H,2015-01-06,2017-01-02,Cathy,McMorris Rodgers,Cathy McMorris Rodgers,,WA,5,200,200,
v0.1.0,1.1.0,M001160,114,H,2015-01-06,2017-01-02,Gwen,Moore,Gwen Moore,,WI,4,100,100,
v0.1.0,1.1.0,M001163,114,H,2015-01-06,2017-01-02,Doris,Matsui,Doris O. Matsui,,CA,6,100,100,
v0.1.0,1.1.0,M001165,114,H,2015-01-06,2017-01-02,Kevin,McCarthy,Kevin McCarthy,,CA,23,200,200,
v0.1.0,1.1.0,M001166,114,H,2015-01-06,2017-01-02,Jerry,McNerney,Jerry McNerney,,CA,9,100,100,
v0.1.0,1.1.0,M001177,114,H,2015-01-06,2017-01-02,Tom,McClintock,Tom McClintock,,CA,4,200,200,
v0.1.0,1.1.0,M001179,114,H,2015-01-06,2017-01-02,Tom,Marino,Tom Marino,,PA,10,200,200,
v0.1.0,1.1.0,M001180,114,H,2015-01-06,2017-01-02,David,McKinley,David B. McKinley,,WV,1,200,200,
v0.1.0,1.1.0,M001181,114,H,2015-01-06,2017-01-02,Patrick,Meehan,Patrick Meehan,,PA,7,200,200,
v0.1.0,1.1.0,M001182,114,H,2015-01-06,2017-01-02,Mick,Mulvaney,Mick Mulvaney,,SC,5,200,200,
v0.1.0,1.1.0,M001184,114,H,2015-01-06,2017-01-02,Thomas,Massie,Thomas Massie,,KY,4,200,200,
v0.1.0,1.1.0,M001185,114,H,2015-01-06,2017-01-02,Sean,Maloney,Sean Patrick Maloney,,NY,18,100,100,
v0.1.0,1.1.0,M001187,114,H,2015-01-06,2017-01-02,Mark,Meadows,Mark Meadows,,NC,11,200,200,
v0.1.0,1.1.0,M001188,114,H,2015-01-06,2017-01-02,Grace,Meng,Grace Meng,,NY,6,100,100,
v0.1.0,1.1.0,M001189,114,H,2015-01-06,2017-01-02,Luke,Messer,Luke Messer,,IN,6,200,200,
v0.1.0,1.1.0,M001190,114,H,2015-01-06,2017-01-02,Markwayne,Mullin,Markwayne Mullin,,OK,2,200,200,
v0.1.0,1.1.0,M001191,114,H,2015-01-06,2017-01-02,Patrick,Murphy,Patrick Murphy,,FL,18,100,100,
v0.1.0,1.1.0,M001193,114,H,2015-01-06,2017-01-02,Tom,MacArthur,Thomas MacArthur,,NJ,3,200,200,
v0.1.0,1.1.0,M001194,114,H,2015-01-06,2017-01-02,John,Moolenaar,John R. Moolenaar,,MI,4,200,200,
v0.1.0,1.1.0,M001195,114,H,2015-01-06,2017-01-02,Alexander,Mooney,Alexander X. Mooney,,WV,2,200,200,
v0.1.0,1.1.0,M001196,114,H,2015-01-06,2017-01-02,Seth,Moulton,Seth Moulton,,MA,6,100,100,
v0.1.0,1.1.0,M001197,114,H,2015-01-06,2017-01-02,Martha,McSally,Martha McSally,,AZ,2,200,200,
v0.1.0,1.1.0,N000002,114,H,2015-01-06,2017-01-02,Jerrold,Nadler,Jerrold Nadler,,NY,10,100,100,
v0.1.0,1.1.0,N000015,114,H,2015-01-06,2017-01-02,Richard,Neal,Richard E. Neal,,MA,1,100,100,
v0.1.0,1.1.0,N000127,114,H,2015-01-06,2017-01-02,Richard,Nolan,Richard M. Nolan,,MN,8,100,100,
v0.1.0,1.1.0,N000147,114,H,2015-01-06,2017-01-02,Eleanor,Norton,Eleanor Holmes Norton,,DC,0,100,100,
v0.1.0,1.1.0,N000179,114,H,2015-01-06,2017-01-02,Grace,Napolitano,Grace F. Napolitano,,CA,32,100,100,
v0.1.0,1.1.0,N000181,114,H,2015-01-06,2017-01-02,Devin,Nunes,Devin Nunes,,CA,22,200,200,
v0.1.0,1.1.0,N000182,114,H,2015-01-06,2017-01-02,Randy,Neugebauer,Randy Neugebauer,,TX,19,200,200,
v0.1.0,1.1.0,N000184,114,H,2015-01-06,2017-01-02,Kristi,Noem,Kristi L. Noem,,SD,0,200,200,
v0.1.0,1.1.0,N000185,114,H,2015-01-06,2017-01-02,Richard,Nugent,Richard B. Nugent,,FL,11,200,200,
v0.1.0,1.1.0,N000186,114,H,2015-01-06,2015-02-05,Alan,Nunnelee,Alan Nunnelee,,MS,1,200,200,
v0.1.0,1.1.0,N000188,114,H,2015-01-06,2017-01-02,Donald,Norcross,Donald Norcross,,NJ,1,100,100,
v0.1.0,1.1.0,N000189,114,H,2015-01-06,2017-01-02,Dan,Newhouse,Dan Newhouse,,WA,4,200,200,
v0.1.0,1.1.0,O000168,114,H,2015-01-06,2017-01-02,Pete,Olson,Pete Olson,,TX,22,200,200,
v0.1.0,1.1.0,O000170,114,H,2015-01-06,2017-01-02,Beto,O’Rourke,Beto O’Rourke,,TX,16,100,100,
v0.1.0,1.1.0,P000034,114,H,2015-01-06,2017-01-02,Frank,Pallone,"Frank Pallone, Jr.",,NJ,6,100,100,
v0.1.0,1.1.0,P000096,114,H,2015-01-06,2017-01-02,Bill,Pascrell,"Bill Pascrell, Jr.",,NJ,9,100,100,
v0.1.0,1.1.0,P000258,114,H,2015-01-06,2017-01-02,Collin,Peterson,Collin C. Peterson,,MN,7,100,100,
v0.1.0,1.1.0,P000373,114,H,2015-01-06,2017-01-02,Joseph,Pitts,Joseph R. Pitts,,PA,16,200,200,
v0.1.0,1.1.0,P000523,114,H,2015-01-06,2017-01-02,David,Price,David E. Price,,NC,4,100,100,
v0.1.0,1.1.0,P000588,114,H,2015-01-06,2017-01-02,Stevan,Pearce,Stevan Pearce,Steve,NM,2,200,200,
v0.1.0,1.1.0,P000591,114,H,2015-01-06,2017-01-02,Tom,Price,Tom Price,,GA,6,200,200,
v0.1.0,1.1.0,P000592,114,H,2015-01-06,2017-01-02,Ted,Poe,Ted Poe,,TX,2,200,200,
v0.1.0,1.1.0,P000593,114,H,2015-01-06,2017-01-02,Ed,Perlmutter,Ed Perlmutter,,CO,7,100,100,
v0.1.0,1.1.0,P000594,114,H,2015-01-06,2017-01-02,Erik,Paulsen,Erik Paulsen,,MN,3,200,200,
v0.1.0,1.1.0,P000596,114,H,2015-01-03,2017-01-02,Pedro,Pierluisi,Pedro R. Pierluisi,,PR,0,100,100,
v0.1.0,1.1.0,P000597,114,H,2015-01-06,2017-01-02,Chellie,Pingree,Chellie Pingree,,ME,1,100,100,
v0.1.0,1.1.0,P000598,114,H,2015-01-06,2017-01-02,Jared,Polis,Jared Polis,,CO,2,100,100,
v0.1.0,1.1.0,P000599,114,H,2015-01-06,2017-01-02,Bill,Posey,Bill Posey,,FL,8,200,200,
v0.1.0,1.1.0,P000601,114,H,2015-01-06,2017-01-02,Steven,Palazzo,Steven M. Palazzo,,MS,4,200,200,
v0.1.0,1.1.0,P000602,114,H,2015-01-06,2017-01-02,Mike,Pompeo,Mike Pompeo,,KS,4,200,200,
v0.1.0,1.1.0,P000604,114,H,2015-01-06,2017-01-02,Donald,Payne,"Donald M. Payne, Jr.",,NJ,10,100,100,
v0.1.0,1.1.0,P000605,114,H,2015-01-06,2017-01-02,Scott,Perry,Scott Perry,,PA,4,200,200,
v0.1.0,1.1.0,P000606,114,H,2015-01-06,2017-01-02,Robert,Pittenger,Robert Pittenger,,NC,9,200,200,
v0.1.0,1.1.0,P000607,114,H,2015-01-06,2017-01-02,Mark,Pocan,Mark Pocan,,WI,2,100,100,
v0.1.0,1.1.0,P000608,114,H,2015-01-06,2017-01-02,Scott,Peters,Scott H. Peters,,CA,52,100,100,
v0.1.0,1.1.0,P000609,114,H,2015-01-06,2017-01-02,Gary,Palmer,Gary J. Palmer,,AL,6,200,200,
v0.1.0,1.1.0,P000610,114,H,2015-01-06,2017-01-02,Stacey,Plaskett,Stacey E. Plaskett,,VI,0,100,100,
v0.1.0,1.1.0,P000611,114,H,2015-01-06,2017-01-02,Bruce,Poliquin,Bruce Poliquin,,ME,2,200,200,
v0.1.0,1.1.0,Q000023,114,H,2015-01-06,2017-01-02,Mike,Quigley,Mike Quigley,,IL,5,100,100,
v0.1.0,1.1.0,R000053,114,H,2015-01-06,2017-01-02,Charles,Rangel,Charles B. Rangel,Charlie,NY,13,100,100,
v0.1.0,1.1.0,R000395,114,H,2015-01-06,2017-01-02,Harold,Rogers,Harold Rogers,Hal,KY,5,200,200,
v0.1.0,1.1.0,R000409,114,H,2015-01-06,2017-01-02,Dana,Rohrabacher,Dana Rohrabacher,,CA,48,200,200,
v0.1.0,1.1.0,R000435,114,H,2015-01-06,2017-01-02,Ileana,Ros-Lehtinen,Ileana Ros-Lehtinen,,FL,27,200,200,
v0.1.0,1.1.0,R000486,114,H,2015-01-06,2017-01-02,Lucille,Roybal-Allard,Lucille Roybal-Allard,,CA,40,100,100,
v0.1.0,1.1.0,R000487,114,H,2015-01-06,2017-01-02,Edward,Royce,Edward R. Royce,Ed,CA,39,200,200,
v0.1.0,1.1.0,R000515,114,H,2015-01-06,2017-01-02,Bobby,Rush,Bobby L. Rush,,IL,1,100,100,
v0.1.0,1.1.0,R000570,114,H,2015-01-06,2017-01-02,Paul,Ryan,Paul D. Ryan,,WI,1,200,200,
v0.1.0,1.1.0,R000575,114,H,2015-01-06,2017-01-02,Mike,Rogers,Mike Rogers,,AL,3,200,200,
v0.1.0,1.1.0,R000576,114,H,2015-01-06,2017-01-02,C.,Ruppersberger,C. A. Dutch Ruppersberger,,MD,2,100,100,
v0.1.0,1.1.0,R000577,114,H,2015-01-06,2017-01-02,Tim,Ryan,Tim Ryan,,OH,13,100,100,
v0.1.0,1.1.0,R000578,114,H,2015-01-06,2017-01-02,David,Reichert,David G. Reichert,,WA,8,200,200,
v0.1.0,1.1.0,R000580,114,H,2015-01-06,2017-01-02,Peter,Roskam,Peter J. Roskam,,IL,6,200,200,
v0.1.0,1.1.0,R000582,114,H,2015-01-06,2017-01-02,David,Roe,David P. Roe,Phil,TN,1,200,200,
v0.1.0,1.1.0,R000583,114,H,2015-01-06,2017-01-02,Thomas,Rooney,Thomas J. Rooney,,FL,17,200,200,
v0.1.0,1.1.0,R000585,114,H,2015-01-06,2017-01-02,Tom,Reed,Tom Reed,,NY,23,200,200,
v0.1.0,1.1.0,R000586,114,H,2015-01-06,2017-01-02,James,Renacci,James B. Renacci,,OH,16,200,200,
v0.1.0,1.1.0,R000587,114,H,2015-01-06,2017-01-02,Reid,Ribble,Reid J. Ribble,,WI,8,200,200,
v0.1.0,1.1.0,R000588,114,H,2015-01-06,2017-01-02,Cedric,Richmond,Cedric L. Richmond,,LA,2,100,100,
v0.1.0,1.1.0,R000589,114,H,2015-01-06,2017-01-02,Edward,Rigell,E. Scott Rigell,Scott,VA,2,200,200,
v0.1.0,1.1.0,R000591,114,H,2015-01-06,2017-01-02,Martha,Roby,Martha Roby,,AL,2,200,200,
v0.1.0,1.1.0,R000592,114,H,2015-01-06,2017-01-02,Todd,Rokita,Todd Rokita,,IN,4,200,200,
v0.1.0,1.1.0,R000593,114,H,2015-01-06,2017-01-02,Dennis,Ross,Dennis A. Ross,,FL,15,200,200,
v0.1.0,1.1.0,R000597,114,H,2015-01-06,2017-01-02,Tom,Rice,Tom Rice,,SC,7,200,200,
v0.1.0,1.1.0,R000598,114,H,2015-01-06,2017-01-02,Keith,Rothfus,Keith J. Rothfus,,PA,12,200,200,
v0.1.0,1.1.0,R000599,114,H,2015-01-06,2017-01-02,Raul,Ruiz,Raul Ruiz,,CA,36,100,100,
v0.1.0,1.1.0,R000600,114,H,2015-01-06,2017-01-02,Aumua Amata,Radewagen,Aumua Amata Coleman Radewagen,,AS,0,200,200,
v0.1.0,1.1.0,R000601,114,H,2015-01-06,2017-01-02,John,Ratcliffe,John Ratcliffe,,TX,4,200,200,
v0.1.0,1.1.0,R000602,114,H,2015-01-06,2017-01-02,Kathleen,Rice,Kathleen M. Rice,,NY,4,100,100,
v0.1.0,1.1.0,R000603,114,H,2015-01-06,2017-01-02,David,Rouzer,David Rouzer,,NC,7,200,200,
v0.1.0,1.1.0,R000604,114,H,2015-01-06,2017-01-02,Steve,Russell,Steve Russell,,OK,5,200,200,
v0.1.0,1.1.0,S000018,114,H,2015-01-06,2017-01-02,Matt,Salmon,Matt Salmon,,AZ,5,200,200,
v0.1.0,1.1.0,S000030,114,H,2015-01-06,2017-01-02,Loretta,Sanchez,Loretta Sanchez,,CA,46,100,100,
v0.1.0,1.1.0,S000051,114,H,2015-01-06,2017-01-02,Marshall,Sanford,Mark Sanford,Mark,SC,1,200,200,
v0.1.0,1.1.0,S000185,114,H,2015-01-06,2017-01-02,Robert,Scott,"Robert C. ""Bobby"" Scott",Bobby,VA,3,100,100,
v0.1.0,1.1.0,S000244,114,H,2015-01-06,2017-01-02,F.,Sensenbrenner,"F. James Sensenbrenner, Jr.",,WI,5,200,200,
v0.1.0,1.1.0,S000248,114,H,2015-01-06,2017-01-02,José,Serrano,José E. Serrano,,NY,15,100,100,
v0.1.0,1.1.0,S000250,114,H,2015-01-06,2017-01-02,Pete,Sessions,Pete Sessions,,TX,32,200,200,
v0.1.0,1.1.0,S000344,114,H,2015-01-06,2017-01-02,Brad,Sherman,Brad Sherman,,CA,30,100,100,
v0.1.0,1.1.0,S000364,114,H,2015-01-06,2017-01-02,John,Shimkus,John Shimkus,,IL,15,200,200,
v0.1.0,1.1.0,S000480,114,H,2015-01-06,2017-01-02,Louise,Slaughter,Louise McIntosh Slaughter,,NY,25,100,100,
v0.1.0,1.1.0,S000510,114,H,2015-01-06,2017-01-02,Adam,Smith,Adam Smith,,WA,9,100,100,
v0.1.0,1.1.0,S000522,114,H,2015-01-06,2017-01-02,Christopher,Smith,Christopher H. Smith,Chris,NJ,4,200,200,
v0.1.0,1.1.0,S000583,114,H,2015-01-06,2017-01-02,Lamar,Smith,Lamar Smith,,TX,21,200,200,
v0.1.0,1.1.0,S001145,114,H,2015-01-06,2017-01-02,Janice,Schakowsky,Janice D. Schakowsky,Jan,IL,9,100,100,
v0.1.0,1.1.0,S001148,114,H,2015-01-06,2017-01-02,Michael,Simpson,Michael K. Simpson,Mike,ID,2,200,200,
v0.1.0,1.1.0,S001150,114,H,2015-01-06,2017-01-02,Adam,Schiff,Adam B. Schiff,,CA,28,100,100,
v0.1.0,1.1.0,S001154,114,H,2015-01-06,2017-01-02,Bill,Shuster,Bill Shuster,,PA,9,200,200,
v0.1.0,1.1.0,S001156,114,H,2015-01-06,2017-01-02,Linda,Sánchez,Linda T. Sánchez,,CA,38,100,100,
v0.1.0,1.1.0,S001157,114,H,2015-01-06,2017-01-02,David,Scott,David Scott,,GA,13,100,100,
v0.1.0,1.1.0,S001165,114,H,2015-01-06,2017-01-02,Albio,Sires,Albio Sires,,NJ,8,100,100,
v0.1.0,1.1.0,S001168,114,H,2015-01-06,2017-01-02,John,Sarbanes,John P. Sarbanes,,MD,3,100,100,
v0.1.0,1.1.0,S001172,114,H,2015-01-06,2017-01-02,Adrian,Smith,Adrian Smith,,NE,3,200,200,
v0.1.0,1.1.0,S001175,114,H,2015-01-06,2017-01-02,Jackie,Speier,Jackie Speier,,CA,14,100,100,
v0.1.0,1.1.0,S001176,114,H,2015-01-06,2017-01-02,Steve,Scalise,Steve Scalise,,LA,1,200,200,
v0.1.0,1.1.0,S001177,114,H,2015-01-06,2017-01-02,Gregorio,Sablan,Gregorio Kilili Camacho Sablan,,MP,0,328,328,
v0.1.0,1.1.0,S001179,114,H,2015-01-06,2015-03-30,Aaron,Schock,Aaron Schock,,IL,18,200,200,
v0.1.0,1.1.0,S001180,114,H,2015-01-06,2017-01-02,Kurt,Schrader,Kurt Schrader,,OR,5,100,100,
v0.1.0,1.1.0,S001183,114,H,2015-01-06,2017-01-02,David,Schweikert,David Schweikert,,AZ,6,200,200,
v0.1.0,1.1.0,S001185,114,H,2015-01-06,2017-01-02,Terri,Sewell,Terri A. Sewell,,AL,7,100,100,
v0.1.0,1.1.0,S001187,114,H,2015-01-06,2017-01-02,Steve,Stivers,Steve Stivers,,OH,15,200,200,
v0.1.0,1.1.0,S001188,114,H,2015-01-06,2017-01-02,Marlin,Stutzman,Marlin A. Stutzman,,IN,3,200,200,
v0.1.0,1.1.0,S001189,114,H,2015-01-06,2017-01-02,Austin,Scott,Austin Scott,,GA,8,200,200,
v0.1.0,1.1.0,S001191,114,H,2015-01-06,2017-01-02,Kyrsten,Sinema,Kyrsten Sinema,,AZ,9,100,100,
v0.1.0,1.1.0,S001192,114,H,2015-01-06,2017-01-02,Chris,Stewart,Chris Stewart,,UT,2,200,200,
v0.1.0,1.1.0,S001193,114,H,2015-01-06,2017-01-02,Eric,Swalwell,Eric Swalwell,,CA,15,100,100,
v0.1.0,1.1.0,S001195,114,H,2015-01-06,2017-01-02,Jason,Smith,Jason Smith,,MO,8,200,200,
v0.1.0,1.1.0,S001196,114,H,2015-01-06,2017-01-02,Elise,Stefanik,Elise M. Stefanik,,NY,21,200,200,
v0.1.0,1.1.0,T000193,114,H,2015-01-06,2017-01-02,Bennie,Thompson,Bennie G. Thompson,,MS,2,100,100,
v0.1.0,1.1.0,T000238,114,H,2015-01-06,2017-01-02,Mac,Thornberry,Mac Thornberry,,TX,13,200,200,
v0.1.0,1.1.0,T000460,114,H,2015-01-06,2017-01-02,Mike,Thompson,Mike Thompson,,CA,5,100,100,
v0.1.0,1.1.0,T000462,114,H,2015-01-06,2017-01-02,Patrick,Tiberi,Patrick J. Tiberi,Pat,OH,12,200,200,
v0.1.0,1.1.0,T000463,114,H,2015-01-06,2017-01-02,Michael,Turner,Michael R. Turner,,OH,10,200,200,
v0.1.0,1.1.0,T000465,114,H,2015-01-06,2017-01-02,Niki,Tsongas,Niki Tsongas,,MA,3,100,100,
v0.1.0,1.1.0,T000467,114,H,2015-01-06,2017-01-02,Glenn,Thompson,Glenn Thompson,,PA,5,200,200,
v0.1.0,1.1.0,T000468,114,H,2015-01-06,2017-01-02,Dina,Titus,Dina Titus,,NV,1,100,100,
v0.1.0,1.1.0,T000469,114,H,2015-01-06,2017-01-02,Paul,Tonko,Paul Tonko,,NY,20,100,100,
v0.1.0,1.1.0,T000470,114,H,2015-01-06,2017-01-02,Scott,Tipton,Scott R. Tipton,,CO,3,200,200,
v0.1.0,1.1.0,T000472,114,H,2015-01-06,2017-01-02,Mark,Takano,Mark Takano,,CA,41,100,100,
v0.1.0,1.1.0,T000473,114,H,2015-01-06,2016-07-19,Mark,Takai,Mark Takai,,HI,1,100,100,
v0.1.0,1.1.0,T000474,114,H,2015-01-06,2017-01-02,Norma,Torres,Norma J. Torres,,CA,35,100,100,
v0.1.0,1.1.0,T000475,114,H,2015-01-06,2017-01-02,Dave,Trott,David A. Trott,,MI,11,200,200,
v0.1.0,1.1.0,U000031,114,H,2015-01-06,2017-01-02,Fred,Upton,Fred Upton,,MI,6,200,200,
v0.1.0,1.1.0,V000081,114,H,2015-01-06,2017-01-02,Nydia,Velázquez,Nydia M. Velázquez,,NY,7,100,100,
v0.1.0,1.1.0,V000108,114,H,2015-01-06,2017-01-02,Peter,Visclosky,Peter J. Visclosky,,IN,1,100,100,
v0.1.0,1.1.0,V000128,114,H,2015-01-06,2017-01-02,Chris,Van Hollen,Chris Van Hollen,,MD,8,100,100,
v0.1.0,1.1.0,V000129,114,H,2015-01-06,2017-01-02,David,Valadao,David G. Valadao,,CA,21,200,200,
v0.1.0,1.1.0,V000130,114,H,2015-01-06,2017-01-02,Juan,Vargas,Juan Vargas,,CA,51,100,100,
v0.1.0,1.1.0,V000131,114,H,2015-01-06,2017-01-02,Marc,Veasey,Marc A. Veasey,,TX,33,100,100,
v0.1.0,1.1.0,V000132,114,H,2015-01-06,2017-01-02,Filemon,Vela,Filemon Vela,,TX,34,100,100,
v0.1.0,1.1.0,W000187,114,H,2015-01-06,2017-01-02,Maxine,Waters,Maxine Waters,,CA,43,100,100,
v0.1.0,1.1.0,W000413,114,H,2015-01-06,2016-09-06,Ed,Whitfield,Ed Whitfield,,KY,1,200,200,
v0.1.0,1.1.0,W000791,114,H,2015-01-06,2017-01-02,Greg,Walden,Greg Walden,,OR,2,200,200,
v0.1.0,1.1.0,W000795,114,H,2015-01-06,2017-01-02,Joe,Wilson,Joe Wilson,,SC,2,200,200,
v0.1.0,1.1.0,W000796,114,H,2015-01-06,2017-01-02,Lynn,Westmoreland,Lynn A. Westmoreland,,GA,3,200,200,
v0.1.0,1.1.0,W000797,114,H,2015-01-06,2017-01-02,Debbie,Wasserman Schultz,Debbie Wasserman Schultz,,FL,23,100,100,
v0.1.0,1.1.0,W000798,114,H,2015-01-06,2017-01-02,Tim,Walberg,Tim Walberg,,MI,7,200,200,
v0.1.0,1.1.0,W000799,114,H,2015-01-06,2017-01-02,Timothy,Walz,Timothy J. Walz,,MN,1,100,100,
v0.1.0,1.1.0,W000800,114,H,2015-01-06,2017-01-02,Peter,Welch,Peter Welch,,VT,0,100,100,
v0.1.0,1.1.0,W000804,114,H,2015-01-06,2017-01-02,Robert,Wittman,Robert J. Wittman,,VA,1,200,200,
v0.1.0,1.1.0,W000806,114,H,2015-01-06,2017-01-02,Daniel,Webster,Daniel Webster,,FL,10,200,200,
v0.1.0,1.1.0,W000808,114,H,2015-01-06,2017-01-02,Frederica,Wilson,Frederica S. Wilson,,FL,24,100,100,
v0.1.0,1.1.0,W000809,114,H,2015-01-06,2017-01-02,Steve,Womack,Steve Womack,,AR,3,200,200,
v0.1.0,1.1.0,W000810,114,H,2015-01-06,2017-01-02,Rob,Woodall,Rob Woodall,,GA,7,200,200,
v0.1.0,1.1.0,W000812,114,H,2015-01-06,2017-01-02,Ann,Wagner,Ann Wagner,,MO,2,200,200,
v0.1.0,1.1.0,W000813,114,H,2015-01-06,2017-01-02,Jackie,Walorski,Jackie Walorski,,IN,2,200,200,
v0.1.0,1.1.0,W000814,114,H,2015-01-06,2017-01-02,Randy,Weber,"Randy K. Weber, Sr.",,TX,14,200,200,
v0.1.0,1.1.0,W000815,114,H,2015-01-06,2017-01-02,Brad,Wenstrup,Brad R. Wenstrup,,OH,2,200,200,
v0.1.0,1.1.0,W000816,114,H,2015-01-06,2017-01-02,Roger,Williams,Roger Williams,,TX,25,200,200,
v0.1.0,1.1.0,W000819,114,H,2015-01-06,2017-01-02,Mark,Walker,Mark Walker,,NC,6,200,200,
v0.1.0,1.1.0,W000820,114,H,2015-01-06,2017-01-02,Mimi,Walters,Mimi Walters,,CA,45,200,200,
v0.1.0,1.1.0,W000821,114,H,2015-01-06,2017-01-02,Bruce,Westerman,Bruce Westerman,,AR,4,200,200,
v0.1.0,1.1.0,W000822,114,H,2015-01-06,2017-01-02,Bonnie,Watson Coleman,Bonnie Watson Coleman,,NJ,12,100,100,
v0.1.0,1.1.0,Y000033,114,H,2015-01-06,2017-01-02,Don,Young,Don Young,,AK,0,200,200,
v0.1.0,1.1.0,Y000062,114,H,2015-01-06,2017-01-02,John,Yarmuth,John A. Yarmuth,,KY,3,100,100,
v0.1.0,1.1.0,Y000063,114,H,2015-01-06,2017-01-02,Kevin,Yoder,Kevin Yoder,,KS,3,200,200,
v0.1.0,1.1.0,Y000064,114,H,2015-01-06,2017-01-02,Todd,Young,Todd Young,,IN,9,200,200,
v0.1.0,1.1.0,Y000065,114,H,2015-01-06,2017-01-02,Ted,Yoho,Ted S. Yoho,,FL,3,200,200,
v0.1.0,1.1.0,Y000066,114,H,2015-01-06,2017-01-02,David,Young,David Young,,IA,3,200,200,
v0.1.0,1.1.0,Z000017,114,H,2015-01-06,2017-01-02,Lee,Zeldin,Lee M. Zeldin,,NY,1,200,200,
v0.1.0,1.1.0,Z000018,114,H,2015-01-06,2017-01-02,Ryan,Zinke,Ryan K. Zinke,,MT,0,200,200,
v0.1.0,1.1.0,A000360,114,S,2015-01-06,2017-01-02,Lamar,Alexander,Lamar Alexander,,TN,,200,200,
v0.1.0,1.1.0,A000368,114,S,2015-01-03,2017-01-02,Kelly,Ayotte,Kelly Ayotte,,NH,,200,200,
v0.1.0,1.1.0,B000575,114,S,2015-01-03,2017-01-02,Roy,Blunt,Roy Blunt,,MO,,200,200,
v0.1.0,1.1.0,B000711,114,S,2015-01-03,2017-01-02,Barbara,Boxer,Barbara Boxer,,CA,,100,100,
v0.1.0,1.1.0,B000944,114,S,2015-01-03,2017-01-02,Sherrod,Brown,Sherrod Brown,,OH,,100,100,
v0.1.0,1.1.0,B001135,114,S,2015-01-03,2017-01-02,Richard,Burr,Richard Burr,,NC,,200,200,
v0.1.0,1.1.0,B001230,114,S,2015-01-03,2017-01-02,Tammy,Baldwin,Tammy Baldwin,,WI,,100,100,
v0.1.0,1.1.0,B001236,114,S,2015-01-03,2017-01-02,John,Boozman,John Boozman,,AR,,200,200,
v0.1.0,1.1.0,B001261,114,S,2015-01-03,2017-01-02,John,Barrasso,John Barrasso,,WY,,200,200,
v0.1.0,1.1.0,B001267,114,S,2015-01-03,2017-01-02,Michael,Bennet,Michael F. Bennet,,CO,,100,100,
v0.1.0,1.1.0,B001277,114,S,2015-01-03,2017-01-02,Richard,Blumenthal,Richard Blumenthal,,CT,,100,100,
v0.1.0,1.1.0,B001288,114,S,2015-01-06,2017-01-02,Cory,Booker,Cory A. Booker,,NJ,,100,100,
v0.1.0,1.1.0,C000127,114,S,2015-01-03,2017-01-02,Maria,Cantwell,Maria Cantwell,,WA,,100,100,
v0.1.0,1.1.0,C000141,114,S,2015-01-03,2017-01-02,Benjamin,Cardin,Benjamin L. Cardin,,MD,,100,100,
v0.1.0,1.1.0,C000174,114,S,2015-01-03,2017-01-02,Thomas,Carper,Thomas R. Carper,,DE,,100,100,
v0.1.0,1.1.0,C000542,114,S,2015-01-03,2017-01-02,Daniel,Coats,Daniel Coats,,IN,,200,200,
v0.1.0,1.1.0,C000567,114,S,2015-01-06,2017-01-02,Thad,Cochran,Thad Cochran,,MS,,200,200,
v0.1.0,1.1.0,C000880,114,S,2015-01-03,2017-01-02,Michael,Crapo,Mike Crapo,Mike,ID,,200,200,
v0.1.0,1.1.0,C001035,114,S,2015-01-06,2017-01-02,Susan,Collins,Susan M. Collins,,ME,,200,200,
v0.1.0,1.1.0,C001047,114,S,2015-01-06,2017-01-02,Shelley,Capito,Shelley Moore Capito,,WV,,200,200,
v0.1.0,1.1.0,C001056,114,S,2015-01-06,2017-01-02,John,Cornyn,John Cornyn,,TX,,200,200,
v0.1.0,1.1.0,C001070,114,S,2015-01-03,2017-01-02,Robert,Casey,"Robert P. Casey, Jr.",Bob,PA,,100,100,
v0.1.0,1.1.0,C001071,114,S,2015-01-03,2017-01-02,Bob,Corker,Bob Corker,,TN,,200,200,
v0.1.0,1.1.0,C001075,114,S,2015-01-06,2017-01-02,Bill,Cassidy,Bill Cassidy,,LA,,200,200,
v0.1.0,1.1.0,C001088,114,S,2015-01-06,2017-01-02,Christopher,Coons,Christopher A. Coons,,DE,,100,100,
v0.1.0,1.1.0,C001095,114,S,2015-01-06,2017-01-02,Tom,Cotton,Tom Cotton,,AR,,200,200,
v0.1.0,1.1.0,C001098,114,S,2015-01-03,2017-01-02,Ted,Cruz,Ted Cruz,,TX,,200,200,
v0.1.0,1.1.0,D000563,114,S,2015-01-06,2017-01-02,Richard,Durbin,Richard J. Durbin,,IL,,100,100,
v0.1.0,1.1.0,D000607,114,S,2015-01-03,2017-01-02,Joe,Donnelly,Joe Donnelly,,IN,,100,100,
v0.1.0,1.1.0,D000618,114,S,2015-01-06,2017-01-02,Steve,Daines,Steve Daines,,MT,,200,200,
v0.1.0,1.1.0,E000285,114,S,2015-01-06,2017-01-02,Michael,Enzi,Michael B. Enzi,,WY,,200,200,
v0.1.0,1.1.0,E000295,114,S,2015-01-06,2017-01-02,Joni,Ernst,Joni Ernst,,IA,,200,200,
v0.1.0,1.1.0,F000062,114,S,2015-01-03,2017-01-02,Dianne,Feinstein,Dianne Feinstein,,CA,,100,100,
v0.1.0,1.1.0,F000444,114,S,2015-01-03,2017-01-02,Jeff,Flake,Jeff Flake,,AZ,,200,200,
v0.1.0,1.1.0,F000457,114,S,2015-01-06,2017-01-02,Alan,Franken,Al Franken,Al,MN,,100,100,
v0.1.0,1.1.0,F000463,114,S,2015-01-03,2017-01-02,Deb,Fischer,Deb Fischer,,NE,,200,200,
v0.1.0,1.1.0,G000359,114,S,2015-01-06,2017-01-02,Lindsey,Graham,Lindsey Graham,,SC,,200,200,
v0.1.0,1.1.0,G000386,114,S,2015-01-03,2017-01-02,Charles,Grassley,Chuck Grassley,Chuck,IA,,200,200,
v0.1.0,1.1.0,G000555,114,S,2015-01-03,2017-01-02,Kirsten,Gillibrand,Kirsten E. Gillibrand,,NY,,100,100,
v0.1.0,1.1.0,G000562,114,S,2015-01-06,2017-01-02,Cory,Gardner,Cory Gardner,,CO,,200,200,
v0.1.0,1.1.0,H000338,114,S,2015-01-03,2017-01-02,Orrin,Hatch,Orrin G. Hatch,,UT,,200,200,
v0.1.0,1.1.0,H001041,114,S,2015-01-03,2017-01-02,Dean,Heller,Dean Heller,,NV,,200,200,
v0.1.0,1.1.0,H001042,114,S,2015-01-03,2017-01-02,Mazie,Hirono,Mazie K. Hirono,,HI,,100,100,
v0.1.0,1.1.0,H001046,114,S,2015-01-03,2017-01-02,Martin,Heinrich,Martin Heinrich,,NM,,100,100,
v0.1.0,1.1.0,H001061,114,S,2015-01-03,2017-01-02,John,Hoeven,John Hoeven,,ND,,200,200,
v0.1.0,1.1.0,H001069,114,S,2015-01-03,2017-01-02,Heidi,Heitkamp,Heidi Heitkamp,,ND,,100,100,
v0.1.0,1.1.0,I000024,114,S,2015-01-06,2017-01-02,James,Inhofe,James M. Inhofe,Jim,OK,,200,200,
v0.1.0,1.1.0,I000055,114,S,2015-01-03,2017-01-02,John,Isakson,Johnny Isakson,Johnny,GA,,200,200,
v0.1.0,1.1.0,J000293,114,S,2015-01-03,2017-01-02,Ron,Johnson,Ron Johnson,,WI,,200,200,
v0.1.0,1.1.0,K000360,114,S,2015-01-03,2017-01-02,Mark,Kirk,Mark Kirk,,IL,,200,200,
v0.1.0,1.1.0,K000367,114,S,2015-01-03,2017-01-02,Amy,Klobuchar,Amy Klobuchar,,MN,,100,100,
v0.1.0,1.1.0,K000383,114,S,2015-01-03,2017-01-02,Angus,King,"Angus S. King, Jr.",,ME,,328,328,
v0.1.0,1.1.0,K000384,114,S,2015-01-03,2017-01-02,Timothy,Kaine,Tim Kaine,Tim,VA,,100,100,
v0.1.0,1.1.0,L000174,114,S,2015-01-03,2017-01-02,Patrick,Leahy,Patrick J. Leahy,,VT,,100,100,
v0.1.0,1.1.0,L000575,114,S,2015-01-06,2017-01-02,James,Lankford,James Lankford,,OK,,200,200,
v0.1.0,1.1.0,L000577,114,S,2015-01-03,2017-01-02,Mike,Lee,Mike Lee,,UT,,200,200,
v0.1.0,1.1.0,M000133,114,S,2015-01-06,2017-01-02,Edward,Markey,Edward J. Markey,Ed,MA,,100,100,
v0.1.0,1.1.0,M000303,114,S,2015-01-03,2017-01-02,John,McCain,John McCain,,AZ,,200,200,
v0.1.0,1.1.0,M000355,114,S,2015-01-06,2017-01-02,Mitch,McConnell,Mitch McConnell,,KY,,200,200,
v0.1.0,1.1.0,M000639,114,S,2015-01-03,2017-01-02,Robert,Menendez,Robert Menendez,Bob,NJ,,100,100,
v0.1.0,1.1.0,M000702,114,S,2015-01-03,2017-01-02,Barbara,Mikulski,Barbara A. Mikulski,,MD,,100,100,
v0.1.0,1.1.0,M000934,114,S,2015-01-03,2017-01-02,Jerry,Moran,Jerry Moran,,KS,,200,200,
v0.1.0,1.1.0,M001111,114,S,2015-01-03,2017-01-02,Patty,Murray,Patty Murray,,WA,,100,100,
v0.1.0,1.1.0,M001153,114,S,2015-01-03,2017-01-02,Lisa,Murkowski,Lisa Murkowski,,AK,,200,200,
v0.1.0,1.1.0,M001169,114,S,2015-01-03,2017-01-02,Christopher,Murphy,Christopher Murphy,,CT,,100,100,
v0.1.0,1.1.0,M001170,114,S,2015-01-03,2017-01-02,Claire,McCaskill,Claire McCaskill,,MO,,100,100,
v0.1.0,1.1.0,M001176,114,S,2015-01-06,2017-01-02,Jeff,Merkley,Jeff Merkley,,OR,,100,100,
v0.1.0,1.1.0,M001183,114,S,2015-01-03,2017-01-02,Joe,Manchin,"Joe Manchin, III",,WV,,100,100,
v0.1.0,1.1.0,N000032,114,S,2015-01-03,2017-01-02,Bill,Nelson,Bill Nelson,,FL,,100,100,
v0.1.0,1.1.0,P000449,114,S,2015-01-03,2017-01-02,Robert,Portman,Rob Portman,Rob,OH,,200,200,
v0.1.0,1.1.0,P000595,114,S,2015-01-06,2017-01-02,Gary,Peters,Gary C. Peters,,MI,,100,100,
v0.1.0,1.1.0,P000603,114,S,2015-01-03,2017-01-02,Rand,Paul,Rand Paul,,KY,,200,200,
v0.1.0,1.1.0,P000612,114,S,2015-01-06,2017-01-02,David,Perdue,David Perdue,,GA,,200,200,
v0.1.0,1.1.0,R000122,114,S,2015-01-06,2017-01-02,John,Reed,Jack Reed,Jack,RI,,100,100,
v0.1.0,1.1.0,R000307,114,S,2015-01-06,2017-01-02,Pat,Roberts,Pat Roberts,,KS,,200,200,
v0.1.0,1.1.0,R000584,114,S,2015-01-06,2017-01-02,James,Risch,James E. Risch,,ID,,200,200,
v0.1.0,1.1.0,R000595,114,S,2015-01-03,2017-01-02,Marco,Rubio,Marco Rubio,,FL,,200,200,
v0.1.0,1.1.0,R000605,114,S,2015-01-06,2017-01-02,Mike,Rounds,Mike Rounds,,SD,,200,200,
v0.1.0,1.1.0,S000033,114,S,2015-01-03,2017-01-02,Bernard,Sanders,Bernard Sanders,Bernie,VT,,328,328,
v0.1.0,1.1.0,S000148,114,S,2015-01-03,2017-01-02,Charles,Schumer,Charles E. Schumer,Chuck,NY,,100,100,
v0.1.0,1.1.0,S000320,114,S,2015-01-03,2017-01-02,Richard,Shelby,Richard C. Shelby,,AL,,200,200,
v0.1.0,1.1.0,S000770,114,S,2015-01-03,2017-01-02,Debbie,Stabenow,Debbie Stabenow,,MI,,100,100,
v0.1.0,1.1.0,S001141,114,S,2015-01-06,2017-01-02,Jefferson,Sessions,Jeff Sessions,Jeff,AL,,200,200,
v0.1.0,1.1.0,S001181,114,S,2015-01-06,2017-01-02,Jeanne,Shaheen,Jeanne Shaheen,,NH,,100,100,
v0.1.0,1.1.0,S001184,114,S,2015-01-06,2017-01-02,Tim,Scott,Tim Scott,,SC,,200,200,
v0.1.0,1.1.0,S001194,114,S,2015-01-06,2017-01-02,Brian,Schatz,Brian Schatz,,HI,,100,100,
v0.1.0,1.1.0,S001197,114,S,2015-01-06,2017-01-02,Benjamin,Sasse,Ben Sasse,Ben,NE,,200,200,
v0.1.0,1.1.0,S001198,114,S,2015-01-06,2017-01-02,Dan,Sullivan,Dan Sullivan,,AK,,200,200,
v0.1.0,1.1.0,T000250,114,S,2015-01-03,2017-01-02,John,Thune,John Thune,,SD,,200,200,
v0.1.0,1.1.0,T000461,114,S,2015-01-03,2017-01-02,Patrick,Toomey,Patrick J. Toomey,Pat,PA,,200,200,
v0.1.0,1.1.0,T000464,114,S,2015-01-03,2017-01-02,Jon,Tester,Jon Tester,,MT,,100,100,
v0.1.0,1.1.0,T000476,114,S,2015-01-06,2017-01-02,Thom,Tillis,Thom Tillis,,NC,,200,200,
v0.1.0,1.1.0,U000039,114,S,2015-01-06,2017-01-02,Tom,Udall,Tom Udall,,NM,,100,100,
v0.1.0,1.1.0,V000127,114,S,2015-01-03,2017-01-02,David,Vitter,David Vitter,,LA,,200,200,
v0.1.0,1.1.0,W000437,114,S,2015-01-03,2017-01-02,Roger,Wicker,Roger F. Wicker,,MS,,200,200,
v0.1.0,1.1.0,W000779,114,S,2015-01-03,2017-01-02,Ron,Wyden,Ron Wyden,,OR,,100,100,
v0.1.0,1.1.0,W000802,114,S,2015-01-03,2017-01-02,Sheldon,Whitehouse,Sheldon Whitehouse,,RI,,100,100,
v0.1.0,1.1.0,W000805,114,S,2015-01-06,2017-01-02,Mark,Warner,Mark R. Warner,,VA,,100,100,
v0.1.0,1.1.0,W000817,114,S,2015-01-03,2017-01-02,Elizabeth,Warren,Elizabeth Warren,,MA,,100,100,
v0.1.0,1.1.0,A000055,115,H,2017-01-03,2019-01-02,Robert,Aderholt,Robert B. Aderholt,,AL,4,200,200,
v0.1.0,1.1.0,A000367,115,H,2017-01-03,2019-01-02,Justin,Amash,Justin Amash,,MI,3,200,200,
v0.1.0,1.1.0,A000369,115,H,2017-01-03,2019-01-02,Mark,Amodei,Mark E. Amodei,,NV,2,200,200,
v0.1.0,1.1.0,A000370,115,H,2017-01-03,2019-01-02,Alma,Adams,Alma S. Adams,,NC,12,100,100,
v0.1.0,1.1.0,A000371,115,H,2017-01-03,2019-01-02,Pete,Aguilar,Pete Aguilar,,CA,31,100,100,
v0.1.0,1.1.0,A000372,115,H,2017-01-03,2019-01-02,Rick,Allen,Rick W. Allen,,GA,12,200,200,
v0.1.0,1.1.0,A000374,115,H,2017-01-03,2019-01-02,Ralph,Abraham,Ralph Lee Abraham,,LA,5,200,200,
v0.1.0,1.1.0,A000375,115,H,2017-01-03,2019-01-02,Jodey,Arrington,Jodey C. Arrington,,TX,19,200,200,
v0.1.0,1.1.0,B000213,115,H,2017-01-03,2019-01-02,Joe,Barton,Joe Barton,,TX,6,200,200,
v0.1.0,1.1.0,B000287,115,H,2017-01-03,2017-01-23,Xavier,Becerra,Xavier Becerra,,CA,34,100,100,
v0.1.0,1.1.0,B000490,115,H,2017-01-03,2019-01-02,Sanford,Bishop,"Sanford D. Bishop, Jr.",,GA,2,100,100,
v0.1.0,1.1.0,B000574,115,H,2017-01-03,2019-01-02,Earl,Blumenauer,Earl Blumenauer,,OR,3,100,100,
v0.1.0,1.1.0,B000755,115,H,2017-01-03,2019-01-02,Kevin,Brady,Kevin Brady,,TX,8,200,200,
v0.1.0,1.1.0,B001227,115,H,2017-01-03,2019-01-02,Robert,Brady,Robert A. Brady,,PA,1,100,100,
v0.1.0,1.1.0,B001243,115,H,2017-01-03,2019-01-02,Marsha,Blackburn,Marsha Blackburn,,TN,7,200,200,
v0.1.0,1.1.0,B001245,115,H,2017-01-03,2019-01-02,Madeleine,Bordallo,Madeleine Z. Bordallo,,GU,0,100,100,
v0.1.0,1.1.0,B001248,115,H,2017-01-03,2019-01-02,Michael,Burgess,Michael C. Burgess,,TX,26,200,200,
v0.1.0,1.1.0,B001250,115,H,2017-01-03,2019-01-02,Rob,Bishop,Rob Bishop,,UT,1,200,200,
v0.1.0,1.1.0,B001251,115,H,2017-01-03,2019-01-02,George,Butterfield,G. K. Butterfield,G.K.,NC,1,100,100,
v0.1.0,1.1.0,B001257,115,H,2017-01-03,2019-01-02,Gus,Bilirakis,Gus M. Bilirakis,,FL,12,200,200,
v0.1.0,1.1.0,B001260,115,H,2017-01-03,2019-01-02,Vern,Buchanan,Vern Buchanan,,FL,16,200,200,
v0.1.0,1.1.0,B001269,115,H,2017-01-03,2019-01-02,Lou,Barletta,Lou Barletta,,PA,11,200,200,
v0.1.0,1.1.0,B001270,115,H,2017-01-03,2019-01-02,Karen,Bass,Karen Bass,,CA,37,100,100,
v0.1.0,1.1.0,B001273,115,H,2017-01-03,2019-01-02,Diane,Black,Diane Black,,TN,6,200,200,
v0.1.0,1.1.0,B001274,115,H,2017-01-03,2019-01-02,Mo,Brooks,Mo Brooks,,AL,5,200,200,
v0.1.0,1.1.0,B001275,115,H,2017-01-03,2019-01-02,Larry,Bucshon,Larry Bucshon,,IN,8,200,200,
v0.1.0,1.1.0,B001278,115,H,2017-01-03,2019-01-02,Suzanne,Bonamici,Suzanne Bonamici,,OR,1,100,100,
v0.1.0,1.1.0,B001281,115,H,2017-01-03,2019-01-02,Joyce,Beatty,Joyce Beatty,,OH,3,100,100,
v0.1.0,1.1.0,B001282,115,H,2017-01-03,2019-01-02,Garland,Barr,Andy Barr,Andy,KY,6,200,200,
v0.1.0,1.1.0,B001283,115,H,2017-01-03,2018-04-22,Jim,Bridenstine,Jim Bridenstine,,OK,1,200,200,
v0.1.0,1.1.0,B001284,115,H,2017-01-03,2019-01-02,Susan,Brooks,Susan W. Brooks,,IN,5,200,200,
v0.1.0,1.1.0,B001285,115,H,2017-01-03,2019-01-02,Julia,Brownley,Julia Brownley,,CA,26,100,100,
v0.1.0,1.1.0,B001286,115,H,2017-01-03,2019-01-02,Cheri,Bustos,Cheri Bustos,,IL,17,100,100,
v0.1.0,1.1.0,B001287,115,H,2017-01-03,2019-01-02,Ami,Bera,Ami Bera,,CA,7,100,100,
v0.1.0,1.1.0,B001289,115,H,2017-01-03,2019-01-02,Bradley,Byrne,Bradley Byrne,,AL,1,200,200,
v0.1.0,1.1.0,B001290,115,H,2017-01-03,2019-01-02,David,Brat,Dave Brat,Dave,VA,7,200,200,
v0.1.0,1.1.0,B001291,115,H,2017-01-03,2019-01-02,Brian,Babin,Brian Babin,,TX,36,200,200,
v0.1.0,1.1.0,B001292,115,H,2017-01-03,2019-01-02,Donald,Beyer,"Donald S. Beyer, Jr.",,VA,8,100,100,
v0.1.0,1.1.0,B001293,115,H,2017-01-03,2019-01-02,Mike,Bishop,Mike Bishop,,MI,8,200,200,
v0.1.0,1.1.0,B001294,115,H,2017-01-03,2019-01-02,Rod,Blum,Rod Blum,,IA,1,200,200,
v0.1.0,1.1.0,B001295,115,H,2017-01-03,2019-01-02,Mike,Bost,Mike Bost,,IL,12,200,200,
v0.1.0,1.1.0,B001296,115,H,2017-01-03,2019-01-02,Brendan,Boyle,Brendan F. Boyle,,PA,13,100,100,
v0.1.0,1.1.0,B001297,115,H,2017-01-03,2019-01-02,Ken,Buck,Ken Buck,,CO,4,200,200,
v0.1.0,1.1.0,B001298,115,H,2017-01-03,2019-01-02,Don,Bacon,Don Bacon,,NE,2,200,200,
v0.1.0,1.1.0,B001299,115,H,2017-01-03,2019-01-02,Jim,Banks,Jim Banks,,IN,3,200,200,
v0.1.0,1.1.0,B001300,115,H,2017-01-03,2019-01-02,Nanette,Barragán,Nanette Diaz Barragán,,CA,44,100,100,
v0.1.0,1.1.0,B001301,115,H,2017-01-03,2019-01-02,Jack,Bergman,Jack Bergman,,MI,1,200,200,
v0.1.0,1.1.0,B001302,115,H,2017-01-03,2019-01-02,Andy,Biggs,Andy Biggs,,AZ,5,200,200,
v0.1.0,1.1.0,B001303,115,H,2017-01-03,2019-01-02,Lisa,Blunt Rochester,Lisa Blunt Rochester,,DE,0,100,100,
v0.1.0,1.1.0,B001304,115,H,2017-01-03,2019-01-02,Anthony,Brown,Anthony G. Brown,,MD,4,100,100,
v0.1.0,1.1.0,B001305,115,H,2017-01-03,2019-01-02,Ted,Budd,Ted Budd,,NC,13,200,200,
v0.1.0,1.1.0,B001306,115,H,2018-09-04,2019-01-02,Troy,Balderson,Troy Balderson,,OH,12,200,200,
v0.1.0,1.1.0,C000059,115,H,2017-01-03,2019-01-02,Ken,Calvert,Ken Calvert,,CA,42,200,200,
v0.1.0,1.1.0,C000266,115,H,2017-01-03,2019-01-02,Steve,Chabot,Steve Chabot,,OH,1,200,200,
v0.1.0,1.1.0,C000714,115,H,2017-01-03,2017-12-04,John,Conyers,"John Conyers, Jr.",,MI,13,100,100,
v0.1.0,1.1.0,C000754,115,H,2017-01-03,2019-01-02,Jim,Cooper,Jim Cooper,,TN,5,100,100,
v0.1.0,1.1.0,C000984,115,H,2017-01-03,2019-01-02,Elijah,Cummings,Elijah E. Cummings,,MD,7,100,100,
v0.1.0,1.1.0,C001037,115,H,2017-01-03,2019-01-02,Michael,Capuano,Michael E. Capuano,,MA,7,100,100,
v0.1.0,1.1.0,C001038,115,H,2017-01-03,2019-01-02,Joseph,Crowley,Joseph Crowley,Joe,NY,14,100,100,
v0.1.0,1.1.0,C001048,115,H,2017-01-03,2019-01-02,John,Culberson,John Abney Culberson,,TX,7,200,200,
v0.1.0,1.1.0,C001049,115,H,2017-01-03,2019-01-02,Wm.,Clay,Wm. Lacy Clay,,MO,1,100,100,
v0.1.0,1.1.0,C001051,115,H,2017-01-03,2019-01-02,John,Carter,John R. Carter,,TX,31,200,200,
v0.1.0,1.1.0,C001053,115,H,2017-01-03,2019-01-02,Tom,Cole,Tom Cole,,OK,4,200,200,
v0.1.0,1.1.0,C001059,115,H,2017-01-03,2019-01-02,Jim,Costa,Jim Costa,,CA,16,100,100,
v0.1.0,1.1.0,C001061,115,H,2017-01-03,2019-01-02,Emanuel,Cleaver,Emanuel Cleaver,,MO,5,100,100,
v0.1.0,1.1.0,C001062,115,H,2017-01-03,2019-01-02,K.,Conaway,K. Michael Conaway,,TX,11,200,200,
v0.1.0,1.1.0,C001063,115,H,2017-01-03,2019-01-02,Henry,Cuellar,Henry Cuellar,,TX,28,100,100,
v0.1.0,1.1.0,C001066,115,H,2017-01-03,2019-01-02,Kathy,Castor,Kathy Castor,,FL,14,100,100,
v0.1.0,1.1.0,C001067,115,H,2017-01-03,2019-01-02,Yvette,Clarke,Yvette D. Clarke,,NY,9,100,100,
v0.1.0,1.1.0,C001068,115,H,2017-01-03,2019-01-02,Steve,Cohen,Steve Cohen,,TN,9,100,100,
v0.1.0,1.1.0,C001069,115,H,2017-01-03,2019-01-02,Joe,Courtney,Joe Courtney,,CT,2,100,100,
v0.1.0,1.1.0,C001072,115,H,2017-01-03,2019-01-02,André,Carson,André Carson,,IN,7,100,100,
v0.1.0,1.1.0,C001076,115,H,2017-01-03,2017-06-29,Jason,Chaffetz,Jason Chaffetz,,UT,3,200,200,
v0.1.0,1.1.0,C001077,115,H,2017-01-03,2019-01-02,Mike,Coffman,Mike Coffman,,CO,6,200,200,
v0.1.0,1.1.0,C001078,115,H,2017-01-03,2019-01-02,Gerald,Connolly,Gerald E. Connolly,,VA,11,100,100,
v0.1.0,1.1.0,C001080,115,H,2017-01-03,2019-01-02,Judy,Chu,Judy Chu,,CA,27,100,100,
v0.1.0,1.1.0,C001084,115,H,2017-01-03,2019-01-02,David,Cicilline,David N. Cicilline,,RI,1,100,100,
v0.1.0,1.1.0,C001087,115,H,2017-01-03,2019-01-02,Eric,Crawford,"Eric A. ""Rick"" Crawford",Rick,AR,1,200,200,
v0.1.0,1.1.0,C001090,115,H,2017-01-03,2019-01-02,Matthew,Cartwright,Matt Cartwright,Matt,PA,17,100,100,
v0.1.0,1.1.0,C001091,115,H,2017-01-03,2019-01-02,Joaquin,Castro,Joaquin Castro,,TX,20,100,100,
v0.1.0,1.1.0,C001092,115,H,2017-01-03,2019-01-02,Chris,Collins,Chris Collins,,NY,27,200,200,
v0.1.0,1.1.0,C001093,115,H,2017-01-03,2019-01-02,Doug,Collins,Doug Collins,,GA,9,200,200,
v0.1.0,1.1.0,C001094,115,H,2017-01-03,2019-01-02,Paul,Cook,Paul Cook,,CA,8,200,200,
v0.1.0,1.1.0,C001096,115,H,2017-01-03,2019-01-02,Kevin,Cramer,Kevin Cramer,,ND,0,200,200,
v0.1.0,1.1.0,C001097,115,H,2017-01-03,2019-01-02,Tony,Cárdenas,Tony Cárdenas,,CA,29,100,100,
v0.1.0,1.1.0,C001101,115,H,2017-01-03,2019-01-02,Katherine,Clark,Katherine M. Clark,,MA,5,100,100,
v0.1.0,1.1.0,C001103,115,H,2017-01-03,2019-01-02,Earl,Carter,"Earl L. ""Buddy"" Carter",Buddy,GA,1,200,200,
v0.1.0,1.1.0,C001105,115,H,2017-01-03,2019-01-02,Barbara,Comstock,Barbara Comstock,,VA,10,200,200,
v0.1.0,1.1.0,C001106,115,H,2017-01-03,2019-01-02,Ryan,Costello,Ryan A. Costello,,PA,6,200,200,
v0.1.0,1.1.0,C001107,115,H,2017-01-03,2019-01-02,Carlos,Curbelo,Carlos Curbelo,,FL,26,200,200,
v0.1.0,1.1.0,C001108,115,H,2017-01-03,2019-01-02,James,Comer,James Comer,,KY,1,200,200,
v0.1.0,1.1.0,C001109,115,H,2017-01-03,2019-01-02,Liz,Cheney,Liz Cheney,,WY,0,200,200,
v0.1.0,1.1.0,C001110,115,H,2017-01-03,2019-01-02,J.,Correa,J. Luis Correa,,CA,46,100,100,
v0.1.0,1.1.0,C001111,115,H,2017-01-03,2019-01-02,Charlie,Crist,Charlie Crist,,FL,13,100,100,
v0.1.0,1.1.0,C001112,115,H,2017-01-03,2019-01-02,Salud,Carbajal,Salud O. Carbajal,,CA,24,100,100,
v0.1.0,1.1.0,C001114,115,H,2017-11-13,2019-01-02,John,Curtis,John R. Curtis,,UT,3,200,200,
v0.1.0,1.1.0,C001115,115,H,2018-07-10,2019-01-02,Michael,Cloud,Michael Cloud,,TX,27,200,200,
v0.1.0,1.1.0,D000096,115,H,2017-01-03,2019-01-02,Danny,Davis,Danny K. Davis,,IL,7,100,100,
v0.1.0,1.1.0,D000191,115,H,2017-01-03,2019-01-02,Peter,DeFazio,Peter A. DeFazio,,OR,4,100,100,
v0.1.0,1.1.0,D000197,115,H,2017-01-03,2019-01-02,Diana,DeGette,Diana DeGette,,CO,1,100,100,
v0.1.0,1.1.0,D000216,115,H,2017-01-03,2019-01-02,Rosa,DeLauro,Rosa L. DeLauro,,CT,3,100,100,
v0.1.0,1.1.0,D000399,115,H,2017-01-03,2019-01-02,Lloyd,Doggett,Lloyd Doggett,,TX,35,100,100,
v0.1.0,1.1.0,D000482,115,H,2017-01-03,2019-01-02,Michael,Doyle,Michael F. Doyle,,PA,14,100,100,
v0.1.0,1.1.0,D000533,115,H,2017-01-03,2019-01-02,John,Duncan,"John J. Duncan, Jr.",Jimmy,TN,2,200,200,
v0.1.0,1.1.0,D000598,115,H,2017-01-03,2019-01-02,Susan,Davis,Susan A. Davis,,CA,53,100,100,
v0.1.0,1.1.0,D000600,115,H,2017-01-03,2019-01-02,Mario,Diaz-Balart,Mario Diaz-Balart,,FL,25,200,200,
v0.1.0,1.1.0,D000604,115,H,2017-01-03,2018-05-11,Charles,Dent,Charles W. Dent,,PA,15,200,200,
v0.1.0,1.1.0,D000610,115,H,2017-01-03,2019-01-02,Theodore,Deutch,Theodore E. Deutch,Ted,FL,22,100,100,
v0.1.0,1.1.0,D000612,115,H,2017-01-03,2019-01-02,Jeff,Denham,Jeff Denham,,CA,10,200,200,
v0.1.0,1.1.0,D000614,115,H,2017-01-03,2019-01-02,Sean,Duffy,Sean P. Duffy,,WI,7,200,200,
v0.1.0,1.1.0,D000615,115,H,2017-01-03,2019-01-02,Jeff,Duncan,Jeff Duncan,,SC,3,200,200,
v0.1.0,1.1.0,D000616,115,H,2017-01-03,2019-01-02,Scott,DesJarlais,Scott DesJarlais,,TN,4,200,200,
v0.1.0,1.1.0,D000617,115,H,2017-01-03,2019-01-02,Suzan,DelBene,Suzan K. DelBene,,WA,1,100,100,
v0.1.0,1.1.0,D000619,115,H,2017-01-03,2019-01-02,Rodney,Davis,Rodney Davis,,IL,13,200,200,
v0.1.0,1.1.0,D000620,115,H,2017-01-03,2019-01-02,John,Delaney,John K. Delaney,,MD,6,100,100,
v0.1.0,1.1.0,D000621,115,H,2017-01-03,2018-09-09,Ron,DeSantis,Ron DeSantis,,FL,6,200,200,
v0.1.0,1.1.0,D000623,115,H,2017-01-03,2019-01-02,Mark,DeSaulnier,Mark DeSaulnier,,CA,11,100,100,
v0.1.0,1.1.0,D000624,115,H,2017-01-03,2019-01-02,Debbie,Dingell,Debbie Dingell,,MI,12,100,100,
v0.1.0,1.1.0,D000625,115,H,2017-01-03,2019-01-02,Daniel,Donovan,"Daniel M. Donovan, Jr.",,NY,11,200,200,
v0.1.0,1.1.0,D000626,115,H,2017-01-03,2019-01-02,Warren,Davidson,Warren Davidson,,OH,8,200,200,
v0.1.0,1.1.0,D000627,115,H,2017-01-03,2019-01-02,Val,Demings,Val Butler Demings,,FL,10,100,100,
v0.1.0,1.1.0,D000628,115,H,2017-01-03,2019-01-02,Neal,Dunn,Neal P. Dunn,,FL,2,200,200,
v0.1.0,1.1.0,E000179,115,H,2017-01-03,2019-01-02,Eliot,Engel,Eliot L. Engel,,NY,16,100,100,
v0.1.0,1.1.0,E000215,115,H,2017-01-03,2019-01-02,Anna,Eshoo,Anna G. Eshoo,,CA,18,100,100,
v0.1.0,1.1.0,E000288,115,H,2017-01-03,2019-01-02,Keith,Ellison,Keith Ellison,,MN,5,100,100,
v0.1.0,1.1.0,E000293,115,H,2017-01-03,2019-01-02,Elizabeth,Esty,Elizabeth H. Esty,,CT,5,100,100,
v0.1.0,1.1.0,E000294,115,H,2017-01-03,2019-01-02,Tom,Emmer,Tom Emmer,,MN,6,200,200,
v0.1.0,1.1.0,E000296,115,H,2017-01-03,2019-01-02,Dwight,Evans,Dwight Evans,,PA,2,100,100,
v0.1.0,1.1.0,E000297,115,H,2017-01-03,2019-01-02,Adriano,Espaillat,Adriano Espaillat,,NY,13,100,100,
v0.1.0,1.1.0,E000298,115,H,2017-04-25,2019-01-02,Ron,Estes,Ron Estes,,KS,4,200,200,
v0.1.0,1.1.0,F000372,115,H,2017-01-03,2019-01-02,Rodney,Frelinghuysen,Rodney P. Frelinghuysen,,NJ,11,200,200,
v0.1.0,1.1.0,F000448,115,H,2017-01-03,2017-12-07,Trent,Franks,Trent Franks,,AZ,8,200,200,
v0.1.0,1.1.0,F000449,115,H,2017-01-03,2019-01-02,Jeff,Fortenberry,Jeff Fortenberry,,NE,1,200,200,
v0.1.0,1.1.0,F000450,115,H,2017-01-03,2019-01-02,Virginia,Foxx,Virginia Foxx,,NC,5,200,200,
v0.1.0,1.1.0,F000454,115,H,2017-01-03,2019-01-02,Bill,Foster,Bill Foster,,IL,11,100,100,
v0.1.0,1.1.0,F000455,115,H,2017-01-03,2019-01-02,Marcia,Fudge,Marcia L. Fudge,,OH,11,100,100,
v0.1.0,1.1.0,F000459,115,H,2017-01-03,2019-01-02,Charles,Fleischmann,"Charles J. ""Chuck"" Fleischmann",Chuck,TN,3,200,200,
v0.1.0,1.1.0,F000460,115,H,2017-01-03,2018-04-05,Blake,Farenthold,Blake Farenthold,,TX,27,200,200,
v0.1.0,1.1.0,F000461,115,H,2017-01-03,2019-01-02,Bill,Flores,Bill Flores,,TX,17,200,200,
v0.1.0,1.1.0,F000462,115,H,2017-01-03,2019-01-02,Lois,Frankel,Lois Frankel,,FL,21,100,100,
v0.1.0,1.1.0,F000464,115,H,2017-01-03,2019-01-02,John,Faso,John J. Faso,,NY,19,200,200,
v0.1.0,1.1.0,F000465,115,H,2017-01-03,2019-01-02,A.,Ferguson,A. Drew Ferguson IV,,GA,3,200,200,
v0.1.0,1.1.0,F000466,115,H,2017-01-03,2019-01-02,Brian,Fitzpatrick,Brian K. Fitzpatrick,,PA,8,200,200,
v0.1.0,1.1.0,G000289,115,H,2017-01-03,2019-01-02,Bob,Goodlatte,Bob Goodlatte,,VA,6,200,200,
v0.1.0,1.1.0,G000377,115,H,2017-01-03,2019-01-02,Kay,Granger,Kay Granger,,TX,12,200,200,
v0.1.0,1.1.0,G000410,115,H,2017-01-03,2019-01-02,Gene,Green,Gene Green,,TX,29,100,100,
v0.1.0,1.1.0,G000535,115,H,2017-01-03,2019-01-02,Luis,Gutiérrez,Luis V. Gutiérrez,,IL,4,100,100,
v0.1.0,1.1.0,G000546,115,H,2017-01-03,2019-01-02,Sam,Graves,Sam Graves,,MO,6,200,200,
v0.1.0,1.1.0,G000551,115,H,2017-01-03,2019-01-02,Raúl,Grijalva,Raúl M. Grijalva,,AZ,3,100,100,
v0.1.0,1.1.0,G000552,115,H,2017-01-03,2019-01-02,Louie,Gohmert,Louie Gohmert,,TX,1,200,200,
v0.1.0,1.1.0,G000553,115,H,2017-01-03,2019-01-02,Al,Green,Al Green,,TX,9,100,100,
v0.1.0,1.1.0,G000558,115,H,2017-01-03,2019-01-02,Brett,Guthrie,Brett Guthrie,,KY,2,200,200,
v0.1.0,1.1.0,G000559,115,H,2017-01-03,2019-01-02,John,Garamendi,John Garamendi,,CA,3,100,100,
v0.1.0,1.1.0,G000560,115,H,2017-01-03,2019-01-02,Tom,Graves,Tom Graves,,GA,14,200,200,
v0.1.0,1.1.0,G000563,115,H,2017-01-03,2019-01-02,Bob,Gibbs,Bob Gibbs,,OH,7,200,200,
v0.1.0,1.1.0,G000565,115,H,2017-01-03,2019-01-02,Paul,Gosar,Paul A. Gosar,,AZ,4,200,200,
v0.1.0,1.1.0,G000566,115,H,2017-01-03,2019-01-02,Trey,Gowdy,Trey Gowdy,,SC,4,200,200,
v0.1.0,1.1.0,G000568,115,H,2017-01-03,2019-01-02,H.,Griffith,H. Morgan Griffith,,VA,9,200,200,
v0.1.0,1.1.0,G000571,115,H,2017-01-03,2019-01-02,Tulsi,Gabbard,Tulsi Gabbard,,HI,2,100,100,
v0.1.0,1.1.0,G000574,115,H,2017-01-03,2019-01-02,Ruben,Gallego,Ruben Gallego,,AZ,7,100,100,
v0.1.0,1.1.0,G000576,115,H,2017-01-03,2019-01-02,Glenn,Grothman,Glenn Grothman,,WI,6,200,200,
v0.1.0,1.1.0,G000577,115,H,2017-01-03,2019-01-02,Garret,Graves,Garret Graves,,LA,6,200,200,
v0.1.0,1.1.0,G000578,115,H,2017-01-03,2019-01-02,Matt,Gaetz,Matt Gaetz,,FL,1,200,200,
v0.1.0,1.1.0,G000579,115,H,2017-01-03,2019-01-02,Mike,Gallagher,Mike Gallagher,,WI,8,200,200,
v0.1.0,1.1.0,G000580,115,H,2017-01-03,2019-01-02,Thomas,Garrett,"Thomas A. Garrett, Jr.",,VA,5,200,200,
v0.1.0,1.1.0,G000581,115,H,2017-01-03,2019-01-02,Vicente,Gonzalez,Vicente Gonzalez,,TX,15,100,100,
v0.1.0,1.1.0,G000582,115,H,2017-01-03,2019-01-02,Jenniffer,González-Colón,Jenniffer González-Colón,,PR,0,200,200,
v0.1.0,1.1.0,G000583,115,H,2017-01-03,2019-01-02,Josh,Gottheimer,Josh Gottheimer,,NJ,5,100,100,
v0.1.0,1.1.0,G000584,115,H,2017-06-21,2019-01-02,Greg,Gianforte,Greg Gianforte,,MT,0,200,200,
v0.1.0,1.1.0,G000585,115,H,2017-07-11,2019-01-02,Jimmy,Gomez,Jimmy Gomez,,CA,34,100,100,
v0.1.0,1.1.0,H000324,115,H,2017-01-03,2019-01-02,Alcee,Hastings,Alcee L. Hastings,,FL,20,100,100,
v0.1.0,1.1.0,H000874,115,H,2017-01-03,2019-01-02,Steny,Hoyer,Steny H. Hoyer,,MD,5,100,100,
v0.1.0,1.1.0,H001036,115,H,2017-01-03,2019-01-02,Jeb,Hensarling,Jeb Hensarling,,TX,5,200,200,
v0.1.0,1.1.0,H001038,115,H,2017-01-03,2019-01-02,Brian,Higgins,Brian Higgins,,NY,26,100,100,
v0.1.0,1.1.0,H001045,115,H,2017-01-03,2019-01-02,Gregg,Harper,Gregg Harper,,MS,3,200,200,
v0.1.0,1.1.0,H001047,115,H,2017-01-03,2019-01-02,James,Himes,James A. Himes,Jim,CT,4,100,100,
v0.1.0,1.1.0,H001048,115,H,2017-01-03,2019-01-02,Duncan,Hunter,Duncan Hunter,,CA,50,200,200,
v0.1.0,1.1.0,H001050,115,H,2017-01-03,2019-01-02,Colleen,Hanabusa,Colleen Hanabusa,,HI,1,100,100,
v0.1.0,1.1.0,H001052,115,H,2017-01-03,2019-01-02,Andy,Harris,Andy Harris,,MD,1,200,200,
v0.1.0,1.1.0,H001053,115,H,2017-01-03,2019-01-02,Vicky,Hartzler,Vicky Hartzler,,MO,4,200,200,
v0.1.0,1.1.0,H001056,115,H,2017-01-03,2019-01-02,Jaime,Herrera Beutler,Jaime Herrera Beutler,,WA,3,200,200,
v0.1.0,1.1.0,H001058,115,H,2017-01-03,2019-01-02,Bill,Huizenga,Bill Huizenga,,MI,2,200,200,
v0.1.0,1.1.0,H001059,115,H,2017-01-03,2019-01-02,Randy,Hultgren,Randy Hultgren,,IL,14,200,200,
v0.1.0,1.1.0,H001064,115,H,2017-01-03,2019-01-02,Denny,Heck,Denny Heck,,WA,10,100,100,
v0.1.0,1.1.0,H001065,115,H,2017-01-03,2019-01-02,George,Holding,George Holding,,NC,2,200,200,
v0.1.0,1.1.0,H001067,115,H,2017-01-03,2019-01-02,Richard,Hudson,Richard Hudson,,NC,8,200,200,
v0.1.0,1.1.0,H001068,115,H,2017-01-03,2019-01-02,Jared,Huffman,Jared Huffman,,CA,2,100,100,
v0.1.0,1.1.0,H001071,115,H,2017-01-03,2019-01-02,Jody,Hice,Jody B. Hice,,GA,10,200,200,
v0.1.0,1.1.0,H001072,115,H,2017-01-03,2019-01-02,J.,Hill,J. French Hill,,AR,2,200,200,
v0.1.0,1.1.0,H001073,115,H,2017-01-03,2019-01-02,Will,Hurd,Will Hurd,,TX,23,200,200,
v0.1.0,1.1.0,H001074,115,H,2017-01-03,2019-01-02,Trey,Hollingsworth,Trey Hollingsworth,,IN,9,200,200,
v0.1.0,1.1.0,H001077,115,H,2017-01-03,2019-01-02,Clay,Higgins,Clay Higgins,,LA,3,200,200,
v0.1.0,1.1.0,H001078,115,H,2017-06-26,2019-01-02,Karen,Handel,Karen C. Handel,,GA,6,200,200,
v0.1.0,1.1.0,H001082,115,H,2018-11-13,2019-01-02,Kevin,Hern,Kevin Hern,,OK,1,200,200,
v0.1.0,1.1.0,I000056,115,H,2017-01-03,2019-01-02,Darrell,Issa,Darrell Issa,,CA,49,200,200,
v0.1.0,1.1.0,J000032,115,H,2017-01-03,2019-01-02,Sheila,Jackson Lee,Sheila Jackson Lee,,TX,18,100,100,
v0.1.0,1.1.0,J000126,115,H,2017-01-03,2019-01-02,Eddie,Johnson,Eddie Bernice Johnson,,TX,30,100,100,
v0.1.0,1.1.0,J000174,115,H,2017-01-03,2019-01-02,Sam,Johnson,Sam Johnson,,TX,3,200,200,
v0.1.0,1.1.0,J000255,115,H,2017-01-03,2019-01-02,Walter,Jones,Walter B. Jones,,NC,3,200,200,
v0.1.0,1.1.0,J000288,115,H,2017-01-03,2019-01-02,Henry,Johnson,"Henry C. ""Hank"" Johnson, Jr.",Hank,GA,4,100,100,
v0.1.0,1.1.0,J000289,115,H,2017-01-03,2019-01-02,Jim,Jordan,Jim Jordan,,OH,4,200,200,
v0.1.0,1.1.0,J000290,115,H,2017-01-03,2019-01-02,Lynn,Jenkins,Lynn Jenkins,,KS,2,200,200,
v0.1.0,1.1.0,J000292,115,H,2017-01-03,2019-01-02,Bill,Johnson,Bill Johnson,,OH,6,200,200,
v0.1.0,1.1.0,J000294,115,H,2017-01-03,2019-01-02,Hakeem,Jeffries,Hakeem S. Jeffries,,NY,8,100,100,
v0.1.0,1.1.0,J000295,115,H,2017-01-03,2019-01-02,David,Joyce,David P. Joyce,,OH,14,200,200,
v0.1.0,1.1.0,J000297,115,H,2017-01-03,2018-09-29,Evan,Jenkins,Evan H. Jenkins,,WV,3,200,200,
v0.1.0,1.1.0,J000298,115,H,2017-01-03,2019-01-02,Pramila,Jayapal,Pramila Jayapal,,WA,7,100,100,
v0.1.0,1.1.0,J000299,115,H,2017-01-03,2019-01-02,Mike,Johnson,Mike Johnson,,LA,4,200,200,
v0.1.0,1.1.0,K000009,115,H,2017-01-03,2019-01-02,Marcy,Kaptur,Marcy Kaptur,,OH,9,100,100,
v0.1.0,1.1.0,K000188,115,H,2017-01-03,2019-01-02,Ron,Kind,Ron Kind,,WI,3,100,100,
v0.1.0,1.1.0,K000210,115,H,2017-01-03,2019-01-02,Peter,King,Peter T. King,Pete,NY,2,200,200,
v0.1.0,1.1.0,K000362,115,H,2017-01-03,2019-01-02,Steve,King,Steve King,,IA,4,200,200,
v0.1.0,1.1.0,K000375,115,H,2017-01-03,2019-01-02,William,Keating,William R. Keating,,MA,9,100,100,
v0.1.0,1.1.0,K000376,115,H,2017-01-03,2019-01-02,Mike,Kelly,Mike Kelly,,PA,3,200,200,
v0.1.0,1.1.0,K000378,115,H,2017-01-03,2019-01-02,Adam,Kinzinger,Adam Kinzinger,,IL,16,200,200,
v0.1.0,1.1.0,K000379,115,H,2017-01-03,2019-01-02,Joseph,Kennedy,Joseph P. Kennedy III,,MA,4,100,100,
v0.1.0,1.1.0,K000380,115,H,2017-01-03,2019-01-02,Daniel,Kildee,Daniel T. Kildee,,MI,5,100,100,
v0.1.0,1.1.0,K000381,115,H,2017-01-03,2019-01-02,Derek,Kilmer,Derek Kilmer,,WA,6,100,100,
v0.1.0,1.1.0,K000382,115,H,2017-01-03,2019-01-02,Ann,Kuster,Ann M. Kuster,,NH,2,100,100,
v0.1.0,1.1.0,K000385,115,H,2017-01-03,2019-01-02,Robin,Kelly,Robin L. Kelly,,IL,2,100,100,
v0.1.0,1.1.0,K000386,115,H,2017-01-03,2019-01-02,John,Katko,John Katko,,NY,24,200,200,
v0.1.0,1.1.0,K000387,115,H,2017-01-03,2019-01-02,Steve,Knight,Stephen Knight,,CA,25,200,200,
v0.1.0,1.1.0,K000388,115,H,2017-01-03,2019-01-02,Trent,Kelly,Trent Kelly,,MS,1,200,200,
v0.1.0,1.1.0,K000389,115,H,2017-01-03,2019-01-02,Ro,Khanna,Ro Khanna,,CA,17,100,100,
v0.1.0,1.1.0,K000390,115,H,2017-01-03,2019-01-02,Ruben,Kihuen,Ruben J. Kihuen,,NV,4,100,100,
v0.1.0,1.1.0,K000391,115,H,2017-01-03,2019-01-02,Raja,Krishnamoorthi,Raja Krishnamoorthi,,IL,8,100,100,
v0.1.0,1.1.0,K000392,115,H,2017-01-03,2019-01-02,David,Kustoff,David Kustoff,,TN,8,200,200,
v0.1.0,1.1.0,L000263,115,H,2017-01-03,2019-01-02,Sander,Levin,Sander M. Levin,,MI,9,100,100,
v0.1.0,1.1.0,L000287,115,H,2017-01-03,2019-01-02,John,Lewis,John Lewis,,GA,5,100,100,
v0.1.0,1.1.0,L000397,115,H,2017-01-03,2019-01-02,Zoe,Lofgren,Zoe Lofgren,,CA,19,100,100,
v0.1.0,1.1.0,L000480,115,H,2017-01-03,2019-01-02,Nita,Lowey,Nita M. Lowey,,NY,17,100,100,
v0.1.0,1.1.0,L000491,115,H,2017-01-03,2019-01-02,Frank,Lucas,Frank D. Lucas,,OK,3,200,200,
v0.1.0,1.1.0,L000551,115,H,2017-01-03,2019-01-02,Barbara,Lee,Barbara Lee,,CA,13,100,100,
v0.1.0,1.1.0,L000554,115,H,2017-01-03,2019-01-02,Frank,LoBiondo,Frank A. LoBiondo,,NJ,2,200,200,
v0.1.0,1.1.0,L000557,115,H,2017-01-03,2019-01-02,John,Larson,John B. Larson,,CT,1,100,100,
v0.1.0,1.1.0,L000559,115,H,2017-01-03,2019-01-02,James,Langevin,James R. Langevin,Jim,RI,2,100,100,
v0.1.0,1.1.0,L000560,115,H,2017-01-03,2019-01-02,Rick,Larsen,Rick Larsen,,WA,2,100,100,
v0.1.0,1.1.0,L000562,115,H,2017-01-03,2019-01-02,Stephen,Lynch,Stephen F. Lynch,,MA,8,100,100,
v0.1.0,1.1.0,L000563,115,H,2017-01-03,2019-01-02,Daniel,Lipinski,Daniel Lipinski,,IL,3,100,100,
v0.1.0,1.1.0,L000564,115,H,2017-01-03,2019-01-02,Doug,Lamborn,Doug Lamborn,,CO,5,200,200,
v0.1.0,1.1.0,L000565,115,H,2017-01-03,2019-01-02,David,Loebsack,David Loebsack,,IA,2,100,100,
v0.1.0,1.1.0,L000566,115,H,2017-01-03,2019-01-02,Robert,Latta,Robert E. Latta,,OH,5,200,200,
v0.1.0,1.1.0,L000567,115,H,2017-01-03,2019-01-02,Leonard,Lance,Leonard Lance,,NJ,7,200,200,
v0.1.0,1.1.0,L000569,115,H,2017-01-03,2019-01-02,Blaine,Luetkemeyer,Blaine Luetkemeyer,,MO,3,200,200,
v0.1.0,1.1.0,L000570,115,H,2017-01-03,2019-01-02,Ben,Luján,Ben Ray Luján,,NM,3,100,100,
v0.1.0,1.1.0,L000573,115,H,2017-01-03,2019-01-02,Raúl,Labrador,Raúl R. Labrador,,ID,1,200,200,
v0.1.0,1.1.0,L000576,115,H,2017-01-03,2019-01-02,Billy,Long,Billy Long,,MO,7,200,200,
v0.1.0,1.1.0,L000578,115,H,2017-01-03,2019-01-02,Doug,LaMalfa,Doug LaMalfa,,CA,1,200,200,
v0.1.0,1.1.0,L000579,115,H,2017-01-03,2019-01-02,Alan,Lowenthal,Alan S. Lowenthal,,CA,47,100,100,
v0.1.0,1.1.0,L000580,115,H,2017-01-03,2018-12-30,Michelle,Lujan Grisham,Michelle Lujan Grisham,,NM,1,100,100,
v0.1.0,1.1.0,L000581,115,H,2017-01-03,2019-01-02,Brenda,Lawrence,Brenda L. Lawrence,,MI,14,100,100,
v0.1.0,1.1.0,L000582,115,H,2017-01-03,2019-01-02,Ted,Lieu,Ted Lieu,,CA,33,100,100,
v0.1.0,1.1.0,L000583,115,H,2017-01-03,2019-01-02,Barry,Loudermilk,Barry Loudermilk,,GA,11,200,200,
v0.1.0,1.1.0,L000584,115,H,2017-01-03,2019-01-02,Mia,Love,Mia B. Love,,UT,4,200,200,
v0.1.0,1.1.0,L000585,115,H,2017-01-03,2019-01-02,Darin,LaHood,Darin LaHood,,IL,18,200,200,
v0.1.0,1.1.0,L000586,115,H,2017-01-03,2019-01-02,Al,Lawson,"Al Lawson, Jr.",,FL,5,100,100,
v0.1.0,1.1.0,L000587,115,H,2017-01-03,2019-01-02,Jason,Lewis,Jason Lewis,,MN,2,200,200,
v0.1.0,1.1.0,L000588,115,H,2018-04-12,2019-01-02,Conor,Lamb,Conor Lamb,,PA,18,100,100,
v0.1.0,1.1.0,L000589,115,H,2018-05-07,2019-01-02,Debbie,Lesko,Debbie Lesko,,AZ,8,200,200,
v0.1.0,1.1.0,M000087,115,H,2017-01-03,2019-01-02,Carolyn,Maloney,Carolyn B. Maloney,,NY,12,100,100,
v0.1.0,1.1.0,M000312,115,H,2017-01-03,2019-01-02,James,McGovern,James P. McGovern,Jim,MA,2,100,100,
v0.1.0,1.1.0,M001137,115,H,2017-01-03,2019-01-02,Gregory,Meeks,Gregory W. Meeks,,NY,5,100,100,
v0.1.0,1.1.0,M001143,115,H,2017-01-03,2019-01-02,Betty,McCollum,Betty McCollum,,MN,4,100,100,
v0.1.0,1.1.0,M001151,115,H,2017-01-03,2017-10-20,Tim,Murphy,Tim Murphy,,PA,18,200,200,
v0.1.0,1.1.0,M001156,115,H,2017-01-03,2019-01-02,Patrick,McHenry,Patrick T. McHenry,,NC,10,200,200,
v0.1.0,1.1.0,M001157,115,H,2017-01-03,2019-01-02,Michael,McCaul,Michael T. McCaul,,TX,10,200,200,
v0.1.0,1.1.0,M001158,115,H,2017-01-03,2019-01-02,Kenny,Marchant,Kenny Marchant,,TX,24,200,200,
v0.1.0,1.1.0,M001159,115,H,2017-01-03,2019-01-02,Cathy,McMorris Rodgers,Cathy McMorris Rodgers,,WA,5,200,200,
v0.1.0,1.1.0,M001160,115,H,2017-01-03,2019-01-02,Gwen,Moore,Gwen Moore,,WI,4,100,100,
v0.1.0,1.1.0,M001163,115,H,2017-01-03,2019-01-02,Doris,Matsui,Doris O. Matsui,,CA,6,100,100,
v0.1.0,1.1.0,M001165,115,H,2017-01-03,2019-01-02,Kevin,McCarthy,Kevin McCarthy,,CA,23,200,200,
v0.1.0,1.1.0,M001166,115,H,2017-01-03,2019-01-02,Jerry,McNerney,Jerry McNerney,,CA,9,100,100,
v0.1.0,1.1.0,M001177,115,H,2017-01-03,2019-01-02,Tom,McClintock,Tom McClintock,,CA,4,200,200,
v0.1.0,1.1.0,M001179,115,H,2017-01-03,2019-01-02,Tom,Marino,Tom Marino,,PA,10,200,200,
v0.1.0,1.1.0,M001180,115,H,2017-01-03,2019-01-02,David,McKinley,David B. McKinley,,WV,1,200,200,
v0.1.0,1.1.0,M001181,115,H,2017-01-03,2018-04-26,Patrick,Meehan,Patrick Meehan,,PA,7,200,200,
v0.1.0,1.1.0,M001182,115,H,2017-01-03,2017-02-15,Mick,Mulvaney,Mick Mulvaney,,SC,5,200,200,
v0.1.0,1.1.0,M001184,115,H,2017-01-03,2019-01-02,Thomas,Massie,Thomas Massie,,KY,4,200,200,
v0.1.0,1.1.0,M001185,115,H,2017-01-03,2019-01-02,Sean,Maloney,Sean Patrick Maloney,,NY,18,100,100,
v0.1.0,1.1.0,M001187,115,H,2017-01-03,2019-01-02,Mark,Meadows,Mark Meadows,,NC,11,200,200,
v0.1.0,1.1.0,M001188,115,H,2017-01-03,2019-01-02,Grace,Meng,Grace Meng,,NY,6,100,100,
v0.1.0,1.1.0,M001189,115,H,2017-01-03,2019-01-02,Luke,Messer,Luke Messer,,IN,6,200,200,
v0.1.0,1.1.0,M001190,115,H,2017-01-03,2019-01-02,Markwayne,Mullin,Markwayne Mullin,,OK,2,200,200,
v0.1.0,1.1.0,M001193,115,H,2017-01-03,2019-01-02,Tom,MacArthur,Thomas MacArthur,,NJ,3,200,200,
v0.1.0,1.1.0,M001194,115,H,2017-01-03,2019-01-02,John,Moolenaar,John R. Moolenaar,,MI,4,200,200,
v0.1.0,1.1.0,M001195,115,H,2017-01-03,2019-01-02,Alexander,Mooney,Alexander X. Mooney,,WV,2,200,200,
v0.1.0,1.1.0,M001196,115,H,2017-01-03,2019-01-02,Seth,Moulton,Seth Moulton,,MA,6,100,100,
v0.1.0,1.1.0,M001197,115,H,2017-01-03,2019-01-02,Martha,McSally,Martha McSally,,AZ,2,200,200,
v0.1.0,1.1.0,M001198,115,H,2017-01-03,2019-01-02,Roger,Marshall,Roger Marshall,,KS,1,200,200,
v0.1.0,1.1.0,M001199,115,H,2017-01-03,2019-01-02,Brian,Mast,Brian J. Mast,,FL,18,200,200,
v0.1.0,1.1.0,M001200,115,H,2017-01-03,2019-01-02,A.,McEachin,A. Donald McEachin,,VA,4,100,100,
v0.1.0,1.1.0,M001201,115,H,2017-01-03,2019-01-02,Paul,Mitchell,Paul Mitchell,,MI,10,200,200,
v0.1.0,1.1.0,M001202,115,H,2017-01-03,2019-01-02,Stephanie,Murphy,Stephanie N. Murphy,,FL,7,100,100,
v0.1.0,1.1.0,M001206,115,H,2018-11-13,2019-01-02,Joseph,Morelle,Joseph D. Morelle,,NY,25,100,100,
v0.1.0,1.1.0,N000002,115,H,2017-01-03,2019-01-02,Jerrold,Nadler,Jerrold Nadler,,NY,10,100,100,
v0.1.0,1.1.0,N000015,115,H,2017-01-03,2019-01-02,Richard,Neal,Richard E. Neal,,MA,1,100,100,
v0.1.0,1.1.0,N000127,115,H,2017-01-03,2019-01-02,Richard,Nolan,Richard M. Nolan,,MN,8,100,100,
v0.1.0,1.1.0,N000147,115,H,2017-01-03,2019-01-02,Eleanor,Norton,Eleanor Holmes Norton,,DC,0,100,100,
v0.1.0,1.1.0,N000179,115,H,2017-01-03,2019-01-02,Grace,Napolitano,Grace F. Napolitano,,CA,32,100,100,
v0.1.0,1.1.0,N000181,115,H,2017-01-03,2019-01-02,Devin,Nunes,Devin Nunes,,CA,22,200,200,
v0.1.0,1.1.0,N000184,115,H,2017-01-03,2019-01-02,Kristi,Noem,Kristi L. Noem,,SD,0,200,200,
v0.1.0,1.1.0,N000188,115,H,2017-01-03,2019-01-02,Donald,Norcross,Donald Norcross,,NJ,1,100,100,
v0.1.0,1.1.0,N000189,115,H,2017-01-03,2019-01-02,Dan,Newhouse,Dan Newhouse,,WA,4,200,200,
v0.1.0,1.1.0,N000190,115,H,2017-06-26,2019-01-02,Ralph,Norman,Ralph Norman,,SC,5,200,200,
v0.1.0,1.1.0,O000168,115,H,2017-01-03,2019-01-02,Pete,Olson,Pete Olson,,TX,22,200,200,
v0.1.0,1.1.0,O000170,115,H,2017-01-03,2019-01-02,Beto,O’Rourke,Beto O’Rourke,,TX,16,100,100,
v0.1.0,1.1.0,O000171,115,H,2017-01-03,2019-01-02,Tom,O’Halleran,Tom O’Halleran,,AZ,1,100,100,
v0.1.0,1.1.0,P000034,115,H,2017-01-03,2019-01-02,Frank,Pallone,"Frank Pallone, Jr.",,NJ,6,100,100,
v0.1.0,1.1.0,P000096,115,H,2017-01-03,2019-01-02,Bill,Pascrell,"Bill Pascrell, Jr.",,NJ,9,100,100,
v0.1.0,1.1.0,P000258,115,H,2017-01-03,2019-01-02,Collin,Peterson,Collin C. Peterson,,MN,7,100,100,
v0.1.0,1.1.0,P000523,115,H,2017-01-03,2019-01-02,David,Price,David E. Price,,NC,4,100,100,
v0.1.0,1.1.0,P000588,115,H,2017-01-03,2019-01-02,Stevan,Pearce,Stevan Pearce,Steve,NM,2,200,200,
v0.1.0,1.1.0,P000591,115,H,2017-01-03,2017-02-09,Tom,Price,Tom Price,,GA,6,200,200,
v0.1.0,1.1.0,P000592,115,H,2017-01-03,2019-01-02,Ted,Poe,Ted Poe,,TX,2,200,200,
v0.1.0,1.1.0,P000593,115,H,2017-01-03,2019-01-02,Ed,Perlmutter,Ed Perlmutter,,CO,7,100,100,
v0.1.0,1.1.0,P000594,115,H,2017-01-03,2019-01-02,Erik,Paulsen,Erik Paulsen,,MN,3,200,200,
v0.1.0,1.1.0,P000597,115,H,2017-01-03,2019-01-02,Chellie,Pingree,Chellie Pingree,,ME,1,100,100,
v0.1.0,1.1.0,P000598,115,H,2017-01-03,2019-01-02,Jared,Polis,Jared Polis,,CO,2,100,100,
v0.1.0,1.1.0,P000599,115,H,2017-01-03,2019-01-02,Bill,Posey,Bill Posey,,FL,8,200,200,
v0.1.0,1.1.0,P000601,115,H,2017-01-03,2019-01-02,Steven,Palazzo,Steven M. Palazzo,,MS,4,200,200,
v0.1.0,1.1.0,P000602,115,H,2017-01-03,2017-01-22,Mike,Pompeo,Mike Pompeo,,KS,4,200,200,
v0.1.0,1.1.0,P000604,115,H,2017-01-03,2019-01-02,Donald,Payne,"Donald M. Payne, Jr.",,NJ,10,100,100,
v0.1.0,1.1.0,P000605,115,H,2017-01-03,2019-01-02,Scott,Perry,Scott Perry,,PA,4,200,200,
v0.1.0,1.1.0,P000606,115,H,2017-01-03,2019-01-02,Robert,Pittenger,Robert Pittenger,,NC,9,200,200,
v0.1.0,1.1.0,P000607,115,H,2017-01-03,2019-01-02,Mark,Pocan,Mark Pocan,,WI,2,100,100,
v0.1.0,1.1.0,P000608,115,H,2017-01-03,2019-01-02,Scott,Peters,Scott H. Peters,,CA,52,100,100,
v0.1.0,1.1.0,P000609,115,H,2017-01-03,2019-01-02,Gary,Palmer,Gary J. Palmer,,AL,6,200,200,
v0.1.0,1.1.0,P000610,115,H,2017-01-03,2019-01-02,Stacey,Plaskett,Stacey E. Plaskett,,VI,0,100,100,
v0.1.0,1.1.0,P000611,115,H,2017-01-03,2019-01-02,Bruce,Poliquin,Bruce Poliquin,,ME,2,200,200,
v0.1.0,1.1.0,P000613,115,H,2017-01-03,2019-01-02,Jimmy,Panetta,Jimmy Panetta,,CA,20,100,100,
v0.1.0,1.1.0,Q000023,115,H,2017-01-03,2019-01-02,Mike,Quigley,Mike Quigley,,IL,5,100,100,
v0.1.0,1.1.0,R000395,115,H,2017-01-03,2019-01-02,Harold,Rogers,Harold Rogers,Hal,KY,5,200,200,
v0.1.0,1.1.0,R000409,115,H,2017-01-03,2019-01-02,Dana,Rohrabacher,Dana Rohrabacher,,CA,48,200,200,
v0.1.0,1.1.0,R000435,115,H,2017-01-03,2019-01-02,Ileana,Ros-Lehtinen,Ileana Ros-Lehtinen,,FL,27,200,200,
v0.1.0,1.1.0,R000486,115,H,2017-01-03,2019-01-02,Lucille,Roybal-Allard,Lucille Roybal-Allard,,CA,40,100,100,
v0.1.0,1.1.0,R000487,115,H,2017-01-03,2019-01-02,Edward,Royce,Edward R. Royce,Ed,CA,39,200,200,
v0.1.0,1.1.0,R000515,115,H,2017-01-03,2019-01-02,Bobby,Rush,Bobby L. Rush,,IL,1,100,100,
v0.1.0,1.1.0,R000570,115,H,2017-01-03,2019-01-02,Paul,Ryan,Paul D. Ryan,,WI,1,200,200,
v0.1.0,1.1.0,R000575,115,H,2017-01-03,2019-01-02,Mike,Rogers,Mike Rogers,,AL,3,200,200,
v0.1.0,1.1.0,R000576,115,H,2017-01-03,2019-01-02,C.,Ruppersberger,C. A. Dutch Ruppersberger,,MD,2,100,100,
v0.1.0,1.1.0,R000577,115,H,2017-01-03,2019-01-02,Tim,Ryan,Tim Ryan,,OH,13,100,100,
v0.1.0,1.1.0,R000578,115,H,2017-01-03,2019-01-02,David,Reichert,David G. Reichert,,WA,8,200,200,
v0.1.0,1.1.0,R000580,115,H,2017-01-03,2019-01-02,Peter,Roskam,Peter J. Roskam,,IL,6,200,200,
v0.1.0,1.1.0,R000582,115,H,2017-01-03,2019-01-02,David,Roe,David P. Roe,Phil,TN,1,200,200,
v0.1.0,1.1.0,R000583,115,H,2017-01-03,2019-01-02,Thomas,Rooney,Thomas J. Rooney,,FL,17,200,200,
v0.1.0,1.1.0,R000585,115,H,2017-01-03,2019-01-02,Tom,Reed,Tom Reed,,NY,23,200,200,
v0.1.0,1.1.0,R000586,115,H,2017-01-03,2019-01-02,James,Renacci,James B. Renacci,,OH,16,200,200,
v0.1.0,1.1.0,R000588,115,H,2017-01-03,2019-01-02,Cedric,Richmond,Cedric L. Richmond,,LA,2,100,100,
v0.1.0,1.1.0,R000591,115,H,2017-01-03,2019-01-02,Martha,Roby,Martha Roby,,AL,2,200,200,
v0.1.0,1.1.0,R000592,115,H,2017-01-03,2019-01-02,Todd,Rokita,Todd Rokita,,IN,4,200,200,
v0.1.0,1.1.0,R000593,115,H,2017-01-03,2019-01-02,Dennis,Ross,Dennis A. Ross,,FL,15,200,200,
v0.1.0,1.1.0,R000597,115,H,2017-01-03,2019-01-02,Tom,Rice,Tom Rice,,SC,7,200,200,
v0.1.0,1.1.0,R000598,115,H,2017-01-03,2019-01-02,Keith,Rothfus,Keith J. Rothfus,,PA,12,200,200,
v0.1.0,1.1.0,R000599,115,H,2017-01-03,2019-01-02,Raul,Ruiz,Raul Ruiz,,CA,36,100,100,
v0.1.0,1.1.0,R000600,115,H,2017-01-03,2019-01-02,Aumua Amata,Radewagen,Aumua Amata Coleman Radewagen,,AS,0,200,200,
v0.1.0,1.1.0,R000601,115,H,2017-01-03,2019-01-02,John,Ratcliffe,John Ratcliffe,,TX,4,200,200,
v0.1.0,1.1.0,R000602,115,H,2017-01-03,2019-01-02,Kathleen,Rice,Kathleen M. Rice,,NY,4,100,100,
v0.1.0,1.1.0,R000603,115,H,2017-01-03,2019-01-02,David,Rouzer,David Rouzer,,NC,7,200,200,
v0.1.0,1.1.0,R000604,115,H,2017-01-03,2019-01-02,Steve,Russell,Steve Russell,,OK,5,200,200,
v0.1.0,1.1.0,R000606,115,H,2017-01-03,2019-01-02,Jamie,Raskin,Jamie Raskin,,MD,8,100,100,
v0.1.0,1.1.0,R000607,115,H,2017-01-03,2019-01-02,Francis,Rooney,Francis Rooney,,FL,19,200,200,
v0.1.0,1.1.0,R000608,115,H,2017-01-03,2019-01-02,Jacky,Rosen,Jacky Rosen,,NV,3,100,100,
v0.1.0,1.1.0,R000609,115,H,2017-01-03,2019-01-02,John,Rutherford,John H. Rutherford,,FL,4,200,200,
v0.1.0,1.1.0,S000051,115,H,2017-01-03,2019-01-02,Marshall,Sanford,Mark Sanford,Mark,SC,1,200,200,
v0.1.0,1.1.0,S000185,115,H,2017-01-03,2019-01-02,Robert,Scott,"Robert C. ""Bobby"" Scott",Bobby,VA,3,100,100,
v0.1.0,1.1.0,S000244,115,H,2017-01-03,2019-01-02,F.,Sensenbrenner,"F. James Sensenbrenner, Jr.",,WI,5,200,200,
v0.1.0,1.1.0,S000248,115,H,2017-01-03,2019-01-02,José,Serrano,José E. Serrano,,NY,15,100,100,
v0.1.0,1.1.0,S000250,115,H,2017-01-03,2019-01-02,Pete,Sessions,Pete Sessions,,TX,32,200,200,
v0.1.0,1.1.0,S000344,115,H,2017-01-03,2019-01-02,Brad,Sherman,Brad Sherman,,CA,30,100,100,
v0.1.0,1.1.0,S000364,115,H,2017-01-03,2019-01-02,John,Shimkus,John Shimkus,,IL,15,200,200,
v0.1.0,1.1.0,S000480,115,H,2017-01-03,2018-03-15,Louise,Slaughter,Louise McIntosh Slaughter,,NY,25,100,100,
v0.1.0,1.1.0,S000510,115,H,2017-01-03,2019-01-02,Adam,Smith,Adam Smith,,WA,9,100,100,
v0.1.0,1.1.0,S000522,115,H,2017-01-03,2019-01-02,Christopher,Smith,Christopher H. Smith,Chris,NJ,4,200,200,
v0.1.0,1.1.0,S000583,115,H,2017-01-03,2019-01-02,Lamar,Smith,Lamar Smith,,TX,21,200,200,
v0.1.0,1.1.0,S001145,115,H,2017-01-03,2019-01-02,Janice,Schakowsky,Janice D. Schakowsky,Jan,IL,9,100,100,
v0.1.0,1.1.0,S001148,115,H,2017-01-03,2019-01-02,Michael,Simpson,Michael K. Simpson,Mike,ID,2,200,200,
v0.1.0,1.1.0,S001150,115,H,2017-01-03,2019-01-02,Adam,Schiff,Adam B. Schiff,,CA,28,100,100,
v0.1.0,1.1.0,S001154,115,H,2017-01-03,2019-01-02,Bill,Shuster,Bill Shuster,,PA,9,200,200,
v0.1.0,1.1.0,S001156,115,H,2017-01-03,2019-01-02,Linda,Sánchez,Linda T. Sánchez,,CA,38,100,100,
v0.1.0,1.1.0,S001157,115,H,2017-01-03,2019-01-02,David,Scott,David Scott,,GA,13,100,100,
v0.1.0,1.1.0,S001165,115,H,2017-01-03,2019-01-02,Albio,Sires,Albio Sires,,NJ,8,100,100,
v0.1.0,1.1.0,S001168,115,H,2017-01-03,2019-01-02,John,Sarbanes,John P. Sarbanes,,MD,3,100,100,
v0.1.0,1.1.0,S001170,115,H,2017-01-03,2019-01-02,Carol,Shea-Porter,Carol Shea-Porter,,NH,1,100,100,
v0.1.0,1.1.0,S001172,115,H,2017-01-03,2019-01-02,Adrian,Smith,Adrian Smith,,NE,3,200,200,
v0.1.0,1.1.0,S001175,115,H,2017-01-03,2019-01-02,Jackie,Speier,Jackie Speier,,CA,14,100,100,
v0.1.0,1.1.0,S001176,115,H,2017-01-03,2019-01-02,Steve,Scalise,Steve Scalise,,LA,1,200,200,
v0.1.0,1.1.0,S001177,115,H,2017-01-03,2019-01-02,Gregorio,Sablan,Gregorio Kilili Camacho Sablan,,MP,0,100,100,
v0.1.0,1.1.0,S001180,115,H,2017-01-10,2019-01-02,Kurt,Schrader,Kurt Schrader,,OR,5,100,100,
v0.1.0,1.1.0,S001183,115,H,2017-01-03,2019-01-02,David,Schweikert,David Schweikert,,AZ,6,200,200,
v0.1.0,1.1.0,S001185,115,H,2017-01-03,2019-01-02,Terri,Sewell,Terri A. Sewell,,AL,7,100,100,
v0.1.0,1.1.0,S001187,115,H,2017-01-03,2019-01-02,Steve,Stivers,Steve Stivers,,OH,15,200,200,
v0.1.0,1.1.0,S001189,115,H,2017-01-03,2019-01-02,Austin,Scott,Austin Scott,,GA,8,200,200,
v0.1.0,1.1.0,S001190,115,H,2017-01-03,2019-01-02,Bradley,Schneider,Bradley Scott Schneider,Brad,IL,10,100,100,
v0.1.0,1.1.0,S001191,115,H,2017-01-03,2019-01-02,Kyrsten,Sinema,Kyrsten Sinema,,AZ,9,100,100,
v0.1.0,1.1.0,S001192,115,H,2017-01-03,2019-01-02,Chris,Stewart,Chris Stewart,,UT,2,200,200,
v0.1.0,1.1.0,S001193,115,H,2017-01-03,2019-01-02,Eric,Swalwell,Eric Swalwell,,CA,15,100,100,
v0.1.0,1.1.0,S001195,115,H,2017-01-03,2019-01-02,Jason,Smith,Jason Smith,,MO,8,200,200,
v0.1.0,1.1.0,S001196,115,H,2017-01-03,2019-01-02,Elise,Stefanik,Elise M. Stefanik,,NY,21,200,200,
v0.1.0,1.1.0,S001199,115,H,2017-01-03,2019-01-02,Lloyd,Smucker,Lloyd Smucker,,PA,16,200,200,
v0.1.0,1.1.0,S001200,115,H,2017-01-03,2019-01-02,Darren,Soto,Darren Soto,,FL,9,100,100,
v0.1.0,1.1.0,S001201,115,H,2017-01-03,2019-01-02,Thomas,Suozzi,Thomas R. Suozzi,,NY,3,100,100,
v0.1.0,1.1.0,S001205,115,H,2018-11-13,2019-01-02,Mary,Scanlon,Mary Gay Scanlon,,PA,7,100,100,
v0.1.0,1.1.0,T000193,115,H,2017-01-03,2019-01-02,Bennie,Thompson,Bennie G. Thompson,,MS,2,100,100,
v0.1.0,1.1.0,T000238,115,H,2017-01-03,2019-01-02,Mac,Thornberry,Mac Thornberry,,TX,13,200,200,
v0.1.0,1.1.0,T000460,115,H,2017-01-03,2019-01-02,Mike,Thompson,Mike Thompson,,CA,5,100,100,
v0.1.0,1.1.0,T000462,115,H,2017-01-03,2018-01-14,Patrick,Tiberi,Patrick J. Tiberi,Pat,OH,12,200,200,
v0.1.0,1.1.0,T000463,115,H,2017-01-03,2019-01-02,Michael,Turner,Michael R. Turner,,OH,10,200,200,
v0.1.0,1.1.0,T000465,115,H,2017-01-03,2019-01-02,Niki,Tsongas,Niki Tsongas,,MA,3,100,100,
v0.1.0,1.1.0,T000467,115,H,2017-01-03,2019-01-02,Glenn,Thompson,Glenn Thompson,,PA,5,200,200,
v0.1.0,1.1.0,T000468,115,H,2017-01-03,2019-01-02,Dina,Titus,Dina Titus,,NV,1,100,100,
v0.1.0,1.1.0,T000469,115,H,2017-01-03,2019-01-02,Paul,Tonko,Paul Tonko,,NY,20,100,100,
v0.1.0,1.1.0,T000470,115,H,2017-01-03,2019-01-02,Scott,Tipton,Scott R. Tipton,,CO,3,200,200,
v0.1.0,1.1.0,T000472,115,H,2017-01-03,2019-01-02,Mark,Takano,Mark Takano,,CA,41,100,100,
v0.1.0,1.1.0,T000474,115,H,2017-01-03,2019-01-02,Norma,Torres,Norma J. Torres,,CA,35,100,100,
v0.1.0,1.1.0,T000475,115,H,2017-01-03,2019-01-02,Dave,Trott,David A. Trott,,MI,11,200,200,
v0.1.0,1.1.0,T000477,115,H,2017-01-03,2019-01-02,Scott,Taylor,Scott Taylor,,VA,2,200,200,
v0.1.0,1.1.0,T000478,115,H,2017-01-03,2019-01-02,Claudia,Tenney,Claudia Tenney,,NY,22,200,200,
v0.1.0,1.1.0,U000031,115,H,2017-01-03,2019-01-02,Fred,Upton,Fred Upton,,MI,6,200,200,
v0.1.0,1.1.0,V000081,115,H,2017-01-03,2019-01-02,Nydia,Velázquez,Nydia M. Velázquez,,NY,7,100,100,
v0.1.0,1.1.0,V000108,115,H,2017-01-03,2019-01-02,Peter,Visclosky,Peter J. Visclosky,,IN,1,100,100,
v0.1.0,1.1.0,V000129,115,H,2017-01-03,2019-01-02,David,Valadao,David G. Valadao,,CA,21,200,200,
v0.1.0,1.1.0,V000130,115,H,2017-01-03,2019-01-02,Juan,Vargas,Juan Vargas,,CA,51,100,100,
v0.1.0,1.1.0,V000131,115,H,2017-01-03,2019-01-02,Marc,Veasey,Marc A. Veasey,,TX,33,100,100,
v0.1.0,1.1.0,V000132,115,H,2017-01-03,2019-01-02,Filemon,Vela,Filemon Vela,,TX,34,100,100,
v0.1.0,1.1.0,W000187,115,H,2017-01-03,2019-01-02,Maxine,Waters,Maxine Waters,,CA,43,100,100,
v0.1.0,1.1.0,W000791,115,H,2017-01-03,2019-01-02,Greg,Walden,Greg Walden,,OR,2,200,200,
v0.1.0,1.1.0,W000795,115,H,2017-01-03,2019-01-02,Joe,Wilson,Joe Wilson,,SC,2,200,200,
v0.1.0,1.1.0,W000797,115,H,2017-01-03,2019-01-02,Debbie,Wasserman Schultz,Debbie Wasserman Schultz,,FL,23,100,100,
v0.1.0,1.1.0,W000798,115,H,2017-01-03,2019-01-02,Tim,Walberg,Tim Walberg,,MI,7,200,200,
v0.1.0,1.1.0,W000799,115,H,2017-01-03,2019-01-02,Timothy,Walz,Timothy J. Walz,,MN,1,100,100,
v0.1.0,1.1.0,W000800,115,H,2017-01-03,2019-01-02,Peter,Welch,Peter Welch,,VT,0,100,100,
v0.1.0,1.1.0,W000804,115,H,2017-01-03,2019-01-02,Robert,Wittman,Robert J. Wittman,,VA,1,200,200,
v0.1.0,1.1.0,W000806,115,H,2017-01-03,2019-01-02,Daniel,Webster,Daniel Webster,,FL,11,200,200,
v0.1.0,1.1.0,W000808,115,H,2017-01-03,2019-01-02,Frederica,Wilson,Frederica S. Wilson,,FL,24,100,100,
v0.1.0,1.1.0,W000809,115,H,2017-01-03,2019-01-02,Steve,Womack,Steve Womack,,AR,3,200,200,
v0.1.0,1.1.0,W000810,115,H,2017-01-03,2019-01-02,Rob,Woodall,Rob Woodall,,GA,7,200,200,
v0.1.0,1.1.0,W000812,115,H,2017-01-03,2019-01-02,Ann,Wagner,Ann Wagner,,MO,2,200,200,
v0.1.0,1.1.0,W000813,115,H,2017-01-03,2019-01-02,Jackie,Walorski,Jackie Walorski,,IN,2,200,200,
v0.1.0,1.1.0,W000814,115,H,2017-01-03,2019-01-02,Randy,Weber,"Randy K. Weber, Sr.",,TX,14,200,200,
v0.1.0,1.1.0,W000815,115,H,2017-01-03,2019-01-02,Brad,Wenstrup,Brad R. Wenstrup,,OH,2,200,200,
v0.1.0,1.1.0,W000816,115,H,2017-01-03,2019-01-02,Roger,Williams,Roger Williams,,TX,25,200,200,
v0.1.0,1.1.0,W000819,115,H,2017-01-03,2019-01-02,Mark,Walker,Mark Walker,,NC,6,200,200,
v0.1.0,1.1.0,W000820,115,H,2017-01-03,2019-01-02,Mimi,Walters,Mimi Walters,,CA,45,200,200,
v0.1.0,1.1.0,W000821,115,H,2017-01-03,2019-01-02,Bruce,Westerman,Bruce Westerman,,AR,4,200,200,
v0.1.0,1.1.0,W000822,115,H,2017-01-03,2019-01-02,Bonnie,Watson Coleman,Bonnie Watson Coleman,,NJ,12,100,100,
v0.1.0,1.1.0,W000826,115,H,2018-11-27,2019-01-02,Susan,Wild,Susan Wild,,PA,15,100,100,
v0.1.0,1.1.0,Y000033,115,H,2017-01-03,2019-01-02,Don,Young,Don Young,,AK,0,200,200,
v0.1.0,1.1.0,Y000062,115,H,2017-01-03,2019-01-02,John,Yarmuth,John A. Yarmuth,,KY,3,100,100,
v0.1.0,1.1.0,Y000063,115,H,2017-01-03,2019-01-02,Kevin,Yoder,Kevin Yoder,,KS,3,200,200,
v0.1.0,1.1.0,Y000065,115,H,2017-01-03,2019-01-02,Ted,Yoho,Ted S. Yoho,,FL,3,200,200,
v0.1.0,1.1.0,Y000066,115,H,2017-01-03,2019-01-02,David,Young,David Young,,IA,3,200,200,
v0.1.0,1.1.0,Z000017,115,H,2017-01-03,2019-01-02,Lee,Zeldin,Lee M. Zeldin,,NY,1,200,200,
v0.1.0,1.1.0,Z000018,115,H,2017-01-03,2017-02-28,Ryan,Zinke,Ryan K. Zinke,,MT,0,200,200,
v0.1.0,1.1.0,A000360,115,S,2017-01-03,2019-01-02,Lamar,Alexander,Lamar Alexander,,TN,,200,200,
v0.1.0,1.1.0,B000575,115,S,2017-01-03,2019-01-02,Roy,Blunt,Roy Blunt,,MO,,200,200,
v0.1.0,1.1.0,B000944,115,S,2017-01-03,2019-01-02,Sherrod,Brown,Sherrod Brown,,OH,,100,100,
v0.1.0,1.1.0,B001135,115,S,2017-01-03,2019-01-02,Richard,Burr,Richard Burr,,NC,,200,200,
v0.1.0,1.1.0,B001230,115,S,2017-01-03,2019-01-02,Tammy,Baldwin,Tammy Baldwin,,WI,,100,100,
v0.1.0,1.1.0,B001236,115,S,2017-01-03,2019-01-02,John,Boozman,John Boozman,,AR,,200,200,
v0.1.0,1.1.0,B001261,115,S,2017-01-03,2019-01-02,John,Barrasso,John Barrasso,,WY,,200,200,
v0.1.0,1.1.0,B001267,115,S,2017-01-03,2019-01-02,Michael,Bennet,Michael F. Bennet,,CO,,100,100,
v0.1.0,1.1.0,B001277,115,S,2017-01-03,2019-01-02,Richard,Blumenthal,Richard Blumenthal,,CT,,100,100,
v0.1.0,1.1.0,B001288,115,S,2017-01-03,2019-01-02,Cory,Booker,Cory A. Booker,,NJ,,100,100,
v0.1.0,1.1.0,C000127,115,S,2017-01-03,2019-01-02,Maria,Cantwell,Maria Cantwell,,WA,,100,100,
v0.1.0,1.1.0,C000141,115,S,2017-01-03,2019-01-02,Benjamin,Cardin,Benjamin L. Cardin,,MD,,100,100,
v0.1.0,1.1.0,C000174,115,S,2017-01-03,2019-01-02,Thomas,Carper,Thomas R. Carper,,DE,,100,100,
v0.1.0,1.1.0,C000567,115,S,2017-01-03,2018-03-31,Thad,Cochran,Thad Cochran,,MS,,200,200,
v0.1.0,1.1.0,C000880,115,S,2017-01-03,2019-01-02,Michael,Crapo,Mike Crapo,Mike,ID,,200,200,
v0.1.0,1.1.0,C001035,115,S,2017-01-03,2019-01-02,Susan,Collins,Susan M. Collins,,ME,,200,200,
v0.1.0,1.1.0,C001047,115,S,2017-01-03,2019-01-02,Shelley,Capito,Shelley Moore Capito,,WV,,200,200,
v0.1.0,1.1.0,C001056,115,S,2017-01-03,2019-01-02,John,Cornyn,John Cornyn,,TX,,200,200,
v0.1.0,1.1.0,C001070,115,S,2017-01-03,2019-01-02,Robert,Casey,"Robert P. Casey, Jr.",Bob,PA,,100,100,
v0.1.0,1.1.0,C001071,115,S,2017-01-03,2019-01-02,Bob,Corker,Bob Corker,,TN,,200,200,
v0.1.0,1.1.0,C001075,115,S,2017-01-03,2019-01-02,Bill,Cassidy,Bill Cassidy,,LA,,200,200,
v0.1.0,1.1.0,C001088,115,S,2017-01-03,2019-01-02,Christopher,Coons,Christopher A. Coons,,DE,,100,100,
v0.1.0,1.1.0,C001095,115,S,2017-01-03,2019-01-02,Tom,Cotton,Tom Cotton,,AR,,200,200,
v0.1.0,1.1.0,C001098,115,S,2017-01-03,2019-01-02,Ted,Cruz,Ted Cruz,,TX,,200,200,
v0.1.0,1.1.0,C001113,115,S,2017-01-03,2019-01-02,Catherine,Cortez Masto,Catherine Cortez Masto,,NV,,100,100,
v0.1.0,1.1.0,D000563,115,S,2017-01-03,2019-01-02,Richard,Durbin,Richard J. Durbin,,IL,,100,100,
v0.1.0,1.1.0,D000607,115,S,2017-01-03,2019-01-02,Joe,Donnelly,Joe Donnelly,,IN,,100,100,
v0.1.0,1.1.0,D000618,115,S,2017-01-03,2019-01-02,Steve,Daines,Steve Daines,,MT,,200,200,
v0.1.0,1.1.0,D000622,115,S,2017-01-03,2019-01-02,Tammy,Duckworth,Tammy Duckworth,,IL,,100,100,
v0.1.0,1.1.0,E000285,115,S,2017-01-03,2019-01-02,Michael,Enzi,Michael B. Enzi,,WY,,200,200,
v0.1.0,1.1.0,E000295,115,S,2017-01-03,2019-01-02,Joni,Ernst,Joni Ernst,,IA,,200,200,
v0.1.0,1.1.0,F000062,115,S,2017-01-03,2019-01-02,Dianne,Feinstein,Dianne Feinstein,,CA,,100,100,
v0.1.0,1.1.0,F000444,115,S,2017-01-03,2019-01-02,Jeff,Flake,Jeff Flake,,AZ,,200,200,
v0.1.0,1.1.0,F000457,115,S,2017-01-03,2018-01-01,Alan,Franken,Al Franken,Al,MN,,100,100,
v0.1.0,1.1.0,F000463,115,S,2017-01-03,2019-01-02,Deb,Fischer,Deb Fischer,,NE,,200,200,
v0.1.0,1.1.0,G000359,115,S,2017-01-03,2019-01-02,Lindsey,Graham,Lindsey Graham,,SC,,200,200,
v0.1.0,1.1.0,G000386,115,S,2017-01-03,2019-01-02,Charles,Grassley,Chuck Grassley,Chuck,IA,,200,200,
v0.1.0,1.1.0,G000555,115,S,2017-01-03,2019-01-02,Kirsten,Gillibrand,Kirsten E. Gillibrand,,NY,,100,100,
v0.1.0,1.1.0,G000562,115,S,2017-01-03,2019-01-02,Cory,Gardner,Cory Gardner,,CO,,200,200,
v0.1.0,1.1.0,H000338,115,S,2017-01-03,2019-01-02,Orrin,Hatch,Orrin G. Hatch,,UT,,200,200,
v0.1.0,1.1.0,H001041,115,S,2017-01-03,2019-01-02,Dean,Heller,Dean Heller,,NV,,200,200,
v0.1.0,1.1.0,H001042,115,S,2017-01-03,2019-01-02,Mazie,Hirono,Mazie K. Hirono,,HI,,100,100,
v0.1.0,1.1.0,H001046,115,S,2017-01-03,2019-01-02,Martin,Heinrich,Martin Heinrich,,NM,,100,100,
v0.1.0,1.1.0,H001061,115,S,2017-01-03,2019-01-02,John,Hoeven,John Hoeven,,ND,,200,200,
v0.1.0,1.1.0,H001069,115,S,2017-01-03,2019-01-02,Heidi,Heitkamp,Heidi Heitkamp,,ND,,100,100,
v0.1.0,1.1.0,H001075,115,S,2017-01-03,2019-01-02,Kamala,Harris,Kamala D. Harris,,CA,,100,100,
v0.1.0,1.1.0,H001076,115,S,2017-01-03,2019-01-02,Margaret,Hassan,Margaret Wood Hassan,Maggie,NH,,100,100,
v0.1.0,1.1.0,H001079,115,S,2018-04-09,2018-11-26,Cindy,Hyde-Smith,Cindy Hyde-Smith,,MS,,200,200,
v0.1.0,1.1.0,H001079,115,S,2018-11-28,2019-01-02,Cindy,Hyde-Smith,Cindy Hyde-Smith,,MS,,200,200,
v0.1.0,1.1.0,I000024,115,S,2017-01-03,2019-01-02,James,Inhofe,James M. Inhofe,Jim,OK,,200,200,
v0.1.0,1.1.0,I000055,115,S,2017-01-03,2019-01-02,John,Isakson,Johnny Isakson,Johnny,GA,,200,200,
v0.1.0,1.1.0,J000293,115,S,2017-01-03,2019-01-02,Ron,Johnson,Ron Johnson,,WI,,200,200,
v0.1.0,1.1.0,J000300,115,S,2018-01-03,2019-01-02,Doug,Jones,Doug Jones,,AL,,100,100,
v0.1.0,1.1.0,K000352,115,S,2018-09-05,2018-12-30,Jon,Kyl,Jon Kyl,,AZ,,200,200,
v0.1.0,1.1.0,K000367,115,S,2017-01-03,2019-01-02,Amy,Klobuchar,Amy Klobuchar,,MN,,100,100,
v0.1.0,1.1.0,K000383,115,S,2017-01-03,2019-01-02,Angus,King,"Angus S. King, Jr.",,ME,,328,328,
v0.1.0,1.1.0,K000384,115,S,2017-01-03,2019-01-02,Timothy,Kaine,Tim Kaine,Tim,VA,,100,100,
v0.1.0,1.1.0,K000393,115,S,2017-01-03,2019-01-02,John,Kennedy,John Kennedy,,LA,,200,200,
v0.1.0,1.1.0,L000174,115,S,2017-01-03,2019-01-02,Patrick,Leahy,Patrick J. Leahy,,VT,,100,100,
v0.1.0,1.1.0,L000575,115,S,2017-01-03,2019-01-02,James,Lankford,James Lankford,,OK,,200,200,
v0.1.0,1.1.0,L000577,115,S,2017-01-03,2019-01-02,Mike,Lee,Mike Lee,,UT,,200,200,
v0.1.0,1.1.0,M000133,115,S,2017-01-03,2019-01-02,Edward,Markey,Edward J. Markey,Ed,MA,,100,100,
v0.1.0,1.1.0,M000303,115,S,2017-01-03,2018-08-24,John,McCain,John McCain,,AZ,,200,200,
v0.1.0,1.1.0,M000355,115,S,2017-01-03,2019-01-02,Mitch,McConnell,Mitch McConnell,,KY,,200,200,
v0.1.0,1.1.0,M000639,115,S,2017-01-03,2019-01-02,Robert,Menendez,Robert Menendez,Bob,NJ,,100,100,
v0.1.0,1.1.0,M000934,115,S,2017-01-03,2019-01-02,Jerry,Moran,Jerry Moran,,KS,,200,200,
v0.1.0,1.1.0,M001111,115,S,2017-01-03,2019-01-02,Patty,Murray,Patty Murray,,WA,,100,100,
v0.1.0,1.1.0,M001153,115,S,2017-01-03,2019-01-02,Lisa,Murkowski,Lisa Murkowski,,AK,,200,200,
v0.1.0,1.1.0,M001169,115,S,2017-01-03,2019-01-02,Christopher,Murphy,Christopher Murphy,,CT,,100,100,
v0.1.0,1.1.0,M001170,115,S,2017-01-03,2019-01-02,Claire,McCaskill,Claire McCaskill,,MO,,100,100,
v0.1.0,1.1.0,M001176,115,S,2017-01-03,2019-01-02,Jeff,Merkley,Jeff Merkley,,OR,,100,100,
v0.1.0,1.1.0,M001183,115,S,2017-01-03,2019-01-02,Joe,Manchin,"Joe Manchin, III",,WV,,100,100,
v0.1.0,1.1.0,N000032,115,S,2017-01-03,2019-01-02,Bill,Nelson,Bill Nelson,,FL,,100,100,
v0.1.0,1.1.0,P000449,115,S,2017-01-03,2019-01-02,Robert,Portman,Rob Portman,Rob,OH,,200,200,
v0.1.0,1.1.0,P000595,115,S,2017-01-03,2019-01-02,Gary,Peters,Gary C. Peters,,MI,,100,100,
v0.1.0,1.1.0,P000603,115,S,2017-01-03,2019-01-02,Rand,Paul,Rand Paul,,KY,,200,200,
v0.1.0,1.1.0,P000612,115,S,2017-01-03,2019-01-02,David,Perdue,David Perdue,,GA,,200,200,
v0.1.0,1.1.0,R000122,115,S,2017-01-03,2019-01-02,John,Reed,Jack Reed,Jack,RI,,100,100,
v0.1.0,1.1.0,R000307,115,S,2017-01-03,2019-01-02,Pat,Roberts,Pat Roberts,,KS,,200,200,
v0.1.0,1.1.0,R000584,115,S,2017-01-03,2019-01-02,James,Risch,James E. Risch,,ID,,200,200,
v0.1.0,1.1.0,R000595,115,S,2017-01-03,2019-01-02,Marco,Rubio,Marco Rubio,,FL,,200,200,
v0.1.0,1.1.0,R000605,115,S,2017-01-03,2019-01-02,Mike,Rounds,Mike Rounds,,SD,,200,200,
v0.1.0,1.1.0,S000033,115,S,2017-01-03,2019-01-02,Bernard,Sanders,Bernard Sanders,Bernie,VT,,328,328,
v0.1.0,1.1.0,S000148,115,S,2017-01-03,2019-01-02,Charles,Schumer,Charles E. Schumer,Chuck,NY,,100,100,
v0.1.0,1.1.0,S000320,115,S,2017-01-03,2019-01-02,Richard,Shelby,Richard C. Shelby,,AL,,200,200,
v0.1.0,1.1.0,S000770,115,S,2017-01-03,2019-01-02,Debbie,Stabenow,Debbie Stabenow,,MI,,100,100,
v0.1.0,1.1.0,S001141,115,S,2017-01-03,2017-02-07,Jefferson,Sessions,Jeff Sessions,Jeff,AL,,200,200,
v0.1.0,1.1.0,S001181,115,S,2017-01-03,2019-01-02,Jeanne,Shaheen,Jeanne Shaheen,,NH,,100,100,
v0.1.0,1.1.0,S001184,115,S,2017-01-03,2019-01-02,Tim,Scott,Tim Scott,,SC,,200,200,
v0.1.0,1.1.0,S001194,115,S,2017-01-03,2019-01-02,Brian,Schatz,Brian Schatz,,HI,,100,100,
v0.1.0,1.1.0,S001197,115,S,2017-01-03,2019-01-02,Benjamin,Sasse,Ben Sasse,Ben,NE,,200,200,
v0.1.0,1.1.0,S001198,115,S,2017-01-03,2019-01-02,Dan,Sullivan,Dan Sullivan,,AK,,200,200,
v0.1.0,1.1.0,S001202,115,S,2017-02-09,2018-01-02,Luther,Strange,Luther Strange,,AL,,200,200,
v0.1.0,1.1.0,S001203,115,S,2018-01-03,2018-11-05,Tina,Smith,Tina Smith,,MN,,100,100,
v0.1.0,1.1.0,S001203,115,S,2018-11-07,2019-01-02,Tina,Smith,Tina Smith,,MN,,100,100,
v0.1.0,1.1.0,T000250,115,S,2017-01-03,2019-01-02,John,Thune,John Thune,,SD,,200,200,
v0.1.0,1.1.0,T000461,115,S,2017-01-03,2019-01-02,Patrick,Toomey,Patrick J. Toomey,Pat,PA,,200,200,
v0.1.0,1.1.0,T000464,115,S,2017-01-03,2019-01-02,Jon,Tester,Jon Tester,,MT,,100,100,
v0.1.0,1.1.0,T000476,115,S,2017-01-03,2019-01-02,Thom,Tillis,Thom Tillis,,NC,,200,200,
v0.1.0,1.1.0,U000039,115,S,2017-01-03,2019-01-02,Tom,Udall,Tom Udall,,NM,,100,100,
v0.1.0,1.1.0,V000128,115,S,2017-01-03,2019-01-02,Chris,Van Hollen,Chris Van Hollen,,MD,,100,100,
v0.1.0,1.1.0,W000437,115,S,2017-01-03,2019-01-02,Roger,Wicker,Roger F. Wicker,,MS,,200,200,
v0.1.0,1.1.0,W000779,115,S,2017-01-03,2019-01-02,Ron,Wyden,Ron Wyden,,OR,,100,100,
v0.1.0,1.1.0,W000802,115,S,2017-01-03,2019-01-02,Sheldon,Whitehouse,Sheldon Whitehouse,,RI,,100,100,
v0.1.0,1.1.0,W000805,115,S,2017-01-03,2019-01-02,Mark,Warner,Mark R. Warner,,VA,,100,100,
v0.1.0,1.1.0,W000817,115,S,2017-01-03,2019-01-02,Elizabeth,Warren,Elizabeth Warren,,MA,,100,100,
v0.1.0,1.1.0,Y000064,115,S,2017-01-03,2019-01-02,Todd,Young,Todd Young,,IN,,200,200,
v0.1.0,1.1.0,A000055,116,H,2019-01-03,2021-01-02,Robert,Aderholt,Robert B. Aderholt,,AL,4,200,200,
v0.1.0,1.1.0,A000367,116,H,2019-01-03,2021-01-02,Justin,Amash,Justin Amash,,MI,3,326,326,
v0.1.0,1.1.0,A000369,116,H,2019-01-03,2021-01-02,Mark,Amodei,Mark E. Amodei,,NV,2,200,200,
v0.1.0,1.1.0,A000370,116,H,2019-01-03,2021-01-02,Alma,Adams,Alma S. Adams,,NC,12,100,100,
v0.1.0,1.1.0,A000371,116,H,2019-01-03,2021-01-02,Pete,Aguilar,Pete Aguilar,,CA,31,100,100,
v0.1.0,1.1.0,A000372,116,H,2019-01-03,2021-01-02,Rick,Allen,Rick W. Allen,,GA,12,200,200,
v0.1.0,1.1.0,A000374,116,H,2019-01-03,2021-01-02,Ralph,Abraham,Ralph Lee Abraham,,LA,5,200,200,
v0.1.0,1.1.0,A000375,116,H,2019-01-03,2021-01-02,Jodey,Arrington,Jodey C. Arrington,,TX,19,200,200,
v0.1.0,1.1.0,A000376,116,H,2019-01-03,2021-01-02,Colin,Allred,Colin Z. Allred,,TX,32,100,100,
v0.1.0,1.1.0,A000377,116,H,2019-01-03,2021-01-02,Kelly,Armstrong,Kelly Armstrong,,ND,0,200,200,
v0.1.0,1.1.0,A000378,116,H,2019-01-03,2021-01-02,Cynthia,Axne,Cynthia Axne,,IA,3,100,100,
v0.1.0,1.1.0,B000490,116,H,2019-01-03,2021-01-02,Sanford,Bishop,"Sanford D. Bishop, Jr.",,GA,2,100,100,
v0.1.0,1.1.0,B000574,116,H,2019-01-03,2021-01-02,Earl,Blumenauer,Earl Blumenauer,,OR,3,100,100,
v0.1.0,1.1.0,B000755,116,H,2019-01-03,2021-01-02,Kevin,Brady,Kevin Brady,,TX,8,200,200,
v0.1.0,1.1.0,B001248,116,H,2019-01-03,2021-01-02,Michael,Burgess,Michael C. Burgess,,TX,26,200,200,
v0.1.0,1.1.0,B001250,116,H,2019-01-03,2021-01-02,Rob,Bishop,Rob Bishop,,UT,1,200,200,
v0.1.0,1.1.0,B001251,116,H,2019-01-03,2021-01-02,George,Butterfield,G. K. Butterfield,G.K.,NC,1,100,100,
v0.1.0,1.1.0,B001257,116,H,2019-01-03,2021-01-02,Gus,Bilirakis,Gus M. Bilirakis,,FL,12,200,200,
v0.1.0,1.1.0,B001260,116,H,2019-01-03,2021-01-02,Vern,Buchanan,Vern Buchanan,,FL,16,200,200,
v0.1.0,1.1.0,B001270,116,H,2019-01-03,2021-01-02,Karen,Bass,Karen Bass,,CA,37,100,100,
v0.1.0,1.1.0,B001274,116,H,2019-01-03,2021-01-02,Mo,Brooks,Mo Brooks,,AL,5,200,200,
v0.1.0,1.1.0,B001275,116,H,2019-01-03,2021-01-02,Larry,Bucshon,Larry Bucshon,,IN,8,200,200,
v0.1.0,1.1.0,B001278,116,H,2019-01-03,2021-01-02,Suzanne,Bonamici,Suzanne Bonamici,,OR,1,100,100,
v0.1.0,1.1.0,B001281,116,H,2019-01-03,2021-01-02,Joyce,Beatty,Joyce Beatty,,OH,3,100,100,
v0.1.0,1.1.0,B001282,116,H,2019-01-03,2021-01-02,Garland,Barr,Andy Barr,Andy,KY,6,200,200,
v0.1.0,1.1.0,B001284,116,H,2019-01-03,2021-01-02,Susan,Brooks,Susan W. Brooks,,IN,5,200,200,
v0.1.0,1.1.0,B001285,116,H,2019-01-03,2021-01-02,Julia,Brownley,Julia Brownley,,CA,26,100,100,
v0.1.0,1.1.0,B001286,116,H,2019-01-03,2021-01-02,Cheri,Bustos,Cheri Bustos,,IL,17,100,100,
v0.1.0,1.1.0,B001287,116,H,2019-01-03,2021-01-02,Ami,Bera,Ami Bera,,CA,7,100,100,
v0.1.0,1.1.0,B001289,116,H,2019-01-03,2021-01-02,Bradley,Byrne,Bradley Byrne,,AL,1,200,200,
v0.1.0,1.1.0,B001291,116,H,2019-01-03,2021-01-02,Brian,Babin,Brian Babin,,TX,36,200,200,
v0.1.0,1.1.0,B001292,116,H,2019-01-03,2021-01-02,Donald,Beyer,"Donald S. Beyer, Jr.",,VA,8,100,100,
v0.1.0,1.1.0,B001295,116,H,2019-01-03,2021-01-02,Mike,Bost,Mike Bost,,IL,12,200,200,
v0.1.0,1.1.0,B001296,116,H,2019-01-03,2021-01-02,Brendan,Boyle,Brendan F. Boyle,,PA,2,100,100,
v0.1.0,1.1.0,B001297,116,H,2019-01-03,2021-01-02,Ken,Buck,Ken Buck,,CO,4,200,200,
v0.1.0,1.1.0,B001298,116,H,2019-01-03,2021-01-02,Don,Bacon,Don Bacon,,NE,2,200,200,
v0.1.0,1.1.0,B001299,116,H,2019-01-03,2021-01-02,Jim,Banks,Jim Banks,,IN,3,200,200,
v0.1.0,1.1.0,B001300,116,H,2019-01-03,2021-01-02,Nanette,Barragán,Nanette Diaz Barragán,,CA,44,100,100,
v0.1.0,1.1.0,B001301,116,H,2019-01-03,2021-01-02,Jack,Bergman,Jack Bergman,,MI,1,200,200,
v0.1.0,1.1.0,B001302,116,H,2019-01-03,2021-01-02,Andy,Biggs,Andy Biggs,,AZ,5,200,200,
v0.1.0,1.1.0,B001303,116,H,2019-01-03,2021-01-02,Lisa,Blunt Rochester,Lisa Blunt Rochester,,DE,0,100,100,
v0.1.0,1.1.0,B001304,116,H,2019-01-03,2021-01-02,Anthony,Brown,Anthony G. Brown,,MD,4,100,100,
v0.1.0,1.1.0,B001305,116,H,2019-01-03,2021-01-02,Ted,Budd,Ted Budd,,NC,13,200,200,
v0.1.0,1.1.0,B001306,116,H,2019-01-03,2021-01-02,Troy,Balderson,Troy Balderson,,OH,12,200,200,
v0.1.0,1.1.0,B001307,116,H,2019-01-03,2021-01-02,James,Baird,James R. Baird,,IN,4,200,200,
v0.1.0,1.1.0,B001308,116,H,2019-01-03,2021-01-02,Anthony,Brindisi,Anthony Brindisi,,NY,22,100,100,
v0.1.0,1.1.0,B001309,116,H,2019-01-03,2021-01-02,Tim,Burchett,Tim Burchett,,TN,2,200,200,
v0.1.0,1.1.0,B001311,116,H,2019-09-17,2021-01-02,Dan,Bishop,Dan Bishop,,NC,9,200,200,
v0.1.0,1.1.0,C000059,116,H,2019-01-03,2021-01-02,Ken,Calvert,Ken Calvert,,CA,42,200,200,
v0.1.0,1.1.0,C000266,116,H,2019-01-03,2021-01-02,Steve,Chabot,Steve Chabot,,OH,1,200,200,
v0.1.0,1.1.0,C000754,116,H,2019-01-03,2021-01-02,Jim,Cooper,Jim Cooper,,TN,5,100,100,
v0.1.0,1.1.0,C000984,116,H,2019-01-03,2019-10-16,Elijah,Cummings,Elijah E. Cummings,,MD,7,100,100,
v0.1.0,1.1.0,C001049,116,H,2019-01-03,2021-01-02,Wm.,Clay,Wm. Lacy Clay,,MO,1,100,100,
v0.1.0,1.1.0,C001051,116,H,2019-01-03,2021-01-02,John,Carter,John R. Carter,,TX,31,200,200,
v0.1.0,1.1.0,C001053,116,H,2019-01-03,2021-01-02,Tom,Cole,Tom Cole,,OK,4,200,200,
v0.1.0,1.1.0,C001055,116,H,2019-01-03,2021-01-02,Ed,Case,Ed Case,,HI,1,100,100,
v0.1.0,1.1.0,C001059,116,H,2019-01-03,2021-01-02,Jim,Costa,Jim Costa,,CA,16,100,100,
v0.1.0,1.1.0,C001061,116,H,2019-01-03,2021-01-02,Emanuel,Cleaver,Emanuel Cleaver,,MO,5,100,100,
v0.1.0,1.1.0,C001062,116,H,2019-01-03,2021-01-02,K.,Conaway,K. Michael Conaway,,TX,11,200,200,
v0.1.0,1.1.0,C001063,116,H,2019-01-03,2021-01-02,Henry,Cuellar,Henry Cuellar,,TX,28,100,100,
v0.1.0,1.1.0,C001066,116,H,2019-01-03,2021-01-02,Kathy,Castor,Kathy Castor,,FL,14,100,100,
v0.1.0,1.1.0,C001067,116,H,2019-01-03,2021-01-02,Yvette,Clarke,Yvette D. Clarke,,NY,9,100,100,
v0.1.0,1.1.0,C001068,116,H,2019-01-03,2021-01-02,Steve,Cohen,Steve Cohen,,TN,9,100,100,
v0.1.0,1.1.0,C001069,116,H,2019-01-03,2021-01-02,Joe,Courtney,Joe Courtney,,CT,2,100,100,
v0.1.0,1.1.0,C001072,116,H,2019-01-03,2021-01-02,André,Carson,André Carson,,IN,7,100,100,
v0.1.0,1.1.0,C001078,116,H,2019-01-03,2021-01-02,Gerald,Connolly,Gerald E. Connolly,,VA,11,100,100,
v0.1.0,1.1.0,C001080,116,H,2019-01-03,2021-01-02,Judy,Chu,Judy Chu,,CA,27,100,100,
v0.1.0,1.1.0,C001084,116,H,2019-01-03,2021-01-02,David,Cicilline,David N. Cicilline,,RI,1,100,100,
v0.1.0,1.1.0,C001087,116,H,2019-01-03,2021-01-02,Eric,Crawford,"Eric A. ""Rick"" Crawford",Rick,AR,1,200,200,
v0.1.0,1.1.0,C001090,116,H,2019-01-03,2021-01-02,Matthew,Cartwright,Matt Cartwright,Matt,PA,8,100,100,
v0.1.0,1.1.0,C001091,116,H,2019-01-03,2021-01-02,Joaquin,Castro,Joaquin Castro,,TX,20,100,100,
v0.1.0,1.1.0,C001092,116,H,2019-01-03,2019-09-30,Chris,Collins,Chris Collins,,NY,27,200,200,
v0.1.0,1.1.0,C001093,116,H,2019-01-03,2021-01-02,Doug,Collins,Doug Collins,,GA,9,200,200,
v0.1.0,1.1.0,C001094,116,H,2019-01-03,2020-12-06,Paul,Cook,Paul Cook,,CA,8,200,200,
v0.1.0,1.1.0,C001097,116,H,2019-01-03,2021-01-02,Tony,Cárdenas,Tony Cárdenas,,CA,29,100,100,
v0.1.0,1.1.0,C001101,116,H,2019-01-03,2021-01-02,Katherine,Clark,Katherine M. Clark,,MA,5,100,100,
v0.1.0,1.1.0,C001103,116,H,2019-01-03,2021-01-02,Earl,Carter,"Earl L. ""Buddy"" Carter",Buddy,GA,1,200,200,
v0.1.0,1.1.0,C001108,116,H,2019-01-03,2021-01-02,James,Comer,James Comer,,KY,1,200,200,
v0.1.0,1.1.0,C001109,116,H,2019-01-03,2021-01-02,Liz,Cheney,Liz Cheney,,WY,0,200,200,
v0.1.0,1.1.0,C001110,116,H,2019-01-03,2021-01-02,J.,Correa,J. Luis Correa,,CA,46,100,100,
v0.1.0,1.1.0,C001111,116,H,2019-01-03,2021-01-02,Charlie,Crist,Charlie Crist,,FL,13,100,100,
v0.1.0,1.1.0,C001112,116,H,2019-01-03,2021-01-02,Salud,Carbajal,Salud O. Carbajal,,CA,24,100,100,
v0.1.0,1.1.0,C001114,116,H,2019-01-03,2021-01-02,John,Curtis,John R. Curtis,,UT,3,200,200,
v0.1.0,1.1.0,C001115,116,H,2019-01-03,2021-01-02,Michael,Cloud,Michael Cloud,,TX,27,200,200,
v0.1.0,1.1.0,C001117,116,H,2019-01-03,2021-01-02,Sean,Casten,Sean Casten,,IL,6,100,100,
v0.1.0,1.1.0,C001118,116,H,2019-01-03,2021-01-02,Ben,Cline,Ben Cline,,VA,6,200,200,
v0.1.0,1.1.0,C001119,116,H,2019-01-03,2021-01-02,Angie,Craig,Angie Craig,,MN,2,100,100,
v0.1.0,1.1.0,C001120,116,H,2019-01-03,2021-01-02,Dan,Crenshaw,Dan Crenshaw,,TX,2,200,200,
v0.1.0,1.1.0,C001121,116,H,2019-01-03,2021-01-02,Jason,Crow,Jason Crow,,CO,6,100,100,
v0.1.0,1.1.0,C001122,116,H,2019-01-03,2021-01-02,Joe,Cunningham,Joe Cunningham,,SC,1,100,100,
v0.1.0,1.1.0,C001123,116,H,2019-01-03,2021-01-02,Gilbert,Cisneros,"Gilbert Ray Cisneros, Jr.",,CA,39,100,100,
v0.1.0,1.1.0,C001124,116,H,2019-01-03,2021-01-02,TJ,Cox,TJ Cox,,CA,21,100,100,
v0.1.0,1.1.0,D000096,116,H,2019-01-03,2021-01-02,Danny,Davis,Danny K. Davis,,IL,7,100,100,
v0.1.0,1.1.0,D000191,116,H,2019-01-03,2021-01-02,Peter,DeFazio,Peter A. DeFazio,,OR,4,100,100,
v0.1.0,1.1.0,D000197,116,H,2019-01-03,2021-01-02,Diana,DeGette,Diana DeGette,,CO,1,100,100,
v0.1.0,1.1.0,D000216,116,H,2019-01-03,2021-01-02,Rosa,DeLauro,Rosa L. DeLauro,,CT,3,100,100,
v0.1.0,1.1.0,D000399,116,H,2019-01-03,2021-01-02,Lloyd,Doggett,Lloyd Doggett,,TX,35,100,100,
v0.1.0,1.1.0,D000482,116,H,2019-01-03,2021-01-02,Michael,Doyle,Michael F. Doyle,,PA,18,100,100,
v0.1.0,1.1.0,D000598,116,H,2019-01-03,2021-01-02,Susan,Davis,Susan A. Davis,,CA,53,100,100,
v0.1.0,1.1.0,D000600,116,H,2019-01-03,2021-01-02,Mario,Diaz-Balart,Mario Diaz-Balart,,FL,25,200,200,
v0.1.0,1.1.0,D000610,116,H,2019-01-03,2021-01-02,Theodore,Deutch,Theodore E. Deutch,Ted,FL,22,100,100,
v0.1.0,1.1.0,D000614,116,H,2019-01-03,2019-09-22,Sean,Duffy,Sean P. Duffy,,WI,7,200,200,
v0.1.0,1.1.0,D000615,116,H,2019-01-03,2021-01-02,Jeff,Duncan,Jeff Duncan,,SC,3,200,200,
v0.1.0,1.1.0,D000616,116,H,2019-01-03,2021-01-02,Scott,DesJarlais,Scott DesJarlais,,TN,4,200,200,
v0.1.0,1.1.0,D000617,116,H,2019-01-03,2021-01-02,Suzan,DelBene,Suzan K. DelBene,,WA,1,100,100,
v0.1.0,1.1.0,D000619,116,H,2019-01-03,2021-01-02,Rodney,Davis,Rodney Davis,,IL,13,200,200,
v0.1.0,1.1.0,D000623,116,H,2019-01-03,2021-01-02,Mark,DeSaulnier,Mark DeSaulnier,,CA,11,100,100,
v0.1.0,1.1.0,D000624,116,H,2019-01-03,2021-01-02,Debbie,Dingell,Debbie Dingell,,MI,12,100,100,
v0.1.0,1.1.0,D000626,116,H,2019-01-03,2021-01-02,Warren,Davidson,Warren Davidson,,OH,8,200,200,
v0.1.0,1.1.0,D000627,116,H,2019-01-03,2021-01-02,Val,Demings,Val Butler Demings,,FL,10,100,100,
v0.1.0,1.1.0,D000628,116,H,2019-01-03,2021-01-02,Neal,Dunn,Neal P. Dunn,,FL,2,200,200,
v0.1.0,1.1.0,D000629,116,H,2019-01-03,2021-01-02,Sharice,Davids,Sharice Davids,,KS,3,100,100,
v0.1.0,1.1.0,D000630,116,H,2019-01-03,2021-01-02,Antonio,Delgado,Antonio Delgado,,NY,19,100,100,
v0.1.0,1.1.0,D000631,116,H,2019-01-03,2021-01-02,Madeleine,Dean,Madeleine Dean,,PA,4,100,100,
v0.1.0,1.1.0,E000179,116,H,2019-01-03,2021-01-02,Eliot,Engel,Eliot L. Engel,,NY,16,100,100,
v0.1.0,1.1.0,E000215,116,H,2019-01-03,2021-01-02,Anna,Eshoo,Anna G. Eshoo,,CA,18,100,100,
v0.1.0,1.1.0,E000294,116,H,2019-01-03,2021-01-02,Tom,Emmer,Tom Emmer,,MN,6,200,200,
v0.1.0,1.1.0,E000296,116,H,2019-01-03,2021-01-02,Dwight,Evans,Dwight Evans,,PA,3,100,100,
v0.1.0,1.1.0,E000297,116,H,2019-01-03,2021-01-02,Adriano,Espaillat,Adriano Espaillat,,NY,13,100,100,
v0.1.0,1.1.0,E000298,116,H,2019-01-03,2021-01-02,Ron,Estes,Ron Estes,,KS,4,200,200,
v0.1.0,1.1.0,E000299,116,H,2019-01-03,2021-01-02,Veronica,Escobar,Veronica Escobar,,TX,16,100,100,
v0.1.0,1.1.0,F000449,116,H,2019-01-03,2021-01-02,Jeff,Fortenberry,Jeff Fortenberry,,NE,1,200,200,
v0.1.0,1.1.0,F000450,116,H,2019-01-03,2021-01-02,Virginia,Foxx,Virginia Foxx,,NC,5,200,200,
v0.1.0,1.1.0,F000454,116,H,2019-01-03,2021-01-02,Bill,Foster,Bill Foster,,IL,11,100,100,
v0.1.0,1.1.0,F000455,116,H,2019-01-03,2021-01-02,Marcia,Fudge,Marcia L. Fudge,,OH,11,100,100,
v0.1.0,1.1.0,F000459,116,H,2019-01-03,2021-01-02,Charles,Fleischmann,"Charles J. ""Chuck"" Fleischmann",Chuck,TN,3,200,200,
v0.1.0,1.1.0,F000461,116,H,2019-01-03,2021-01-02,Bill,Flores,Bill Flores,,TX,17,200,200,
v0.1.0,1.1.0,F000462,116,H,2019-01-03,2021-01-02,Lois,Frankel,Lois Frankel,,FL,21,100,100,
v0.1.0,1.1.0,F000465,116,H,2019-01-03,2021-01-02,A.,Ferguson,A. Drew Ferguson IV,,GA,3,200,200,
v0.1.0,1.1.0,F000466,116,H,2019-01-03,2021-01-02,Brian,Fitzpatrick,Brian K. Fitzpatrick,,PA,1,200,200,
v0.1.0,1.1.0,F000467,116,H,2019-01-03,2021-01-02,Abby,Finkenauer,Abby Finkenauer,,IA,1,100,100,
v0.1.0,1.1.0,F000468,116,H,2019-01-03,2021-01-02,Lizzie,Fletcher,Lizzie Fletcher,,TX,7,100,100,
v0.1.0,1.1.0,F000469,116,H,2019-01-03,2021-01-02,Russ,Fulcher,Russ Fulcher,,ID,1,200,200,
v0.1.0,1.1.0,G000061,116,H,2020-05-19,2021-01-02,Mike,Garcia,Mike Garcia,,CA,25,200,200,
v0.1.0,1.1.0,G000377,116,H,2019-01-03,2021-01-02,Kay,Granger,Kay Granger,,TX,12,200,200,
v0.1.0,1.1.0,G000546,116,H,2019-01-03,2021-01-02,Sam,Graves,Sam Graves,,MO,6,200,200,
v0.1.0,1.1.0,G000551,116,H,2019-01-03,2021-01-02,Raúl,Grijalva,Raúl M. Grijalva,,AZ,3,100,100,
v0.1.0,1.1.0,G000552,116,H,2019-01-03,2021-01-02,Louie,Gohmert,Louie Gohmert,,TX,1,200,200,
v0.1.0,1.1.0,G000553,116,H,2019-01-03,2021-01-02,Al,Green,Al Green,,TX,9,100,100,
v0.1.0,1.1.0,G000558,116,H,2019-01-03,2021-01-02,Brett,Guthrie,Brett Guthrie,,KY,2,200,200,
v0.1.0,1.1.0,G000559,116,H,2019-01-03,2021-01-02,John,Garamendi,John Garamendi,,CA,3,100,100,
v0.1.0,1.1.0,G000560,116,H,2019-01-03,2020-10-03,Tom,Graves,Tom Graves,,GA,14,200,200,
v0.1.0,1.1.0,G000563,116,H,2019-01-03,2021-01-02,Bob,Gibbs,Bob Gibbs,,OH,7,200,200,
v0.1.0,1.1.0,G000565,116,H,2019-01-03,2021-01-02,Paul,Gosar,Paul A. Gosar,,AZ,4,200,200,
v0.1.0,1.1.0,G000568,116,H,2019-01-03,2021-01-02,H.,Griffith,H. Morgan Griffith,,VA,9,200,200,
v0.1.0,1.1.0,G000571,116,H,2019-01-03,2021-01-02,Tulsi,Gabbard,Tulsi Gabbard,,HI,2,100,100,
v0.1.0,1.1.0,G000574,116,H,2019-01-03,2021-01-02,Ruben,Gallego,Ruben Gallego,,AZ,7,100,100,
v0.1.0,1.1.0,G000576,116,H,2019-01-03,2021-01-02,Glenn,Grothman,Glenn Grothman,,WI,6,200,200,
v0.1.0,1.1.0,G000577,116,H,2019-01-03,2021-01-02,Garret,Graves,Garret Graves,,LA,6,200,200,
v0.1.0,1.1.0,G000578,116,H,2019-01-03,2021-01-02,Matt,Gaetz,Matt Gaetz,,FL,1,200,200,
v0.1.0,1.1.0,G000579,116,H,2019-01-03,2021-01-02,Mike,Gallagher,Mike Gallagher,,WI,8,200,200,
v0.1.0,1.1.0,G000581,116,H,2019-01-03,2021-01-02,Vicente,Gonzalez,Vicente Gonzalez,,TX,15,100,100,
v0.1.0,1.1.0,G000582,116,H,2019-01-03,2021-01-02,Jenniffer,González-Colón,Jenniffer González-Colón,,PR,0,200,200,
v0.1.0,1.1.0,G000583,116,H,2019-01-03,2021-01-02,Josh,Gottheimer,Josh Gottheimer,,NJ,5,100,100,
v0.1.0,1.1.0,G000584,116,H,2019-01-03,2021-01-02,Greg,Gianforte,Greg Gianforte,,MT,0,200,200,
v0.1.0,1.1.0,G000585,116,H,2019-01-03,2021-01-02,Jimmy,Gomez,Jimmy Gomez,,CA,34,100,100,
v0.1.0,1.1.0,G000586,116,H,2019-01-03,2021-01-02,Jesús,García,"Jesús G. ""Chuy"" García",Chuy,IL,4,100,100,
v0.1.0,1.1.0,G000587,116,H,2019-01-03,2021-01-02,Sylvia,Garcia,Sylvia R. Garcia,,TX,29,100,100,
v0.1.0,1.1.0,G000588,116,H,2019-01-03,2021-01-02,Anthony,Gonzalez,Anthony Gonzalez,,OH,16,200,200,
v0.1.0,1.1.0,G000589,116,H,2019-01-03,2021-01-02,Lance,Gooden,Lance Gooden,,TX,5,200,200,
v0.1.0,1.1.0,G000590,116,H,2019-01-03,2021-01-02,Mark,Green,Mark E. Green,,TN,7,200,200,
v0.1.0,1.1.0,G000591,116,H,2019-01-03,2021-01-02,Michael,Guest,Michael Guest,,MS,3,200,200,
v0.1.0,1.1.0,G000592,116,H,2019-01-03,2021-01-02,Jared,Golden,Jared F. Golden,,ME,2,100,100,
v0.1.0,1.1.0,H000324,116,H,2019-01-03,2021-01-02,Alcee,Hastings,Alcee L. Hastings,,FL,20,100,100,
v0.1.0,1.1.0,H000874,116,H,2019-01-03,2021-01-02,Steny,Hoyer,Steny H. Hoyer,,MD,5,100,100,
v0.1.0,1.1.0,H001038,116,H,2019-01-03,2021-01-02,Brian,Higgins,Brian Higgins,,NY,26,100,100,
v0.1.0,1.1.0,H001047,116,H,2019-01-03,2021-01-02,James,Himes,James A. Himes,Jim,CT,4,100,100,
v0.1.0,1.1.0,H001048,116,H,2019-01-03,2020-01-12,Duncan,Hunter,Duncan Hunter,,CA,50,200,200,
v0.1.0,1.1.0,H001052,116,H,2019-01-03,2021-01-02,Andy,Harris,Andy Harris,,MD,1,200,200,
v0.1.0,1.1.0,H001053,116,H,2019-01-03,2021-01-02,Vicky,Hartzler,Vicky Hartzler,,MO,4,200,200,
v0.1.0,1.1.0,H001056,116,H,2019-01-03,2021-01-02,Jaime,Herrera Beutler,Jaime Herrera Beutler,,WA,3,200,200,
v0.1.0,1.1.0,H001058,116,H,2019-01-03,2021-01-02,Bill,Huizenga,Bill Huizenga,,MI,2,200,200,
v0.1.0,1.1.0,H001064,116,H,2019-01-03,2021-01-02,Denny,Heck,Denny Heck,,WA,10,100,100,
v0.1.0,1.1.0,H001065,116,H,2019-01-03,2021-01-02,George,Holding,George Holding,,NC,2,200,200,
v0.1.0,1.1.0,H001066,116,H,2019-01-03,2021-01-02,Steven,Horsford,Steven Horsford,,NV,4,100,100,
v0.1.0,1.1.0,H001067,116,H,2019-01-03,2021-01-02,Richard,Hudson,Richard Hudson,,NC,8,200,200,
v0.1.0,1.1.0,H001068,116,H,2019-01-03,2021-01-02,Jared,Huffman,Jared Huffman,,CA,2,100,100,
v0.1.0,1.1.0,H001071,116,H,2019-01-03,2021-01-02,Jody,Hice,Jody B. Hice,,GA,10,200,200,
v0.1.0,1.1.0,H001072,116,H,2019-01-03,2021-01-02,J.,Hill,J. French Hill,,AR,2,200,200,
v0.1.0,1.1.0,H001073,116,H,2019-01-03,2021-01-02,Will,Hurd,Will Hurd,,TX,23,200,200,
v0.1.0,1.1.0,H001074,116,H,2019-01-03,2021-01-02,Trey,Hollingsworth,Trey Hollingsworth,,IN,9,200,200,
v0.1.0,1.1.0,H001077,116,H,2019-01-03,2021-01-02,Clay,Higgins,Clay Higgins,,LA,3,200,200,
v0.1.0,1.1.0,H001080,116,H,2019-01-03,2021-01-02,Debra,Haaland,Debra A. Haaland,,NM,1,100,100,
v0.1.0,1.1.0,H001081,116,H,2019-01-03,2021-01-02,Jahana,Hayes,Jahana Hayes,,CT,5,100,100,
v0.1.0,1.1.0,H001082,116,H,2019-01-03,2021-01-02,Kevin,Hern,Kevin Hern,,OK,1,200,200,
v0.1.0,1.1.0,H001083,116,H,2019-01-03,2021-01-02,Kendra,Horn,Kendra S. Horn,,OK,5,100,100,
v0.1.0,1.1.0,H001085,116,H,2019-01-03,2021-01-02,Chrissy,Houlahan,Chrissy Houlahan,,PA,6,100,100,
v0.1.0,1.1.0,H001087,116,H,2019-01-03,2019-11-02,Katie,Hill,Katie Hill,,CA,25,100,100,
v0.1.0,1.1.0,H001088,116,H,2019-01-03,2021-01-02,Jim,Hagedorn,Jim Hagedorn,,MN,1,200,200,
v0.1.0,1.1.0,H001090,116,H,2019-01-03,2021-01-02,Josh,Harder,Josh Harder,,CA,10,100,100,
v0.1.0,1.1.0,J000020,116,H,2020-07-21,2021-01-02,Chris,Jacobs,Chris Jacobs,,NY,27,200,200,
v0.1.0,1.1.0,J000032,116,H,2019-01-03,2021-01-02,Sheila,Jackson Lee,Sheila Jackson Lee,,TX,18,100,100,
v0.1.0,1.1.0,J000126,116,H,2019-01-03,2021-01-02,Eddie,Johnson,Eddie Bernice Johnson,,TX,30,100,100,
v0.1.0,1.1.0,J000255,116,H,2019-01-04,2019-02-09,Walter,Jones,Walter B. Jones,,NC,3,200,200,
v0.1.0,1.1.0,J000288,116,H,2019-01-03,2021-01-02,Henry,Johnson,"Henry C. ""Hank"" Johnson, Jr.",Hank,GA,4,100,100,
v0.1.0,1.1.0,J000289,116,H,2019-01-03,2021-01-02,Jim,Jordan,Jim Jordan,,OH,4,200,200,
v0.1.0,1.1.0,J000292,116,H,2019-01-03,2021-01-02,Bill,Johnson,Bill Johnson,,OH,6,200,200,
v0.1.0,1.1.0,J000294,116,H,2019-01-03,2021-01-02,Hakeem,Jeffries,Hakeem S. Jeffries,,NY,8,100,100,
v0.1.0,1.1.0,J000295,116,H,2019-01-03,2021-01-02,David,Joyce,David P. Joyce,,OH,14,200,200,
v0.1.0,1.1.0,J000298,116,H,2019-01-03,2021-01-02,Pramila,Jayapal,Pramila Jayapal,,WA,7,100,100,
v0.1.0,1.1.0,J000299,116,H,2019-01-03,2021-01-02,Mike,Johnson,Mike Johnson,,LA,4,200,200,
v0.1.0,1.1.0,J000301,116,H,2019-01-03,2021-01-02,Dusty,Johnson,Dusty Johnson,,SD,0,200,200,
v0.1.0,1.1.0,J000302,116,H,2019-01-03,2021-01-02,John,Joyce,John Joyce,,PA,13,200,200,
v0.1.0,1.1.0,K000009,116,H,2019-01-03,2021-01-02,Marcy,Kaptur,Marcy Kaptur,,OH,9,100,100,
v0.1.0,1.1.0,K000188,116,H,2019-01-03,2021-01-02,Ron,Kind,Ron Kind,,WI,3,100,100,
v0.1.0,1.1.0,K000210,116,H,2019-01-03,2021-01-02,Peter,King,Peter T. King,Pete,NY,2,200,200,
v0.1.0,1.1.0,K000362,116,H,2019-01-03,2021-01-02,Steve,King,Steve King,,IA,4,200,200,
v0.1.0,1.1.0,K000368,116,H,2019-01-03,2021-01-02,Ann,Kirkpatrick,Ann Kirkpatrick,,AZ,2,100,100,
v0.1.0,1.1.0,K000375,116,H,2019-01-03,2021-01-02,William,Keating,William R. Keating,,MA,9,100,100,
v0.1.0,1.1.0,K000376,116,H,2019-01-03,2021-01-02,Mike,Kelly,Mike Kelly,,PA,16,200,200,
v0.1.0,1.1.0,K000378,116,H,2019-01-03,2021-01-02,Adam,Kinzinger,Adam Kinzinger,,IL,16,200,200,
v0.1.0,1.1.0,K000379,116,H,2019-01-03,2021-01-02,Joseph,Kennedy,Joseph P. Kennedy III,,MA,4,100,100,
v0.1.0,1.1.0,K000380,116,H,2019-01-03,2021-01-02,Daniel,Kildee,Daniel T. Kildee,,MI,5,100,100,
v0.1.0,1.1.0,K000381,116,H,2019-01-03,2021-01-02,Derek,Kilmer,Derek Kilmer,,WA,6,100,100,
v0.1.0,1.1.0,K000382,116,H,2019-01-03,2021-01-02,Ann,Kuster,Ann M. Kuster,,NH,2,100,100,
v0.1.0,1.1.0,K000385,116,H,2019-01-03,2021-01-02,Robin,Kelly,Robin L. Kelly,,IL,2,100,100,
v0.1.0,1.1.0,K000386,116,H,2019-01-03,2021-01-02,John,Katko,John Katko,,NY,24,200,200,
v0.1.0,1.1.0,K000388,116,H,2019-01-03,2021-01-02,Trent,Kelly,Trent Kelly,,MS,1,200,200,
v0.1.0,1.1.0,K000389,116,H,2019-01-03,2021-01-02,Ro,Khanna,Ro Khanna,,CA,17,100,100,
v0.1.0,1.1.0,K000391,116,H,2019-01-03,2021-01-02,Raja,Krishnamoorthi,Raja Krishnamoorthi,,IL,8,100,100,
v0.1.0,1.1.0,K000392,116,H,2019-01-03,2021-01-02,David,Kustoff,David Kustoff,,TN,8,200,200,
v0.1.0,1.1.0,K000394,116,H,2019-01-03,2021-01-02,Andy,Kim,Andy Kim,,NJ,3,100,100,
v0.1.0,1.1.0,K000395,116,H,2019-06-03,2021-01-02,Fred,Keller,Fred Keller,,PA,12,200,200,
v0.1.0,1.1.0,L000287,116,H,2019-01-03,2020-07-16,John,Lewis,John Lewis,,GA,5,100,100,
v0.1.0,1.1.0,L000397,116,H,2019-01-03,2021-01-02,Zoe,Lofgren,Zoe Lofgren,,CA,19,100,100,
v0.1.0,1.1.0,L000480,116,H,2019-01-03,2021-01-02,Nita,Lowey,Nita M. Lowey,,NY,17,100,100,
v0.1.0,1.1.0,L000491,116,H,2019-01-03,2021-01-02,Frank,Lucas,Frank D. Lucas,,OK,3,200,200,
v0.1.0,1.1.0,L000551,116,H,2019-01-03,2021-01-02,Barbara,Lee,Barbara Lee,,CA,13,100,100,
v0.1.0,1.1.0,L000557,116,H,2019-01-03,2021-01-02,John,Larson,John B. Larson,,CT,1,100,100,
v0.1.0,1.1.0,L000559,116,H,2019-01-03,2021-01-02,James,Langevin,James R. Langevin,Jim,RI,2,100,100,
v0.1.0,1.1.0,L000560,116,H,2019-01-03,2021-01-02,Rick,Larsen,Rick Larsen,,WA,2,100,100,
v0.1.0,1.1.0,L000562,116,H,2019-01-03,2021-01-02,Stephen,Lynch,Stephen F. Lynch,,MA,8,100,100,
v0.1.0,1.1.0,L000563,116,H,2019-01-03,2021-01-02,Daniel,Lipinski,Daniel Lipinski,,IL,3,100,100,
v0.1.0,1.1.0,L000564,116,H,2019-01-03,2021-01-02,Doug,Lamborn,Doug Lamborn,,CO,5,200,200,
v0.1.0,1.1.0,L000565,116,H,2019-01-03,2021-01-02,David,Loebsack,David Loebsack,,IA,2,100,100,
v0.1.0,1.1.0,L000566,116,H,2019-01-03,2021-01-02,Robert,Latta,Robert E. Latta,,OH,5,200,200,
v0.1.0,1.1.0,L000569,116,H,2019-01-03,2021-01-02,Blaine,Luetkemeyer,Blaine Luetkemeyer,,MO,3,200,200,
v0.1.0,1.1.0,L000570,116,H,2019-01-03,2021-01-02,Ben,Luján,Ben Ray Luján,,NM,3,100,100,
v0.1.0,1.1.0,L000576,116,H,2019-01-03,2021-01-02,Billy,Long,Billy Long,,MO,7,200,200,
v0.1.0,1.1.0,L000578,116,H,2019-01-03,2021-01-02,Doug,LaMalfa,Doug LaMalfa,,CA,1,200,200,
v0.1.0,1.1.0,L000579,116,H,2019-01-03,2021-01-02,Alan,Lowenthal,Alan S. Lowenthal,,CA,47,100,100,
v0.1.0,1.1.0,L000581,116,H,2019-01-03,2021-01-02,Brenda,Lawrence,Brenda L. Lawrence,,MI,14,100,100,
v0.1.0,1.1.0,L000582,116,H,2019-01-03,2021-01-02,Ted,Lieu,Ted Lieu,,CA,33,100,100,
v0.1.0,1.1.0,L000583,116,H,2019-01-03,2021-01-02,Barry,Loudermilk,Barry Loudermilk,,GA,11,200,200,
v0.1.0,1.1.0,L000585,116,H,2019-01-03,2021-01-02,Darin,LaHood,Darin LaHood,,IL,18,200,200,
v0.1.0,1.1.0,L000586,116,H,2019-01-03,2021-01-02,Al,Lawson,"Al Lawson, Jr.",,FL,5,100,100,
v0.1.0,1.1.0,L000588,116,H,2019-01-03,2021-01-02,Conor,Lamb,Conor Lamb,,PA,17,100,100,
v0.1.0,1.1.0,L000589,116,H,2019-01-03,2021-01-02,Debbie,Lesko,Debbie Lesko,,AZ,8,200,200,
v0.1.0,1.1.0,L000590,116,H,2019-01-03,2021-01-02,Susie,Lee,Susie Lee,,NV,3,100,100,
v0.1.0,1.1.0,L000591,116,H,2019-01-03,2021-01-02,Elaine,Luria,Elaine G. Luria,,VA,2,100,100,
v0.1.0,1.1.0,L000592,116,H,2019-01-03,2021-01-02,Andy,Levin,Andy Levin,,MI,9,100,100,
v0.1.0,1.1.0,L000593,116,H,2019-01-03,2021-01-02,Mike,Levin,Mike Levin,,CA,49,100,100,
v0.1.0,1.1.0,M000087,116,H,2019-01-03,2021-01-02,Carolyn,Maloney,Carolyn B. Maloney,,NY,12,100,100,
v0.1.0,1.1.0,M000312,116,H,2019-01-03,2021-01-02,James,McGovern,James P. McGovern,Jim,MA,2,100,100,
v0.1.0,1.1.0,M000687,116,H,2020-05-05,2021-01-02,Kweisi,Mfume,Kweisi Mfume,,MD,7,100,100,
v0.1.0,1.1.0,M001137,116,H,2019-01-03,2021-01-02,Gregory,Meeks,Gregory W. Meeks,,NY,5,100,100,
v0.1.0,1.1.0,M001143,116,H,2019-01-03,2021-01-02,Betty,McCollum,Betty McCollum,,MN,4,100,100,
v0.1.0,1.1.0,M001156,116,H,2019-01-03,2021-01-02,Patrick,McHenry,Patrick T. McHenry,,NC,10,200,200,
v0.1.0,1.1.0,M001157,116,H,2019-01-03,2021-01-02,Michael,McCaul,Michael T. McCaul,,TX,10,200,200,
v0.1.0,1.1.0,M001158,116,H,2019-01-03,2021-01-02,Kenny,Marchant,Kenny Marchant,,TX,24,200,200,
v0.1.0,1.1.0,M001159,116,H,2019-01-03,2021-01-02,Cathy,McMorris Rodgers,Cathy McMorris Rodgers,,WA,5,200,200,
v0.1.0,1.1.0,M001160,116,H,2019-01-03,2021-01-02,Gwen,Moore,Gwen Moore,,WI,4,100,100,
v0.1.0,1.1.0,M001163,116,H,2019-01-03,2021-01-02,Doris,Matsui,Doris O. Matsui,,CA,6,100,100,
v0.1.0,1.1.0,M001165,116,H,2019-01-03,2021-01-02,Kevin,McCarthy,Kevin McCarthy,,CA,23,200,200,
v0.1.0,1.1.0,M001166,116,H,2019-01-03,2021-01-02,Jerry,McNerney,Jerry McNerney,,CA,9,100,100,
v0.1.0,1.1.0,M001177,116,H,2019-01-03,2021-01-02,Tom,McClintock,Tom McClintock,,CA,4,200,200,
v0.1.0,1.1.0,M001179,116,H,2019-01-03,2019-01-22,Tom,Marino,Tom Marino,,PA,12,200,200,
v0.1.0,1.1.0,M001180,116,H,2019-01-03,2021-01-02,David,McKinley,David B. McKinley,,WV,1,200,200,
v0.1.0,1.1.0,M001184,116,H,2019-01-03,2021-01-02,Thomas,Massie,Thomas Massie,,KY,4,200,200,
v0.1.0,1.1.0,M001185,116,H,2019-01-03,2021-01-02,Sean,Maloney,Sean Patrick Maloney,,NY,18,100,100,
v0.1.0,1.1.0,M001187,116,H,2019-01-03,2020-03-29,Mark,Meadows,Mark Meadows,,NC,11,200,200,
v0.1.0,1.1.0,M001188,116,H,2019-01-03,2021-01-02,Grace,Meng,Grace Meng,,NY,6,100,100,
v0.1.0,1.1.0,M001190,116,H,2019-01-03,2021-01-02,Markwayne,Mullin,Markwayne Mullin,,OK,2,200,200,
v0.1.0,1.1.0,M001194,116,H,2019-01-03,2021-01-02,John,Moolenaar,John R. Moolenaar,,MI,4,200,200,
v0.1.0,1.1.0,M001195,116,H,2019-01-03,2021-01-02,Alexander,Mooney,Alexander X. Mooney,,WV,2,200,200,
v0.1.0,1.1.0,M001196,116,H,2019-01-03,2021-01-02,Seth,Moulton,Seth Moulton,,MA,6,100,100,
v0.1.0,1.1.0,M001198,116,H,2019-01-03,2021-01-02,Roger,Marshall,Roger Marshall,,KS,1,200,200,
v0.1.0,1.1.0,M001199,116,H,2019-01-03,2021-01-02,Brian,Mast,Brian J. Mast,,FL,18,200,200,
v0.1.0,1.1.0,M001200,116,H,2019-01-03,2021-01-02,A.,McEachin,A. Donald McEachin,,VA,4,100,100,
v0.1.0,1.1.0,M001201,116,H,2019-01-03,2021-01-02,Paul,Mitchell,Paul Mitchell,,MI,10,328,328,
v0.1.0,1.1.0,M001202,116,H,2019-01-03,2021-01-02,Stephanie,Murphy,Stephanie N. Murphy,,FL,7,100,100,
v0.1.0,1.1.0,M001203,116,H,2019-01-03,2021-01-02,Tom,Malinowski,Tom Malinowski,,NJ,7,100,100,
v0.1.0,1.1.0,M001204,116,H,2019-01-03,2021-01-02,Daniel,Meuser,Daniel Meuser,,PA,9,200,200,
v0.1.0,1.1.0,M001205,116,H,2019-01-03,2021-01-02,Carol,Miller,Carol D. Miller,,WV,3,200,200,
v0.1.0,1.1.0,M001206,116,H,2019-01-03,2021-01-02,Joseph,Morelle,Joseph D. Morelle,,NY,25,100,100,
v0.1.0,1.1.0,M001207,116,H,2019-01-03,2021-01-02,Debbie,Mucarsel-Powell,Debbie Mucarsel-Powell,,FL,26,100,100,
v0.1.0,1.1.0,M001208,116,H,2019-01-03,2021-01-02,Lucy,McBath,Lucy McBath,,GA,6,100,100,
v0.1.0,1.1.0,M001209,116,H,2019-01-03,2021-01-02,Ben,McAdams,Ben McAdams,,UT,4,100,100,
v0.1.0,1.1.0,M001210,116,H,2019-09-17,2021-01-02,Gregory,Murphy,Gregory F. Murphy,,NC,3,200,200,
v0.1.0,1.1.0,N000002,116,H,2019-01-03,2021-01-02,Jerrold,Nadler,Jerrold Nadler,,NY,10,100,100,
v0.1.0,1.1.0,N000015,116,H,2019-01-03,2021-01-02,Richard,Neal,Richard E. Neal,,MA,1,100,100,
v0.1.0,1.1.0,N000147,116,H,2019-01-03,2021-01-02,Eleanor,Norton,Eleanor Holmes Norton,,DC,0,100,100,
v0.1.0,1.1.0,N000179,116,H,2019-01-03,2021-01-02,Grace,Napolitano,Grace F. Napolitano,,CA,32,100,100,
v0.1.0,1.1.0,N000181,116,H,2019-01-03,2021-01-02,Devin,Nunes,Devin Nunes,,CA,22,200,200,
v0.1.0,1.1.0,N000188,116,H,2019-01-03,2021-01-02,Donald,Norcross,Donald Norcross,,NJ,1,100,100,
v0.1.0,1.1.0,N000189,116,H,2019-01-03,2021-01-02,Dan,Newhouse,Dan Newhouse,,WA,4,200,200,
v0.1.0,1.1.0,N000190,116,H,2019-01-03,2021-01-02,Ralph,Norman,Ralph Norman,,SC,5,200,200,
v0.1.0,1.1.0,N000191,116,H,2019-01-03,2021-01-02,Joe,Neguse,Joe Neguse,,CO,2,100,100,
v0.1.0,1.1.0,O000168,116,H,2019-01-03,2021-01-02,Pete,Olson,Pete Olson,,TX,22,200,200,
v0.1.0,1.1.0,O000171,116,H,2019-01-03,2021-01-02,Tom,O’Halleran,Tom O’Halleran,,AZ,1,100,100,
v0.1.0,1.1.0,O000172,116,H,2019-01-03,2021-01-02,Alexandria,Ocasio-Cortez,Alexandria Ocasio-Cortez,,NY,14,100,100,
v0.1.0,1.1.0,O000173,116,H,2019-01-03,2021-01-02,Ilhan,Omar,Ilhan Omar,,MN,5,100,100,
v0.1.0,1.1.0,P000034,116,H,2019-01-03,2021-01-02,Frank,Pallone,"Frank Pallone, Jr.",,NJ,6,100,100,
v0.1.0,1.1.0,P000096,116,H,2019-01-03,2021-01-02,Bill,Pascrell,"Bill Pascrell, Jr.",,NJ,9,100,100,
v0.1.0,1.1.0,P000258,116,H,2019-01-03,2021-01-02,Collin,Peterson,Collin C. Peterson,,MN,7,100,100,
v0.1.0,1.1.0,P000523,116,H,2019-01-03,2021-01-02,David,Price,David E. Price,,NC,4,100,100,
v0.1.0,1.1.0,P000593,116,H,2019-01-03,2021-01-02,Ed,Perlmutter,Ed Perlmutter,,CO,7,100,100,
v0.1.0,1.1.0,P000597,116,H,2019-01-03,2021-01-02,Chellie,Pingree,Chellie Pingree,,ME,1,100,100,
v0.1.0,1.1.0,P000599,116,H,2019-01-03,2021-01-02,Bill,Posey,Bill Posey,,FL,8,200,200,
v0.1.0,1.1.0,P000601,116,H,2019-01-03,2021-01-02,Steven,Palazzo,Steven M. Palazzo,,MS,4,200,200,
v0.1.0,1.1.0,P000604,116,H,2019-01-03,2021-01-02,Donald,Payne,"Donald M. Payne, Jr.",,NJ,10,100,100,
v0.1.0,1.1.0,P000605,116,H,2019-01-03,2021-01-02,Scott,Perry,Scott Perry,,PA,10,200,200,
v0.1.0,1.1.0,P000607,116,H,2019-01-03,2021-01-02,Mark,Pocan,Mark Pocan,,WI,2,100,100,
v0.1.0,1.1.0,P000608,116,H,2019-01-03,2021-01-02,Scott,Peters,Scott H. Peters,,CA,52,100,100,
v0.1.0,1.1.0,P000609,116,H,2019-01-03,2021-01-02,Gary,Palmer,Gary J. Palmer,,AL,6,200,200,
v0.1.0,1.1.0,P000610,116,H,2019-01-03,2021-01-02,Stacey,Plaskett,Stacey E. Plaskett,,VI,0,100,100,
v0.1.0,1.1.0,P000613,116,H,2019-01-03,2021-01-02,Jimmy,Panetta,Jimmy Panetta,,CA,20,100,100,
v0.1.0,1.1.0,P000614,116,H,2019-01-03,2021-01-02,Chris,Pappas,Chris Pappas,,NH,1,100,100,
v0.1.0,1.1.0,P000615,116,H,2019-01-03,2021-01-02,Greg,Pence,Greg Pence,,IN,6,200,200,
v0.1.0,1.1.0,P000616,116,H,2019-01-03,2021-01-02,Dean,Phillips,Dean Phillips,,MN,3,100,100,
v0.1.0,1.1.0,P000617,116,H,2019-01-03,2021-01-02,Ayanna,Pressley,Ayanna Pressley,,MA,7,100,100,
v0.1.0,1.1.0,P000618,116,H,2019-01-03,2021-01-02,Katie,Porter,Katie Porter,,CA,45,100,100,
v0.1.0,1.1.0,Q000023,116,H,2019-01-03,2021-01-02,Mike,Quigley,Mike Quigley,,IL,5,100,100,
v0.1.0,1.1.0,R000395,116,H,2019-01-03,2021-01-02,Harold,Rogers,Harold Rogers,Hal,KY,5,200,200,
v0.1.0,1.1.0,R000486,116,H,2019-01-03,2021-01-02,Lucille,Roybal-Allard,Lucille Roybal-Allard,,CA,40,100,100,
v0.1.0,1.1.0,R000515,116,H,2019-01-03,2021-01-02,Bobby,Rush,Bobby L. Rush,,IL,1,100,100,
v0.1.0,1.1.0,R000575,116,H,2019-01-03,2021-01-02,Mike,Rogers,Mike Rogers,,AL,3,200,200,
v0.1.0,1.1.0,R000576,116,H,2019-01-03,2021-01-02,C.,Ruppersberger,C. A. Dutch Ruppersberger,,MD,2,100,100,
v0.1.0,1.1.0,R000577,116,H,2019-01-03,2021-01-02,Tim,Ryan,Tim Ryan,,OH,13,100,100,
v0.1.0,1.1.0,R000582,116,H,2019-01-03,2021-01-02,David,Roe,David P. Roe,Phil,TN,1,200,200,
v0.1.0,1.1.0,R000585,116,H,2019-01-03,2021-01-02,Tom,Reed,Tom Reed,,NY,23,200,200,
v0.1.0,1.1.0,R000588,116,H,2019-01-03,2021-01-02,Cedric,Richmond,Cedric L. Richmond,,LA,2,100,100,
v0.1.0,1.1.0,R000591,116,H,2019-01-03,2021-01-02,Martha,Roby,Martha Roby,,AL,2,200,200,
v0.1.0,1.1.0,R000597,116,H,2019-01-03,2021-01-02,Tom,Rice,Tom Rice,,SC,7,200,200,
v0.1.0,1.1.0,R000599,116,H,2019-01-03,2021-01-02,Raul,Ruiz,Raul Ruiz,,CA,36,100,100,
v0.1.0,1.1.0,R000600,116,H,2019-01-03,2021-01-02,Aumua Amata,Radewagen,Aumua Amata Coleman Radewagen,,AS,0,200,200,
v0.1.0,1.1.0,R000601,116,H,2019-01-03,2020-05-21,John,Ratcliffe,John Ratcliffe,,TX,4,200,200,
v0.1.0,1.1.0,R000602,116,H,2019-01-03,2021-01-02,Kathleen,Rice,Kathleen M. Rice,,NY,4,100,100,
v0.1.0,1.1.0,R000603,116,H,2019-01-03,2021-01-02,David,Rouzer,David Rouzer,,NC,7,200,200,
v0.1.0,1.1.0,R000606,116,H,2019-01-03,2021-01-02,Jamie,Raskin,Jamie Raskin,,MD,8,100,100,
v0.1.0,1.1.0,R000607,116,H,2019-01-03,2021-01-02,Francis,Rooney,Francis Rooney,,FL,19,200,200,
v0.1.0,1.1.0,R000609,116,H,2019-01-03,2021-01-02,John,Rutherford,John H. Rutherford,,FL,4,200,200,
v0.1.0,1.1.0,R000610,116,H,2019-01-03,2021-01-02,Guy,Reschenthaler,Guy Reschenthaler,,PA,14,200,200,
v0.1.0,1.1.0,R000611,116,H,2019-01-03,2021-01-02,Denver,Riggleman,Denver Riggleman,,VA,5,200,200,
v0.1.0,1.1.0,R000612,116,H,2019-01-03,2021-01-02,John,Rose,John W. Rose,,TN,6,200,200,
v0.1.0,1.1.0,R000613,116,H,2019-01-03,2021-01-02,Max,Rose,Max Rose,,NY,11,100,100,
v0.1.0,1.1.0,R000614,116,H,2019-01-03,2021-01-02,Chip,Roy,Chip Roy,,TX,21,200,200,
v0.1.0,1.1.0,R000616,116,H,2019-01-03,2021-01-02,Harley,Rouda,Harley Rouda,,CA,48,100,100,
v0.1.0,1.1.0,S000185,116,H,2019-01-03,2021-01-02,Robert,Scott,"Robert C. ""Bobby"" Scott",Bobby,VA,3,100,100,
v0.1.0,1.1.0,S000244,116,H,2019-01-03,2021-01-02,F.,Sensenbrenner,"F. James Sensenbrenner, Jr.",,WI,5,200,200,
v0.1.0,1.1.0,S000248,116,H,2019-01-03,2021-01-02,José,Serrano,José E. Serrano,,NY,15,100,100,
v0.1.0,1.1.0,S000344,116,H,2019-01-03,2021-01-02,Brad,Sherman,Brad Sherman,,CA,30,100,100,
v0.1.0,1.1.0,S000364,116,H,2019-01-03,2021-01-02,John,Shimkus,John Shimkus,,IL,15,200,200,
v0.1.0,1.1.0,S000510,116,H,2019-01-03,2021-01-02,Adam,Smith,Adam Smith,,WA,9,100,100,
v0.1.0,1.1.0,S000522,116,H,2019-01-03,2021-01-02,Christopher,Smith,Christopher H. Smith,Chris,NJ,4,200,200,
v0.1.0,1.1.0,S001145,116,H,2019-01-03,2021-01-02,Janice,Schakowsky,Janice D. Schakowsky,Jan,IL,9,100,100,
v0.1.0,1.1.0,S001148,116,H,2019-01-03,2021-01-02,Michael,Simpson,Michael K. Simpson,Mike,ID,2,200,200,
v0.1.0,1.1.0,S001150,116,H,2019-01-03,2021-01-02,Adam,Schiff,Adam B. Schiff,,CA,28,100,100,
v0.1.0,1.1.0,S001156,116,H,2019-01-03,2021-01-02,Linda,Sánchez,Linda T. Sánchez,,CA,38,100,100,
v0.1.0,1.1.0,S001157,116,H,2019-01-03,2021-01-02,David,Scott,David Scott,,GA,13,100,100,
v0.1.0,1.1.0,S001165,116,H,2019-01-03,2021-01-02,Albio,Sires,Albio Sires,,NJ,8,100,100,
v0.1.0,1.1.0,S001168,116,H,2019-01-03,2021-01-02,John,Sarbanes,John P. Sarbanes,,MD,3,100,100,
v0.1.0,1.1.0,S001172,116,H,2019-01-03,2021-01-02,Adrian,Smith,Adrian Smith,,NE,3,200,200,
v0.1.0,1.1.0,S001175,116,H,2019-01-03,2021-01-02,Jackie,Speier,Jackie Speier,,CA,14,100,100,
v0.1.0,1.1.0,S001176,116,H,2019-01-03,2021-01-02,Steve,Scalise,Steve Scalise,,LA,1,200,200,
v0.1.0,1.1.0,S001177,116,H,2019-01-03,2021-01-02,Gregorio,Sablan,Gregorio Kilili Camacho Sablan,,MP,0,100,100,
v0.1.0,1.1.0,S001180,116,H,2019-01-03,2021-01-02,Kurt,Schrader,Kurt Schrader,,OR,5,100,100,
v0.1.0,1.1.0,S001183,116,H,2019-01-03,2021-01-02,David,Schweikert,David Schweikert,,AZ,6,200,200,
v0.1.0,1.1.0,S001185,116,H,2019-01-03,2021-01-02,Terri,Sewell,Terri A. Sewell,,AL,7,100,100,
v0.1.0,1.1.0,S001187,116,H,2019-01-03,2021-01-02,Steve,Stivers,Steve Stivers,,OH,15,200,200,
v0.1.0,1.1.0,S001189,116,H,2019-01-03,2021-01-02,Austin,Scott,Austin Scott,,GA,8,200,200,
v0.1.0,1.1.0,S001190,116,H,2019-01-03,2021-01-02,Bradley,Schneider,Bradley Scott Schneider,Brad,IL,10,100,100,
v0.1.0,1.1.0,S001192,116,H,2019-01-03,2021-01-02,Chris,Stewart,Chris Stewart,,UT,2,200,200,
v0.1.0,1.1.0,S001193,116,H,2019-01-03,2021-01-02,Eric,Swalwell,Eric Swalwell,,CA,15,100,100,
v0.1.0,1.1.0,S001195,116,H,2019-01-03,2021-01-02,Jason,Smith,Jason Smith,,MO,8,200,200,
v0.1.0,1.1.0,S001196,116,H,2019-01-03,2021-01-02,Elise,Stefanik,Elise M. Stefanik,,NY,21,200,200,
v0.1.0,1.1.0,S001199,116,H,2019-01-03,2021-01-02,Lloyd,Smucker,Lloyd Smucker,,PA,11,200,200,
v0.1.0,1.1.0,S001200,116,H,2019-01-03,2021-01-02,Darren,Soto,Darren Soto,,FL,9,100,100,
v0.1.0,1.1.0,S001201,116,H,2019-01-03,2021-01-02,Thomas,Suozzi,Thomas R. Suozzi,,NY,3,100,100,
v0.1.0,1.1.0,S001204,116,H,2019-01-03,2021-01-02,Michael,San Nicolas,Michael F. Q. San Nicolas,,GU,0,100,100,
v0.1.0,1.1.0,S001205,116,H,2019-01-03,2021-01-02,Mary,Scanlon,Mary Gay Scanlon,,PA,5,100,100,
v0.1.0,1.1.0,S001206,116,H,2019-01-03,2021-01-02,Donna,Shalala,Donna E. Shalala,,FL,27,100,100,
v0.1.0,1.1.0,S001207,116,H,2019-01-03,2021-01-02,Mikie,Sherrill,Mikie Sherrill,,NJ,11,100,100,
v0.1.0,1.1.0,S001208,116,H,2019-01-03,2021-01-02,Elissa,Slotkin,Elissa Slotkin,,MI,8,100,100,
v0.1.0,1.1.0,S001209,116,H,2019-01-03,2021-01-02,Abigail,Spanberger,Abigail Davis Spanberger,,VA,7,100,100,
v0.1.0,1.1.0,S001210,116,H,2019-01-03,2021-01-02,Ross,Spano,Ross Spano,,FL,15,200,200,
v0.1.0,1.1.0,S001211,116,H,2019-01-03,2021-01-02,Greg,Stanton,Greg Stanton,,AZ,9,100,100,
v0.1.0,1.1.0,S001212,116,H,2019-01-03,2021-01-02,Pete,Stauber,Pete Stauber,,MN,8,200,200,
v0.1.0,1.1.0,S001213,116,H,2019-01-03,2021-01-02,Bryan,Steil,Bryan Steil,,WI,1,200,200,
v0.1.0,1.1.0,S001214,116,H,2019-01-03,2021-01-02,W.,Steube,W. Gregory Steube,,FL,17,200,200,
v0.1.0,1.1.0,S001215,116,H,2019-01-03,2021-01-02,Haley,Stevens,Haley M. Stevens,,MI,11,100,100,
v0.1.0,1.1.0,S001216,116,H,2019-01-03,2021-01-02,Kim,Schrier,Kim Schrier,,WA,8,100,100,
v0.1.0,1.1.0,T000165,116,H,2020-05-19,2021-01-02,Thomas,Tiffany,Thomas P. Tiffany,,WI,7,200,200,
v0.1.0,1.1.0,T000193,116,H,2019-01-03,2021-01-02,Bennie,Thompson,Bennie G. Thompson,,MS,2,100,100,
v0.1.0,1.1.0,T000238,116,H,2019-01-03,2021-01-02,Mac,Thornberry,Mac Thornberry,,TX,13,200,200,
v0.1.0,1.1.0,T000460,116,H,2019-01-03,2021-01-02,Mike,Thompson,Mike Thompson,,CA,5,100,100,
v0.1.0,1.1.0,T000463,116,H,2019-01-03,2021-01-02,Michael,Turner,Michael R. Turner,,OH,10,200,200,
v0.1.0,1.1.0,T000467,116,H,2019-01-03,2021-01-02,Glenn,Thompson,Glenn Thompson,,PA,15,200,200,
v0.1.0,1.1.0,T000468,116,H,2019-01-03,2021-01-02,Dina,Titus,Dina Titus,,NV,1,100,100,
v0.1.0,1.1.0,T000469,116,H,2019-01-03,2021-01-02,Paul,Tonko,Paul Tonko,,NY,20,100,100,
v0.1.0,1.1.0,T000470,116,H,2019-01-03,2021-01-02,Scott,Tipton,Scott R. Tipton,,CO,3,200,200,
v0.1.0,1.1.0,T000472,116,H,2019-01-03,2021-01-02,Mark,Takano,Mark Takano,,CA,41,100,100,
v0.1.0,1.1.0,T000474,116,H,2019-01-03,2021-01-02,Norma,Torres,Norma J. Torres,,CA,35,100,100,
v0.1.0,1.1.0,T000479,116,H,2019-01-03,2021-01-02,Van,Taylor,Van Taylor,,TX,3,200,200,
v0.1.0,1.1.0,T000480,116,H,2019-01-03,2021-01-02,William,Timmons,William R. Timmons IV,,SC,4,200,200,
v0.1.0,1.1.0,T000481,116,H,2019-01-03,2021-01-02,Rashida,Tlaib,Rashida Tlaib,,MI,13,100,100,
v0.1.0,1.1.0,T000482,116,H,2019-01-03,2021-01-02,Lori,Trahan,Lori Trahan,,MA,3,100,100,
v0.1.0,1.1.0,T000483,116,H,2019-01-03,2021-01-02,David,Trone,David J. Trone,,MD,6,100,100,
v0.1.0,1.1.0,T000484,116,H,2019-01-03,2021-01-02,Xochitl,Torres Small,Xochitl Torres Small,,NM,2,100,100,
v0.1.0,1.1.0,U000031,116,H,2019-01-03,2021-01-02,Fred,Upton,Fred Upton,,MI,6,200,200,
v0.1.0,1.1.0,U000040,116,H,2019-01-03,2021-01-02,Lauren,Underwood,Lauren Underwood,,IL,14,100,100,
v0.1.0,1.1.0,V000081,116,H,2019-01-03,2021-01-02,Nydia,Velázquez,Nydia M. Velázquez,,NY,7,100,100,
v0.1.0,1.1.0,V000108,116,H,2019-01-03,2021-01-02,Peter,Visclosky,Peter J. Visclosky,,IN,1,100,100,
v0.1.0,1.1.0,V000130,116,H,2019-01-03,2021-01-02,Juan,Vargas,Juan Vargas,,CA,51,100,100,
v0.1.0,1.1.0,V000131,116,H,2019-01-03,2021-01-02,Marc,Veasey,Marc A. Veasey,,TX,33,100,100,
v0.1.0,1.1.0,V000132,116,H,2019-01-03,2021-01-02,Filemon,Vela,Filemon Vela,,TX,34,100,100,
v0.1.0,1.1.0,V000133,116,H,2019-01-03,2021-01-02,Jefferson,Van Drew,Jefferson Van Drew,,NJ,2,200,200,
v0.1.0,1.1.0,W000187,116,H,2019-01-03,2021-01-02,Maxine,Waters,Maxine Waters,,CA,43,100,100,
v0.1.0,1.1.0,W000791,116,H,2019-01-03,2021-01-02,Greg,Walden,Greg Walden,,OR,2,200,200,
v0.1.0,1.1.0,W000795,116,H,2019-01-03,2021-01-02,Joe,Wilson,Joe Wilson,,SC,2,200,200,
v0.1.0,1.1.0,W000797,116,H,2019-01-03,2021-01-02,Debbie,Wasserman Schultz,Debbie Wasserman Schultz,,FL,23,100,100,
v0.1.0,1.1.0,W000798,116,H,2019-01-03,2021-01-02,Tim,Walberg,Tim Walberg,,MI,7,200,200,
v0.1.0,1.1.0,W000800,116,H,2019-01-03,2021-01-02,Peter,Welch,Peter Welch,,VT,0,100,100,
v0.1.0,1.1.0,W000804,116,H,2019-01-03,2021-01-02,Robert,Wittman,Robert J. Wittman,,VA,1,200,200,
v0.1.0,1.1.0,W000806,116,H,2019-01-03,2021-01-02,Daniel,Webster,Daniel Webster,,FL,11,200,200,
v0.1.0,1.1.0,W000808,116,H,2019-01-03,2021-01-02,Frederica,Wilson,Frederica S. Wilson,,FL,24,100,100,
v0.1.0,1.1.0,W000809,116,H,2019-01-03,2021-01-02,Steve,Womack,Steve Womack,,AR,3,200,200,
v0.1.0,1.1.0,W000810,116,H,2019-01-03,2021-01-02,Rob,Woodall,Rob Woodall,,GA,7,200,200,
v0.1.0,1.1.0,W000812,116,H,2019-01-03,2021-01-02,Ann,Wagner,Ann Wagner,,MO,2,200,200,
v0.1.0,1.1.0,W000813,116,H,2019-01-03,2021-01-02,Jackie,Walorski,Jackie Walorski,,IN,2,200,200,
v0.1.0,1.1.0,W000814,116,H,2019-01-03,2021-01-02,Randy,Weber,"Randy K. Weber, Sr.",,TX,14,200,200,
v0.1.0,1.1.0,W000815,116,H,2019-01-03,2021-01-02,Brad,Wenstrup,Brad R. Wenstrup,,OH,2,200,200,
v0.1.0,1.1.0,W000816,116,H,2019-01-03,2021-01-02,Roger,Williams,Roger Williams,,TX,25,200,200,
v0.1.0,1.1.0,W000819,116,H,2019-01-03,2021-01-02,Mark,Walker,Mark Walker,,NC,6,200,200,
v0.1.0,1.1.0,W000821,116,H,2019-01-03,2021-01-02,Bruce,Westerman,Bruce Westerman,,AR,4,200,200,
v0.1.0,1.1.0,W000822,116,H,2019-01-03,2021-01-02,Bonnie,Watson Coleman,Bonnie Watson Coleman,,NJ,12,100,100,
v0.1.0,1.1.0,W000823,116,H,2019-01-03,2021-01-02,Michael,Waltz,Michael Waltz,,FL,6,200,200,
v0.1.0,1.1.0,W000824,116,H,2019-01-03,2021-01-02,Steven,Watkins,Steve Watkins,,KS,2,200,200,
v0.1.0,1.1.0,W000825,116,H,2019-01-03,2021-01-02,Jennifer,Wexton,Jennifer Wexton,,VA,10,100,100,
v0.1.0,1.1.0,W000826,116,H,2019-01-03,2021-01-02,Susan,Wild,Susan Wild,,PA,7,100,100,
v0.1.0,1.1.0,W000827,116,H,2019-01-03,2021-01-02,Ron,Wright,Ron Wright,,TX,6,200,200,
v0.1.0,1.1.0,Y000033,116,H,2019-01-03,2021-01-02,Don,Young,Don Young,,AK,0,200,200,
v0.1.0,1.1.0,Y000062,116,H,2019-01-03,2021-01-02,John,Yarmuth,John A. Yarmuth,,KY,3,100,100,
v0.1.0,1.1.0,Y000065,116,H,2019-01-03,2021-01-02,Ted,Yoho,Ted S. Yoho,,FL,3,200,200,
v0.1.0,1.1.0,Z000017,116,H,2019-01-03,2021-01-02,Lee,Zeldin,Lee M. Zeldin,,NY,1,200,200,
v0.1.0,1.1.0,A000360,116,S,2019-01-03,2021-01-02,Lamar,Alexander,Lamar Alexander,,TN,,200,200,
v0.1.0,1.1.0,B000575,116,S,2019-01-03,2021-01-02,Roy,Blunt,Roy Blunt,,MO,,200,200,
v0.1.0,1.1.0,B000944,116,S,2019-01-03,2021-01-02,Sherrod,Brown,Sherrod Brown,,OH,,100,100,
v0.1.0,1.1.0,B001135,116,S,2019-01-03,2021-01-02,Richard,Burr,Richard Burr,,NC,,200,200,
v0.1.0,1.1.0,B001230,116,S,2019-01-03,2021-01-02,Tammy,Baldwin,Tammy Baldwin,,WI,,100,100,
v0.1.0,1.1.0,B001236,116,S,2019-01-03,2021-01-02,John,Boozman,John Boozman,,AR,,200,200,
v0.1.0,1.1.0,B001243,116,S,2019-01-03,2021-01-02,Marsha,Blackburn,Marsha Blackburn,,TN,,200,200,
v0.1.0,1.1.0,B001261,116,S,2019-01-03,2021-01-02,John,Barrasso,John Barrasso,,WY,,200,200,
v0.1.0,1.1.0,B001267,116,S,2019-01-03,2021-01-02,Michael,Bennet,Michael F. Bennet,,CO,,100,100,
v0.1.0,1.1.0,B001277,116,S,2019-01-03,2021-01-02,Richard,Blumenthal,Richard Blumenthal,,CT,,100,100,
v0.1.0,1.1.0,B001288,116,S,2019-01-03,2021-01-02,Cory,Booker,Cory A. Booker,,NJ,,100,100,
v0.1.0,1.1.0,B001310,116,S,2019-01-03,2021-01-02,Mike,Braun,Mike Braun,,IN,,200,200,
v0.1.0,1.1.0,C000127,116,S,2019-01-03,2021-01-02,Maria,Cantwell,Maria Cantwell,,WA,,100,100,
v0.1.0,1.1.0,C000141,116,S,2019-01-03,2021-01-02,Benjamin,Cardin,Benjamin L. Cardin,,MD,,100,100,
v0.1.0,1.1.0,C000174,116,S,2019-01-03,2021-01-02,Thomas,Carper,Thomas R. Carper,,DE,,100,100,
v0.1.0,1.1.0,C000880,116,S,2019-01-03,2021-01-02,Michael,Crapo,Mike Crapo,Mike,ID,,200,200,
v0.1.0,1.1.0,C001035,116,S,2019-01-03,2021-01-02,Susan,Collins,Susan M. Collins,,ME,,200,200,
v0.1.0,1.1.0,C001047,116,S,2019-01-03,2021-01-02,Shelley,Capito,Shelley Moore Capito,,WV,,200,200,
v0.1.0,1.1.0,C001056,116,S,2019-01-03,2021-01-02,John,Cornyn,John Cornyn,,TX,,200,200,
v0.1.0,1.1.0,C001070,116,S,2019-01-03,2021-01-02,Robert,Casey,"Robert P. Casey, Jr.",Bob,PA,,100,100,
v0.1.0,1.1.0,C001075,116,S,2019-01-03,2021-01-02,Bill,Cassidy,Bill Cassidy,,LA,,200,200,
v0.1.0,1.1.0,C001088,116,S,2019-01-03,2021-01-02,Christopher,Coons,Christopher A. Coons,,DE,,100,100,
v0.1.0,1.1.0,C001095,116,S,2019-01-03,2021-01-02,Tom,Cotton,Tom Cotton,,AR,,200,200,
v0.1.0,1.1.0,C001096,116,S,2019-01-03,2021-01-02,Kevin,Cramer,Kevin Cramer,,ND,,200,200,
v0.1.0,1.1.0,C001098,116,S,2019-01-03,2021-01-02,Ted,Cruz,Ted Cruz,,TX,,200,200,
v0.1.0,1.1.0,C001113,116,S,2019-01-03,2021-01-02,Catherine,Cortez Masto,Catherine Cortez Masto,,NV,,100,100,
v0.1.0,1.1.0,D000563,116,S,2019-01-03,2021-01-02,Richard,Durbin,Richard J. Durbin,,IL,,100,100,
v0.1.0,1.1.0,D000618,116,S,2019-01-03,2021-01-02,Steve,Daines,Steve Daines,,MT,,200,200,
v0.1.0,1.1.0,D000622,116,S,2019-01-03,2021-01-02,Tammy,Duckworth,Tammy Duckworth,,IL,,100,100,
v0.1.0,1.1.0,E000285,116,S,2019-01-03,2021-01-02,Michael,Enzi,Michael B. Enzi,,WY,,200,200,
v0.1.0,1.1.0,E000295,116,S,2019-01-03,2021-01-02,Joni,Ernst,Joni Ernst,,IA,,200,200,
v0.1.0,1.1.0,F000062,116,S,2019-01-03,2021-01-02,Dianne,Feinstein,Dianne Feinstein,,CA,,100,100,
v0.1.0,1.1.0,F000463,116,S,2019-01-03,2021-01-02,Deb,Fischer,Deb Fischer,,NE,,200,200,
v0.1.0,1.1.0,G000359,116,S,2019-01-03,2021-01-02,Lindsey,Graham,Lindsey Graham,,SC,,200,200,
v0.1.0,1.1.0,G000386,116,S,2019-01-03,2021-01-02,Charles,Grassley,Chuck Grassley,Chuck,IA,,200,200,
v0.1.0,1.1.0,G000555,116,S,2019-01-03,2021-01-02,Kirsten,Gillibrand,Kirsten E. Gillibrand,,NY,,100,100,
v0.1.0,1.1.0,G000562,116,S,2019-01-03,2021-01-02,Cory,Gardner,Cory Gardner,,CO,,200,200,
v0.1.0,1.1.0,H001042,116,S,2019-01-03,2021-01-02,Mazie,Hirono,Mazie K. Hirono,,HI,,100,100,
v0.1.0,1.1.0,H001046,116,S,2019-01-03,2021-01-02,Martin,Heinrich,Martin Heinrich,,NM,,100,100,
v0.1.0,1.1.0,H001061,116,S,2019-01-03,2021-01-02,John,Hoeven,John Hoeven,,ND,,200,200,
v0.1.0,1.1.0,H001075,116,S,2019-01-03,2021-01-02,Kamala,Harris,Kamala D. Harris,,CA,,100,100,
v0.1.0,1.1.0,H001076,116,S,2019-01-03,2021-01-02,Margaret,Hassan,Margaret Wood Hassan,Maggie,NH,,100,100,
v0.1.0,1.1.0,H001079,116,S,2019-01-03,2021-01-02,Cindy,Hyde-Smith,Cindy Hyde-Smith,,MS,,200,200,
v0.1.0,1.1.0,H001089,116,S,2019-01-03,2021-01-02,Joshua,Hawley,Josh Hawley,Josh,MO,,200,200,
v0.1.0,1.1.0,I000024,116,S,2019-01-03,2021-01-02,James,Inhofe,James M. Inhofe,Jim,OK,,200,200,
v0.1.0,1.1.0,I000055,116,S,2019-01-03,2019-12-30,John,Isakson,Johnny Isakson,Johnny,GA,,200,200,
v0.1.0,1.1.0,J000293,116,S,2019-01-03,2021-01-02,Ron,Johnson,Ron Johnson,,WI,,200,200,
v0.1.0,1.1.0,J000300,116,S,2019-01-03,2021-01-02,Doug,Jones,Doug Jones,,AL,,100,100,
v0.1.0,1.1.0,K000367,116,S,2019-01-03,2021-01-02,Amy,Klobuchar,Amy Klobuchar,,MN,,100,100,
v0.1.0,1.1.0,K000377,116,S,2020-12-02,2021-01-02,Mark,Kelly,Mark Kelly,,AZ,,100,100,
v0.1.0,1.1.0,K000383,116,S,2019-01-03,2021-01-02,Angus,King,"Angus S. King, Jr.",,ME,,328,328,
v0.1.0,1.1.0,K000384,116,S,2019-01-03,2021-01-02,Timothy,Kaine,Tim Kaine,Tim,VA,,100,100,
v0.1.0,1.1.0,K000393,116,S,2019-01-03,2021-01-02,John,Kennedy,John Kennedy,,LA,,200,200,
v0.1.0,1.1.0,L000174,116,S,2019-01-03,2021-01-02,Patrick,Leahy,Patrick J. Leahy,,VT,,100,100,
v0.1.0,1.1.0,L000575,116,S,2019-01-03,2021-01-02,James,Lankford,James Lankford,,OK,,200,200,
v0.1.0,1.1.0,L000577,116,S,2019-01-03,2021-01-02,Mike,Lee,Mike Lee,,UT,,200,200,
v0.1.0,1.1.0,L000594,116,S,2020-01-06,2021-01-02,Kelly,Loeffler,Kelly Loeffler,,GA,,200,200,
v0.1.0,1.1.0,M000133,116,S,2019-01-03,2021-01-02,Edward,Markey,Edward J. Markey,Ed,MA,,100,100,
v0.1.0,1.1.0,M000355,116,S,2019-01-03,2021-01-02,Mitch,McConnell,Mitch McConnell,,KY,,200,200,
v0.1.0,1.1.0,M000639,116,S,2019-01-03,2021-01-02,Robert,Menendez,Robert Menendez,Bob,NJ,,100,100,
v0.1.0,1.1.0,M000934,116,S,2019-01-03,2021-01-02,Jerry,Moran,Jerry Moran,,KS,,200,200,
v0.1.0,1.1.0,M001111,116,S,2019-01-03,2021-01-02,Patty,Murray,Patty Murray,,WA,,100,100,
v0.1.0,1.1.0,M001153,116,S,2019-01-03,2021-01-02,Lisa,Murkowski,Lisa Murkowski,,AK,,200,200,
v0.1.0,1.1.0,M001169,116,S,2019-01-03,2021-01-02,Christopher,Murphy,Christopher Murphy,,CT,,100,100,
v0.1.0,1.1.0,M001176,116,S,2019-01-03,2021-01-02,Jeff,Merkley,Jeff Merkley,,OR,,100,100,
v0.1.0,1.1.0,M001183,116,S,2019-01-03,2021-01-02,Joe,Manchin,"Joe Manchin, III",,WV,,328,328,
v0.1.0,1.1.0,M001197,116,S,2019-01-03,2020-12-01,Martha,McSally,Martha McSally,,AZ,,200,200,
v0.1.0,1.1.0,P000449,116,S,2019-01-03,2021-01-02,Robert,Portman,Rob Portman,Rob,OH,,200,200,
v0.1.0,1.1.0,P000595,116,S,2019-01-03,2021-01-02,Gary,Peters,Gary C. Peters,,MI,,100,100,
v0.1.0,1.1.0,P000603,116,S,2019-01-03,2021-01-02,Rand,Paul,Rand Paul,,KY,,200,200,
v0.1.0,1.1.0,P000612,116,S,2019-01-03,2021-01-02,David,Perdue,David Perdue,,GA,,200,200,
v0.1.0,1.1.0,R000122,116,S,2019-01-03,2021-01-02,John,Reed,Jack Reed,Jack,RI,,100,100,
v0.1.0,1.1.0,R000307,116,S,2019-01-03,2021-01-02,Pat,Roberts,Pat Roberts,,KS,,200,200,
v0.1.0,1.1.0,R000584,116,S,2019-01-03,2021-01-02,James,Risch,James E. Risch,,ID,,200,200,
v0.1.0,1.1.0,R000595,116,S,2019-01-03,2021-01-02,Marco,Rubio,Marco Rubio,,FL,,200,200,
v0.1.0,1.1.0,R000605,116,S,2019-01-03,2021-01-02,Mike,Rounds,Mike Rounds,,SD,,200,200,
v0.1.0,1.1.0,R000608,116,S,2019-01-03,2021-01-02,Jacky,Rosen,Jacky Rosen,,NV,,100,100,
v0.1.0,1.1.0,R000615,116,S,2019-01-03,2021-01-02,Mitt,Romney,Mitt Romney,,UT,,200,200,
v0.1.0,1.1.0,S000033,116,S,2019-01-03,2021-01-02,Bernard,Sanders,Bernard Sanders,Bernie,VT,,328,328,
v0.1.0,1.1.0,S000148,116,S,2019-01-03,2021-01-02,Charles,Schumer,Charles E. Schumer,Chuck,NY,,100,100,
v0.1.0,1.1.0,S000320,116,S,2019-01-03,2021-01-02,Richard,Shelby,Richard C. Shelby,,AL,,200,200,
v0.1.0,1.1.0,S000770,116,S,2019-01-03,2021-01-02,Debbie,Stabenow,Debbie Stabenow,,MI,,100,100,
v0.1.0,1.1.0,S001181,116,S,2019-01-03,2021-01-02,Jeanne,Shaheen,Jeanne Shaheen,,NH,,100,100,
v0.1.0,1.1.0,S001184,116,S,2019-01-03,2021-01-02,Tim,Scott,Tim Scott,,SC,,200,200,
v0.1.0,1.1.0,S001191,116,S,2019-01-03,2021-01-02,Kyrsten,Sinema,Kyrsten Sinema,,AZ,,328,328,
v0.1.0,1.1.0,S001194,116,S,2019-01-03,2021-01-02,Brian,Schatz,Brian Schatz,,HI,,100,100,
v0.1.0,1.1.0,S001197,116,S,2019-01-03,2021-01-02,Benjamin,Sasse,Ben Sasse,Ben,NE,,200,200,
v0.1.0,1.1.0,S001198,116,S,2019-01-03,2021-01-02,Dan,Sullivan,Dan Sullivan,,AK,,200,200,
v0.1.0,1.1.0,S001203,116,S,2019-01-03,2021-01-02,Tina,Smith,Tina Smith,,MN,,100,100,
v0.1.0,1.1.0,S001217,116,S,2019-01-08,2021-01-02,Rick,Scott,Rick Scott,,FL,,200,200,
v0.1.0,1.1.0,T000250,116,S,2019-01-03,2021-01-02,John,Thune,John Thune,,SD,,200,200,
v0.1.0,1.1.0,T000461,116,S,2019-01-03,2021-01-02,Patrick,Toomey,Patrick J. Toomey,Pat,PA,,200,200,
v0.1.0,1.1.0,T000464,116,S,2019-01-03,2021-01-02,Jon,Tester,Jon Tester,,MT,,100,100,
v0.1.0,1.1.0,T000476,116,S,2019-01-03,2021-01-02,Thom,Tillis,Thom Tillis,,NC,,200,200,
v0.1.0,1.1.0,U000039,116,S,2019-01-03,2021-01-02,Tom,Udall,Tom Udall,,NM,,100,100,
v0.1.0,1.1.0,V000128,116,S,2019-01-03,2021-01-02,Chris,Van Hollen,Chris Van Hollen,,MD,,100,100,
v0.1.0,1.1.0,W000437,116,S,2019-01-03,2021-01-02,Roger,Wicker,Roger F. Wicker,,MS,,200,200,
v0.1.0,1.1.0,W000779,116,S,2019-01-03,2021-01-02,Ron,Wyden,Ron Wyden,,OR,,100,100,
v0.1.0,1.1.0,W000802,116,S,2019-01-03,2021-01-02,Sheldon,Whitehouse,Sheldon Whitehouse,,RI,,100,100,
v0.1.0,1.1.0,W000805,116,S,2019-01-03,2021-01-02,Mark,Warner,Mark R. Warner,,VA,,100,100,
v0.1.0,1.1.0,W000817,116,S,2019-01-03,2021-01-02,Elizabeth,Warren,Elizabeth Warren,,MA,,100,100,
v0.1.0,1.1.0,Y000064,116,S,2019-01-03,2021-01-02,Todd,Young,Todd Young,,IN,,200,200,
v0.1.0,1.1.0,A000055,117,H,2021-01-03,2023-01-02,Robert,Aderholt,Robert B. Aderholt,,AL,4,200,200,
v0.1.0,1.1.0,A000148,117,H,2021-01-03,2023-01-02,Jake,Auchincloss,Jake Auchincloss,,MA,4,100,100,
v0.1.0,1.1.0,A000369,117,H,2021-01-03,2023-01-02,Mark,Amodei,Mark E. Amodei,,NV,2,200,200,
v0.1.0,1.1.0,A000370,117,H,2021-01-03,2023-01-02,Alma,Adams,Alma S. Adams,,NC,12,100,100,
v0.1.0,1.1.0,A000371,117,H,2021-01-03,2023-01-02,Pete,Aguilar,Pete Aguilar,,CA,31,100,100,
v0.1.0,1.1.0,A000372,117,H,2021-01-03,2023-01-02,Rick,Allen,Rick W. Allen,,GA,12,200,200,
v0.1.0,1.1.0,A000375,117,H,2021-01-03,2023-01-02,Jodey,Arrington,Jodey C. Arrington,,TX,19,200,200,
v0.1.0,1.1.0,A000376,117,H,2021-01-03,2023-01-02,Colin,Allred,Colin Z. Allred,,TX,32,100,100,
v0.1.0,1.1.0,A000377,117,H,2021-01-03,2023-01-02,Kelly,Armstrong,Kelly Armstrong,,ND,0,200,200,
v0.1.0,1.1.0,A000378,117,H,2021-01-03,2023-01-02,Cynthia,Axne,Cynthia Axne,,IA,3,100,100,
v0.1.0,1.1.0,B000490,117,H,2021-01-03,2023-01-02,Sanford,Bishop,"Sanford D. Bishop, Jr.",,GA,2,100,100,
v0.1.0,1.1.0,B000574,117,H,2021-01-03,2023-01-02,Earl,Blumenauer,Earl Blumenauer,,OR,3,100,100,
v0.1.0,1.1.0,B000668,117,H,2021-01-03,2023-01-02,Cliff,Bentz,Cliff Bentz,,OR,2,200,200,
v0.1.0,1.1.0,B000740,117,H,2021-01-03,2023-01-02,Stephanie,Bice,Stephanie I. Bice,,OK,5,200,200,
v0.1.0,1.1.0,B000755,117,H,2021-01-03,2023-01-02,Kevin,Brady,Kevin Brady,,TX,8,200,200,
v0.1.0,1.1.0,B000825,117,H,2021-01-03,2023-01-02,Lauren,Boebert,Lauren Boebert,,CO,3,200,200,
v0.1.0,1.1.0,B001223,117,H,2021-01-03,2023-01-02,Jamaal,Bowman,Jamaal Bowman,,NY,16,100,100,
v0.1.0,1.1.0,B001224,117,H,2021-01-03,2023-01-02,Cori,Bush,Cori Bush,,MO,1,100,100,
v0.1.0,1.1.0,B001248,117,H,2021-01-03,2023-01-02,Michael,Burgess,Michael C. Burgess,,TX,26,200,200,
v0.1.0,1.1.0,B001251,117,H,2021-01-03,2022-12-29,George,Butterfield,G. K. Butterfield,G.K.,NC,1,100,100,
v0.1.0,1.1.0,B001257,117,H,2021-01-03,2023-01-02,Gus,Bilirakis,Gus M. Bilirakis,,FL,12,200,200,
v0.1.0,1.1.0,B001260,117,H,2021-01-03,2023-01-02,Vern,Buchanan,Vern Buchanan,,FL,16,200,200,
v0.1.0,1.1.0,B001270,117,H,2021-01-03,2023-01-02,Karen,Bass,Karen Bass,,CA,37,100,100,
v0.1.0,1.1.0,B001274,117,H,2021-01-03,2023-01-02,Mo,Brooks,Mo Brooks,,AL,5,200,200,
v0.1.0,1.1.0,B001275,117,H,2021-01-03,2023-01-02,Larry,Bucshon,Larry Bucshon,,IN,8,200,200,
v0.1.0,1.1.0,B001278,117,H,2021-01-03,2023-01-02,Suzanne,Bonamici,Suzanne Bonamici,,OR,1,100,100,
v0.1.0,1.1.0,B001281,117,H,2021-01-03,2023-01-02,Joyce,Beatty,Joyce Beatty,,OH,3,100,100,
v0.1.0,1.1.0,B001282,117,H,2021-01-03,2023-01-02,Garland,Barr,Andy Barr,Andy,KY,6,200,200,
v0.1.0,1.1.0,B001285,117,H,2021-01-03,2023-01-02,Julia,Brownley,Julia Brownley,,CA,26,100,100,
v0.1.0,1.1.0,B001286,117,H,2021-01-03,2023-01-02,Cheri,Bustos,Cheri Bustos,,IL,17,100,100,
v0.1.0,1.1.0,B001287,117,H,2021-01-03,2023-01-02,Ami,Bera,Ami Bera,,CA,7,100,100,
v0.1.0,1.1.0,B001291,117,H,2021-01-03,2023-01-02,Brian,Babin,Brian Babin,,TX,36,200,200,
v0.1.0,1.1.0,B001292,117,H,2021-01-03,2023-01-02,Donald,Beyer,"Donald S. Beyer, Jr.",,VA,8,100,100,
v0.1.0,1.1.0,B001295,117,H,2021-01-03,2023-01-02,Mike,Bost,Mike Bost,,IL,12,200,200,
v0.1.0,1.1.0,B001296,117,H,2021-01-03,2023-01-02,Brendan,Boyle,Brendan F. Boyle,,PA,2,100,100,
v0.1.0,1.1.0,B001297,117,H,2021-01-03,2023-01-02,Ken,Buck,Ken Buck,,CO,4,200,200,
v0.1.0,1.1.0,B001298,117,H,2021-01-03,2023-01-02,Don,Bacon,Don Bacon,,NE,2,200,200,
v0.1.0,1.1.0,B001299,117,H,2021-01-03,2023-01-02,Jim,Banks,Jim Banks,,IN,3,200,200,
v0.1.0,1.1.0,B001300,117,H,2021-01-03,2023-01-02,Nanette,Barragán,Nanette Diaz Barragán,,CA,44,100,100,
v0.1.0,1.1.0,B001301,117,H,2021-01-03,2023-01-02,Jack,Bergman,Jack Bergman,,MI,1,200,200,
v0.1.0,1.1.0,B001302,117,H,2021-01-03,2023-01-02,Andy,Biggs,Andy Biggs,,AZ,5,200,200,
v0.1.0,1.1.0,B001303,117,H,2021-01-03,2023-01-02,Lisa,Blunt Rochester,Lisa Blunt Rochester,,DE,0,100,100,
v0.1.0,1.1.0,B001304,117,H,2021-01-03,2023-01-02,Anthony,Brown,Anthony G. Brown,,MD,4,100,100,
v0.1.0,1.1.0,B001305,117,H,2021-01-03,2023-01-02,Ted,Budd,Ted Budd,,NC,13,200,200,
v0.1.0,1.1.0,B001306,117,H,2021-01-03,2023-01-02,Troy,Balderson,Troy Balderson,,OH,12,200,200,
v0.1.0,1.1.0,B001307,117,H,2021-01-03,2023-01-02,James,Baird,James R. Baird,,IN,4,200,200,
v0.1.0,1.1.0,B001309,117,H,2021-01-03,2023-01-02,Tim,Burchett,Tim Burchett,,TN,2,200,200,
v0.1.0,1.1.0,B001311,117,H,2021-01-03,2023-01-02,Dan,Bishop,Dan Bishop,,NC,9,200,200,
v0.1.0,1.1.0,B001312,117,H,2021-01-03,2023-01-02,Carolyn,Bourdeaux,Carolyn Bourdeaux,,GA,7,100,100,
v0.1.0,1.1.0,B001313,117,H,2021-11-04,2023-01-02,Shontel,Brown,Shontel M. Brown,,OH,11,100,100,
v0.1.0,1.1.0,C000059,117,H,2021-01-03,2023-01-02,Ken,Calvert,Ken Calvert,,CA,42,200,200,
v0.1.0,1.1.0,C000266,117,H,2021-01-03,2023-01-02,Steve,Chabot,Steve Chabot,,OH,1,200,200,
v0.1.0,1.1.0,C000754,117,H,2021-01-03,2023-01-02,Jim,Cooper,Jim Cooper,,TN,5,100,100,
v0.1.0,1.1.0,C001039,117,H,2021-01-03,2023-01-02,Katherine,Cammack,Kat Cammack,Kat,FL,3,200,200,
v0.1.0,1.1.0,C001051,117,H,2021-01-03,2023-01-02,John,Carter,John R. Carter,,TX,31,200,200,
v0.1.0,1.1.0,C001053,117,H,2021-01-03,2023-01-02,Tom,Cole,Tom Cole,,OK,4,200,200,
v0.1.0,1.1.0,C001054,117,H,2021-01-03,2023-01-02,Jerry,Carl,Jerry L. Carl,,AL,1,200,200,
v0.1.0,1.1.0,C001055,117,H,2021-01-03,2023-01-02,Ed,Case,Ed Case,,HI,1,100,100,
v0.1.0,1.1.0,C001059,117,H,2021-01-03,2023-01-02,Jim,Costa,Jim Costa,,CA,16,100,100,
v0.1.0,1.1.0,C001061,117,H,2021-01-03,2023-01-02,Emanuel,Cleaver,Emanuel Cleaver,,MO,5,100,100,
v0.1.0,1.1.0,C001063,117,H,2021-01-03,2023-01-02,Henry,Cuellar,Henry Cuellar,,TX,28,100,100,
v0.1.0,1.1.0,C001066,117,H,2021-01-03,2023-01-02,Kathy,Castor,Kathy Castor,,FL,14,100,100,
v0.1.0,1.1.0,C001067,117,H,2021-01-03,2023-01-02,Yvette,Clarke,Yvette D. Clarke,,NY,9,100,100,
v0.1.0,1.1.0,C001068,117,H,2021-01-03,2023-01-02,Steve,Cohen,Steve Cohen,,TN,9,100,100,
v0.1.0,1.1.0,C001069,117,H,2021-01-03,2023-01-02,Joe,Courtney,Joe Courtney,,CT,2,100,100,
v0.1.0,1.1.0,C001072,117,H,2021-01-03,2023-01-02,André,Carson,André Carson,,IN,7,100,100,
v0.1.0,1.1.0,C001078,117,H,2021-01-03,2023-01-02,Gerald,Connolly,Gerald E. Connolly,,VA,11,100,100,
v0.1.0,1.1.0,C001080,117,H,2021-01-03,2023-01-02,Judy,Chu,Judy Chu,,CA,27,100,100,
v0.1.0,1.1.0,C001084,117,H,2021-01-03,2023-01-02,David,Cicilline,David N. Cicilline,,RI,1,100,100,
v0.1.0,1.1.0,C001087,117,H,2021-01-03,2023-01-02,Eric,Crawford,"Eric A. ""Rick"" Crawford",Rick,AR,1,200,200,
v0.1.0,1.1.0,C001090,117,H,2021-01-03,2023-01-02,Matthew,Cartwright,Matt Cartwright,Matt,PA,8,100,100,
v0.1.0,1.1.0,C001091,117,H,2021-01-03,2023-01-02,Joaquin,Castro,Joaquin Castro,,TX,20,100,100,
v0.1.0,1.1.0,C001097,117,H,2021-01-03,2023-01-02,Tony,Cárdenas,Tony Cárdenas,,CA,29,100,100,
v0.1.0,1.1.0,C001101,117,H,2021-01-03,2023-01-02,Katherine,Clark,Katherine M. Clark,,MA,5,100,100,
v0.1.0,1.1.0,C001103,117,H,2021-01-03,2023-01-02,Earl,Carter,"Earl L. ""Buddy"" Carter",Buddy,GA,1,200,200,
v0.1.0,1.1.0,C001104,117,H,2021-01-03,2023-01-02,Madison,Cawthorn,Madison Cawthorn,,NC,11,200,200,
v0.1.0,1.1.0,C001108,117,H,2021-01-03,2023-01-02,James,Comer,James Comer,,KY,1,200,200,
v0.1.0,1.1.0,C001109,117,H,2021-01-03,2023-01-02,Liz,Cheney,Liz Cheney,,WY,0,200,200,
v0.1.0,1.1.0,C001110,117,H,2021-01-03,2023-01-02,J.,Correa,J. Luis Correa,,CA,46,100,100,
v0.1.0,1.1.0,C001111,117,H,2021-01-03,2022-08-30,Charlie,Crist,Charlie Crist,,FL,13,100,100,
v0.1.0,1.1.0,C001112,117,H,2021-01-03,2023-01-02,Salud,Carbajal,Salud O. Carbajal,,CA,24,100,100,
v0.1.0,1.1.0,C001114,117,H,2021-01-03,2023-01-02,John,Curtis,John R. Curtis,,UT,3,200,200,
v0.1.0,1.1.0,C001115,117,H,2021-01-03,2023-01-02,Michael,Cloud,Michael Cloud,,TX,27,200,200,
v0.1.0,1.1.0,C001116,117,H,2021-01-03,2023-01-02,Andrew,Clyde,Andrew S. Clyde,,GA,9,200,200,
v0.1.0,1.1.0,C001117,117,H,2021-01-03,2023-01-02,Sean,Casten,Sean Casten,,IL,6,100,100,
v0.1.0,1.1.0,C001118,117,H,2021-01-03,2023-01-02,Ben,Cline,Ben Cline,,VA,6,200,200,
v0.1.0,1.1.0,C001119,117,H,2021-01-03,2023-01-02,Angie,Craig,Angie Craig,,MN,2,100,100,
v0.1.0,1.1.0,C001120,117,H,2021-01-03,2023-01-02,Dan,Crenshaw,Dan Crenshaw,,TX,2,200,200,
v0.1.0,1.1.0,C001121,117,H,2021-01-03,2023-01-02,Jason,Crow,Jason Crow,,CO,6,100,100,
v0.1.0,1.1.0,C001125,117,H,2021-05-11,2023-01-02,Troy,Carter,Troy A. Carter,,LA,2,100,100,
v0.1.0,1.1.0,C001126,117,H,2021-11-04,2023-01-02,Mike,Carey,Mike Carey,,OH,15,200,200,
v0.1.0,1.1.0,C001127,117,H,2022-01-18,2023-01-02,Sheila,Cherfilus-McCormick,Sheila Cherfilus-McCormick,,FL,20,100,100,
v0.1.0,1.1.0,C001128,117,H,2022-06-07,2023-01-02,Connie,Conway,Connie Conway,,CA,22,200,200,
v0.1.0,1.1.0,D000032,117,H,2021-01-03,2023-01-02,Byron,Donalds,Byron Donalds,,FL,19,200,200,
v0.1.0,1.1.0,D000096,117,H,2021-01-03,2023-01-02,Danny,Davis,Danny K. Davis,,IL,7,100,100,
v0.1.0,1.1.0,D000191,117,H,2021-01-03,2023-01-02,Peter,DeFazio,Peter A. DeFazio,,OR,4,100,100,
v0.1.0,1.1.0,D000197,117,H,2021-01-03,2023-01-02,Diana,DeGette,Diana DeGette,,CO,1,100,100,
v0.1.0,1.1.0,D000216,117,H,2021-01-03,2023-01-02,Rosa,DeLauro,Rosa L. DeLauro,,CT,3,100,100,
v0.1.0,1.1.0,D000399,117,H,2021-01-03,2023-01-02,Lloyd,Doggett,Lloyd Doggett,,TX,35,100,100,
v0.1.0,1.1.0,D000482,117,H,2021-01-03,2022-12-30,Michael,Doyle,Michael F. Doyle,,PA,18,100,100,
v0.1.0,1.1.0,D000600,117,H,2021-01-03,2023-01-02,Mario,Diaz-Balart,Mario Diaz-Balart,,FL,25,200,200,
v0.1.0,1.1.0,D000610,117,H,2021-01-03,2022-09-29,Theodore,Deutch,Theodore E. Deutch,Ted,FL,22,100,100,
v0.1.0,1.1.0,D000615,117,H,2021-01-03,2023-01-02,Jeff,Duncan,Jeff Duncan,,SC,3,200,200,
v0.1.0,1.1.0,D000616,117,H,2021-01-03,2023-01-02,Scott,DesJarlais,Scott DesJarlais,,TN,4,200,200,
v0.1.0,1.1.0,D000617,117,H,2021-01-03,2023-01-02,Suzan,DelBene,Suzan K. DelBene,,WA,1,100,100,
v0.1.0,1.1.0,D000619,117,H,2021-01-03,2023-01-02,Rodney,Davis,Rodney Davis,,IL,13,200,200,
v0.1.0,1.1.0,D000623,117,H,2021-01-03,2023-01-02,Mark,DeSaulnier,Mark DeSaulnier,,CA,11,100,100,
v0.1.0,1.1.0,D000624,117,H,2021-01-03,2023-01-02,Debbie,Dingell,Debbie Dingell,,MI,12,100,100,
v0.1.0,1.1.0,D000626,117,H,2021-01-03,2023-01-02,Warren,Davidson,Warren Davidson,,OH,8,200,200,
v0.1.0,1.1.0,D000627,117,H,2021-01-03,2023-01-02,Val,Demings,Val Butler Demings,,FL,10,100,100,
v0.1.0,1.1.0,D000628,117,H,2021-01-03,2023-01-02,Neal,Dunn,Neal P. Dunn,,FL,2,200,200,
v0.1.0,1.1.0,D000629,117,H,2021-01-03,2023-01-02,Sharice,Davids,Sharice Davids,,KS,3,100,100,
v0.1.0,1.1.0,D000630,117,H,2021-01-03,2022-05-24,Antonio,Delgado,Antonio Delgado,,NY,19,100,100,
v0.1.0,1.1.0,D000631,117,H,2021-01-03,2023-01-02,Madeleine,Dean,Madeleine Dean,,PA,4,100,100,
v0.1.0,1.1.0,E000071,117,H,2021-07-30,2023-01-02,Jake,Ellzey,Jake Ellzey,,TX,6,200,200,
v0.1.0,1.1.0,E000215,117,H,2021-01-03,2023-01-02,Anna,Eshoo,Anna G. Eshoo,,CA,18,100,100,
v0.1.0,1.1.0,E000294,117,H,2021-01-03,2023-01-02,Tom,Emmer,Tom Emmer,,MN,6,200,200,
v0.1.0,1.1.0,E000296,117,H,2021-01-03,2023-01-02,Dwight,Evans,Dwight Evans,,PA,3,100,100,
v0.1.0,1.1.0,E000297,117,H,2021-01-03,2023-01-02,Adriano,Espaillat,Adriano Espaillat,,NY,13,100,100,
v0.1.0,1.1.0,E000298,117,H,2021-01-03,2023-01-02,Ron,Estes,Ron Estes,,KS,4,200,200,
v0.1.0,1.1.0,E000299,117,H,2021-01-03,2023-01-02,Veronica,Escobar,Veronica Escobar,,TX,16,100,100,
v0.1.0,1.1.0,F000246,117,H,2021-01-03,2023-01-02,Patrick,Fallon,Pat Fallon,Pat,TX,4,200,200,
v0.1.0,1.1.0,F000446,117,H,2021-01-03,2023-01-02,Randy,Feenstra,Randy Feenstra,,IA,4,200,200,
v0.1.0,1.1.0,F000449,117,H,2021-01-03,2022-03-30,Jeff,Fortenberry,Jeff Fortenberry,,NE,1,200,200,
v0.1.0,1.1.0,F000450,117,H,2021-01-03,2023-01-02,Virginia,Foxx,Virginia Foxx,,NC,5,200,200,
v0.1.0,1.1.0,F000454,117,H,2021-01-03,2023-01-02,Bill,Foster,Bill Foster,,IL,11,100,100,
v0.1.0,1.1.0,F000455,117,H,2021-01-03,2021-03-09,Marcia,Fudge,Marcia L. Fudge,,OH,11,100,100,
v0.1.0,1.1.0,F000459,117,H,2021-01-03,2023-01-02,Charles,Fleischmann,"Charles J. ""Chuck"" Fleischmann",Chuck,TN,3,200,200,
v0.1.0,1.1.0,F000462,117,H,2021-01-03,2023-01-02,Lois,Frankel,Lois Frankel,,FL,21,100,100,
v0.1.0,1.1.0,F000465,117,H,2021-01-03,2023-01-02,A.,Ferguson,A. Drew Ferguson IV,,GA,3,200,200,
v0.1.0,1.1.0,F000466,117,H,2021-01-03,2023-01-02,Brian,Fitzpatrick,Brian K. Fitzpatrick,,PA,1,200,200,
v0.1.0,1.1.0,F000468,117,H,2021-01-03,2023-01-02,Lizzie,Fletcher,Lizzie Fletcher,,TX,7,100,100,
v0.1.0,1.1.0,F000469,117,H,2021-01-03,2023-01-02,Russ,Fulcher,Russ Fulcher,,ID,1,200,200,
v0.1.0,1.1.0,F000470,117,H,2021-01-03,2023-01-02,Michelle,Fischbach,Michelle Fischbach,,MN,7,200,200,
v0.1.0,1.1.0,F000471,117,H,2021-01-03,2023-01-02,Scott,Fitzgerald,Scott Fitzgerald,,WI,5,200,200,
v0.1.0,1.1.0,F000472,117,H,2021-01-03,2023-01-02,C.,Franklin,Scott Franklin,,FL,15,200,200,
v0.1.0,1.1.0,F000473,117,H,2022-06-21,2023-01-02,Mayra,Flores,Mayra Flores,,TX,34,200,200,
v0.1.0,1.1.0,F000474,117,H,2022-07-12,2023-01-02,Mike,Flood,Mike Flood,,NE,1,200,200,
v0.1.0,1.1.0,F000475,117,H,2022-08-12,2023-01-02,Brad,Finstad,Brad Finstad,,MN,1,200,200,
v0.1.0,1.1.0,G000061,117,H,2021-01-03,2023-01-02,Mike,Garcia,Mike Garcia,,CA,25,200,200,
v0.1.0,1.1.0,G000377,117,H,2021-01-03,2023-01-02,Kay,Granger,Kay Granger,,TX,12,200,200,
v0.1.0,1.1.0,G000546,117,H,2021-01-03,2023-01-02,Sam,Graves,Sam Graves,,MO,6,200,200,
v0.1.0,1.1.0,G000551,117,H,2021-01-03,2023-01-02,Raúl,Grijalva,Raúl M. Grijalva,,AZ,3,100,100,
v0.1.0,1.1.0,G000552,117,H,2021-01-03,2023-01-02,Louie,Gohmert,Louie Gohmert,,TX,1,200,200,
v0.1.0,1.1.0,G000553,117,H,2021-01-03,2023-01-02,Al,Green,Al Green,,TX,9,100,100,
v0.1.0,1.1.0,G000558,117,H,2021-01-03,2023-01-02,Brett,Guthrie,Brett Guthrie,,KY,2,200,200,
v0.1.0,1.1.0,G000559,117,H,2021-01-03,2023-01-02,John,Garamendi,John Garamendi,,CA,3,100,100,
v0.1.0,1.1.0,G000563,117,H,2021-01-03,2023-01-02,Bob,Gibbs,Bob Gibbs,,OH,7,200,200,
v0.1.0,1.1.0,G000565,117,H,2021-01-03,2023-01-02,Paul,Gosar,Paul A. Gosar,,AZ,4,200,200,
v0.1.0,1.1.0,G000568,117,H,2021-01-03,2023-01-02,H.,Griffith,H. Morgan Griffith,,VA,9,200,200,
v0.1.0,1.1.0,G000574,117,H,2021-01-03,2023-01-02,Ruben,Gallego,Ruben Gallego,,AZ,7,100,100,
v0.1.0,1.1.0,G000576,117,H,2021-01-03,2023-01-02,Glenn,Grothman,Glenn Grothman,,WI,6,200,200,
v0.1.0,1.1.0,G000577,117,H,2021-01-03,2023-01-02,Garret,Graves,Garret Graves,,LA,6,200,200,
v0.1.0,1.1.0,G000578,117,H,2021-01-03,2023-01-02,Matt,Gaetz,Matt Gaetz,,FL,1,200,200,
v0.1.0,1.1.0,G000579,117,H,2021-01-03,2023-01-02,Mike,Gallagher,Mike Gallagher,,WI,8,200,200,
v0.1.0,1.1.0,G000581,117,H,2021-01-03,2023-01-02,Vicente,Gonzalez,Vicente Gonzalez,,TX,15,100,100,
v0.1.0,1.1.0,G000582,117,H,2021-01-03,2023-01-02,Jenniffer,González-Colón,Jenniffer González-Colón,,PR,0,200,200,
v0.1.0,1.1.0,G000583,117,H,2021-01-03,2023-01-02,Josh,Gottheimer,Josh Gottheimer,,NJ,5,100,100,
v0.1.0,1.1.0,G000585,117,H,2021-01-03,2023-01-02,Jimmy,Gomez,Jimmy Gomez,,CA,34,100,100,
v0.1.0,1.1.0,G000586,117,H,2021-01-03,2023-01-02,Jesús,García,"Jesús G. ""Chuy"" García",Chuy,IL,4,100,100,
v0.1.0,1.1.0,G000587,117,H,2021-01-03,2023-01-02,Sylvia,Garcia,Sylvia R. Garcia,,TX,29,100,100,
v0.1.0,1.1.0,G000588,117,H,2021-01-03,2023-01-02,Anthony,Gonzalez,Anthony Gonzalez,,OH,16,200,200,
v0.1.0,1.1.0,G000589,117,H,2021-01-03,2023-01-02,Lance,Gooden,Lance Gooden,,TX,5,200,200,
v0.1.0,1.1.0,G000590,117,H,2021-01-03,2023-01-02,Mark,Green,Mark E. Green,,TN,7,200,200,
v0.1.0,1.1.0,G000591,117,H,2021-01-03,2023-01-02,Michael,Guest,Michael Guest,,MS,3,200,200,
v0.1.0,1.1.0,G000592,117,H,2021-01-03,2023-01-02,Jared,Golden,Jared F. Golden,,ME,2,100,100,
v0.1.0,1.1.0,G000593,117,H,2021-01-03,2023-01-02,Carlos,Gimenez,Carlos A. Gimenez,,FL,26,200,200,
v0.1.0,1.1.0,G000594,117,H,2021-01-03,2023-01-02,Ernest,Gonzales,Tony Gonzales,Tony,TX,23,200,200,
v0.1.0,1.1.0,G000595,117,H,2021-01-03,2023-01-02,Robert,Good,Bob Good,Bob,VA,5,200,200,
v0.1.0,1.1.0,G000596,117,H,2021-01-03,2023-01-02,Marjorie,Greene,Marjorie Taylor Greene,,GA,14,200,200,
v0.1.0,1.1.0,G000597,117,H,2021-01-03,2023-01-02,Andrew,Garbarino,Andrew R. Garbarino,,NY,2,200,200,
v0.1.0,1.1.0,H000324,117,H,2021-01-03,2021-04-05,Alcee,Hastings,Alcee L. Hastings,,FL,20,100,100,
v0.1.0,1.1.0,H000874,117,H,2021-01-03,2023-01-02,Steny,Hoyer,Steny H. Hoyer,,MD,5,100,100,
v0.1.0,1.1.0,H001038,117,H,2021-01-03,2023-01-02,Brian,Higgins,Brian Higgins,,NY,26,100,100,
v0.1.0,1.1.0,H001047,117,H,2021-01-03,2023-01-02,James,Himes,James A. Himes,Jim,CT,4,100,100,
v0.1.0,1.1.0,H001052,117,H,2021-01-03,2023-01-02,Andy,Harris,Andy Harris,,MD,1,200,200,
v0.1.0,1.1.0,H001053,117,H,2021-01-03,2023-01-02,Vicky,Hartzler,Vicky Hartzler,,MO,4,200,200,
v0.1.0,1.1.0,H001056,117,H,2021-01-03,2023-01-02,Jaime,Herrera Beutler,Jaime Herrera Beutler,,WA,3,200,200,
v0.1.0,1.1.0,H001058,117,H,2021-01-03,2023-01-02,Bill,Huizenga,Bill Huizenga,,MI,2,200,200,
v0.1.0,1.1.0,H001066,117,H,2021-01-03,2023-01-02,Steven,Horsford,Steven Horsford,,NV,4,100,100,
v0.1.0,1.1.0,H001067,117,H,2021-01-03,2023-01-02,Richard,Hudson,Richard Hudson,,NC,8,200,200,
v0.1.0,1.1.0,H001068,117,H,2021-01-03,2023-01-02,Jared,Huffman,Jared Huffman,,CA,2,100,100,
v0.1.0,1.1.0,H001071,117,H,2021-01-03,2023-01-02,Jody,Hice,Jody B. Hice,,GA,10,200,200,
v0.1.0,1.1.0,H001072,117,H,2021-01-03,2023-01-02,J.,Hill,J. French Hill,,AR,2,200,200,
v0.1.0,1.1.0,H001074,117,H,2021-01-03,2023-01-02,Trey,Hollingsworth,Trey Hollingsworth,,IN,9,200,200,
v0.1.0,1.1.0,H001077,117,H,2021-01-03,2023-01-02,Clay,Higgins,Clay Higgins,,LA,3,200,200,
v0.1.0,1.1.0,H001080,117,H,2021-01-03,2021-03-15,Debra,Haaland,Debra A. Haaland,,NM,1,100,100,
v0.1.0,1.1.0,H001081,117,H,2021-01-03,2023-01-02,Jahana,Hayes,Jahana Hayes,,CT,5,100,100,
v0.1.0,1.1.0,H001082,117,H,2021-01-03,2023-01-02,Kevin,Hern,Kevin Hern,,OK,1,200,200,
v0.1.0,1.1.0,H001084,117,H,2021-01-03,2023-01-02,Yvette,Herrell,Yvette Herrell,,NM,2,200,200,
v0.1.0,1.1.0,H001085,117,H,2021-01-03,2023-01-02,Chrissy,Houlahan,Chrissy Houlahan,,PA,6,100,100,
v0.1.0,1.1.0,H001086,117,H,2021-01-03,2023-01-02,Diana,Harshbarger,Diana Harshbarger,,TN,1,200,200,
v0.1.0,1.1.0,H001088,117,H,2021-01-03,2022-02-16,Jim,Hagedorn,Jim Hagedorn,,MN,1,200,200,
v0.1.0,1.1.0,H001090,117,H,2021-01-03,2023-01-02,Josh,Harder,Josh Harder,,CA,10,100,100,
v0.1.0,1.1.0,H001091,117,H,2021-01-03,2023-01-02,Ashley,Hinson,Ashley Hinson,,IA,1,200,200,
v0.1.0,1.1.0,I000056,117,H,2021-01-03,2023-01-02,Darrell,Issa,Darrell Issa,,CA,50,200,200,
v0.1.0,1.1.0,J000020,117,H,2021-01-03,2023-01-02,Chris,Jacobs,Chris Jacobs,,NY,27,200,200,
v0.1.0,1.1.0,J000032,117,H,2021-01-03,2023-01-02,Sheila,Jackson Lee,Sheila Jackson Lee,,TX,18,100,100,
v0.1.0,1.1.0,J000126,117,H,2021-01-03,2023-01-02,Eddie,Johnson,Eddie Bernice Johnson,,TX,30,100,100,
v0.1.0,1.1.0,J000288,117,H,2021-01-03,2023-01-02,Henry,Johnson,"Henry C. ""Hank"" Johnson, Jr.",Hank,GA,4,100,100,
v0.1.0,1.1.0,J000289,117,H,2021-01-03,2023-01-02,Jim,Jordan,Jim Jordan,,OH,4,200,200,
v0.1.0,1.1.0,J000292,117,H,2021-01-03,2023-01-02,Bill,Johnson,Bill Johnson,,OH,6,200,200,
v0.1.0,1.1.0,J000294,117,H,2021-01-03,2023-01-02,Hakeem,Jeffries,Hakeem S. Jeffries,,NY,8,100,100,
v0.1.0,1.1.0,J000295,117,H,2021-01-03,2023-01-02,David,Joyce,David P. Joyce,,OH,14,200,200,
v0.1.0,1.1.0,J000298,117,H,2021-01-03,2023-01-02,Pramila,Jayapal,Pramila Jayapal,,WA,7,100,100,
v0.1.0,1.1.0,J000299,117,H,2021-01-03,2023-01-02,Mike,Johnson,Mike Johnson,,LA,4,200,200,
v0.1.0,1.1.0,J000301,117,H,2021-01-03,2023-01-02,Dusty,Johnson,Dusty Johnson,,SD,0,200,200,
v0.1.0,1.1.0,J000302,117,H,2021-01-03,2023-01-02,John,Joyce,John Joyce,,PA,13,200,200,
v0.1.0,1.1.0,J000304,117,H,2021-01-03,2023-01-02,Ronny,Jackson,Ronny Jackson,,TX,13,200,200,
v0.1.0,1.1.0,J000305,117,H,2021-01-03,2023-01-02,Sara,Jacobs,Sara Jacobs,,CA,53,100,100,
v0.1.0,1.1.0,J000306,117,H,2021-01-03,2023-01-02,Mondaire,Jones,Mondaire Jones,,NY,17,100,100,
v0.1.0,1.1.0,K000009,117,H,2021-01-03,2023-01-02,Marcy,Kaptur,Marcy Kaptur,,OH,9,100,100,
v0.1.0,1.1.0,K000188,117,H,2021-01-03,2023-01-02,Ron,Kind,Ron Kind,,WI,3,100,100,
v0.1.0,1.1.0,K000368,117,H,2021-01-03,2023-01-02,Ann,Kirkpatrick,Ann Kirkpatrick,,AZ,2,100,100,
v0.1.0,1.1.0,K000375,117,H,2021-01-03,2023-01-02,William,Keating,William R. Keating,,MA,9,100,100,
v0.1.0,1.1.0,K000376,117,H,2021-01-03,2023-01-02,Mike,Kelly,Mike Kelly,,PA,16,200,200,
v0.1.0,1.1.0,K000378,117,H,2021-01-03,2023-01-02,Adam,Kinzinger,Adam Kinzinger,,IL,16,200,200,
v0.1.0,1.1.0,K000380,117,H,2021-01-03,2023-01-02,Daniel,Kildee,Daniel T. Kildee,,MI,5,100,100,
v0.1.0,1.1.0,K000381,117,H,2021-01-03,2023-01-02,Derek,Kilmer,Derek Kilmer,,WA,6,100,100,
v0.1.0,1.1.0,K000382,117,H,2021-01-03,2023-01-02,Ann,Kuster,Ann M. Kuster,,NH,2,100,100,
v0.1.0,1.1.0,K000385,117,H,2021-01-03,2023-01-02,Robin,Kelly,Robin L. Kelly,,IL,2,100,100,
v0.1.0,1.1.0,K000386,117,H,2021-01-03,2023-01-02,John,Katko,John Katko,,NY,24,200,200,
v0.1.0,1.1.0,K000388,117,H,2021-01-03,2023-01-02,Trent,Kelly,Trent Kelly,,MS,1,200,200,
v0.1.0,1.1.0,K000389,117,H,2021-01-03,2023-01-02,Ro,Khanna,Ro Khanna,,CA,17,100,100,
v0.1.0,1.1.0,K000391,117,H,2021-01-03,2023-01-02,Raja,Krishnamoorthi,Raja Krishnamoorthi,,IL,8,100,100,
v0.1.0,1.1.0,K000392,117,H,2021-01-03,2023-01-02,David,Kustoff,David Kustoff,,TN,8,200,200,
v0.1.0,1.1.0,K000394,117,H,2021-01-03,2023-01-02,Andy,Kim,Andy Kim,,NJ,3,100,100,
v0.1.0,1.1.0,K000395,117,H,2021-01-03,2023-01-02,Fred,Keller,Fred Keller,,PA,12,200,200,
v0.1.0,1.1.0,K000396,117,H,2021-01-03,2023-01-02,Kaialiʻi,Kahele,Kaiali’i Kahele,,HI,2,100,100,
v0.1.0,1.1.0,K000397,117,H,2021-01-03,2023-01-02,Young,Kim,Young Kim,,CA,39,200,200,
v0.1.0,1.1.0,L000266,117,H,2021-01-03,2023-01-02,Jacob,LaTurner,Jake LaTurner,Jake,KS,2,200,200,
v0.1.0,1.1.0,L000273,117,H,2021-01-03,2023-01-02,Teresa,Leger Fernandez,Teresa Leger Fernandez,,NM,3,100,100,
v0.1.0,1.1.0,L000397,117,H,2021-01-03,2023-01-02,Zoe,Lofgren,Zoe Lofgren,,CA,19,100,100,
v0.1.0,1.1.0,L000491,117,H,2021-01-03,2023-01-02,Frank,Lucas,Frank D. Lucas,,OK,3,200,200,
v0.1.0,1.1.0,L000551,117,H,2021-01-03,2023-01-02,Barbara,Lee,Barbara Lee,,CA,13,100,100,
v0.1.0,1.1.0,L000557,117,H,2021-01-03,2023-01-02,John,Larson,John B. Larson,,CT,1,100,100,
v0.1.0,1.1.0,L000559,117,H,2021-01-03,2023-01-02,James,Langevin,James R. Langevin,Jim,RI,2,100,100,
v0.1.0,1.1.0,L000560,117,H,2021-01-03,2023-01-02,Rick,Larsen,Rick Larsen,,WA,2,100,100,
v0.1.0,1.1.0,L000562,117,H,2021-01-03,2023-01-02,Stephen,Lynch,Stephen F. Lynch,,MA,8,100,100,
v0.1.0,1.1.0,L000564,117,H,2021-01-03,2023-01-02,Doug,Lamborn,Doug Lamborn,,CO,5,200,200,
v0.1.0,1.1.0,L000566,117,H,2021-01-03,2023-01-02,Robert,Latta,Robert E. Latta,,OH,5,200,200,
v0.1.0,1.1.0,L000569,117,H,2021-01-03,2023-01-02,Blaine,Luetkemeyer,Blaine Luetkemeyer,,MO,3,200,200,
v0.1.0,1.1.0,L000576,117,H,2021-01-03,2023-01-02,Billy,Long,Billy Long,,MO,7,200,200,
v0.1.0,1.1.0,L000578,117,H,2021-01-03,2023-01-02,Doug,LaMalfa,Doug LaMalfa,,CA,1,200,200,
v0.1.0,1.1.0,L000579,117,H,2021-01-03,2023-01-02,Alan,Lowenthal,Alan S. Lowenthal,,CA,47,100,100,
v0.1.0,1.1.0,L000581,117,H,2021-01-03,2023-01-02,Brenda,Lawrence,Brenda L. Lawrence,,MI,14,100,100,
v0.1.0,1.1.0,L000582,117,H,2021-01-03,2023-01-02,Ted,Lieu,Ted Lieu,,CA,33,100,100,
v0.1.0,1.1.0,L000583,117,H,2021-01-03,2023-01-02,Barry,Loudermilk,Barry Loudermilk,,GA,11,200,200,
v0.1.0,1.1.0,L000585,117,H,2021-01-03,2023-01-02,Darin,LaHood,Darin LaHood,,IL,18,200,200,
v0.1.0,1.1.0,L000586,117,H,2021-01-03,2023-01-02,Al,Lawson,"Al Lawson, Jr.",,FL,5,100,100,
v0.1.0,1.1.0,L000588,117,H,2021-01-03,2023-01-02,Conor,Lamb,Conor Lamb,,PA,17,100,100,
v0.1.0,1.1.0,L000589,117,H,2021-01-03,2023-01-02,Debbie,Lesko,Debbie Lesko,,AZ,8,200,200,
v0.1.0,1.1.0,L000590,117,H,2021-01-03,2023-01-02,Susie,Lee,Susie Lee,,NV,3,100,100,
v0.1.0,1.1.0,L000591,117,H,2021-01-03,2023-01-02,Elaine,Luria,Elaine G. Luria,,VA,2,100,100,
v0.1.0,1.1.0,L000592,117,H,2021-01-03,2023-01-02,Andy,Levin,Andy Levin,,MI,9,100,100,
v0.1.0,1.1.0,L000593,117,H,2021-01-03,2023-01-02,Mike,Levin,Mike Levin,,CA,49,100,100,
v0.1.0,1.1.0,L000595,117,H,2021-04-14,2023-01-02,Julia,Letlow,Julia Letlow,,LA,5,200,200,
v0.1.0,1.1.0,M000087,117,H,2021-01-03,2023-01-02,Carolyn,Maloney,Carolyn B. Maloney,,NY,12,100,100,
v0.1.0,1.1.0,M000194,117,H,2021-01-03,2023-01-02,Nancy,Mace,Nancy Mace,,SC,1,200,200,
v0.1.0,1.1.0,M000312,117,H,2021-01-03,2023-01-02,James,McGovern,James P. McGovern,Jim,MA,2,100,100,
v0.1.0,1.1.0,M000317,117,H,2021-01-03,2023-01-02,Nicole,Malliotakis,Nicole Malliotakis,,NY,11,200,200,
v0.1.0,1.1.0,M000687,117,H,2021-01-03,2023-01-02,Kweisi,Mfume,Kweisi Mfume,,MD,7,100,100,
v0.1.0,1.1.0,M000871,117,H,2021-01-03,2023-01-02,Tracey,Mann,Tracey Mann,,KS,1,200,200,
v0.1.0,1.1.0,M001135,117,H,2021-01-03,2023-01-02,Kathy,Manning,Kathy E. Manning,,NC,6,100,100,
v0.1.0,1.1.0,M001136,117,H,2021-01-03,2023-01-02,Lisa,McClain,Lisa C. McClain,,MI,10,200,200,
v0.1.0,1.1.0,M001137,117,H,2021-01-03,2023-01-02,Gregory,Meeks,Gregory W. Meeks,,NY,5,100,100,
v0.1.0,1.1.0,M001143,117,H,2021-01-03,2023-01-02,Betty,McCollum,Betty McCollum,,MN,4,100,100,
v0.1.0,1.1.0,M001156,117,H,2021-01-03,2023-01-02,Patrick,McHenry,Patrick T. McHenry,,NC,10,200,200,
v0.1.0,1.1.0,M001157,117,H,2021-01-03,2023-01-02,Michael,McCaul,Michael T. McCaul,,TX,10,200,200,
v0.1.0,1.1.0,M001159,117,H,2021-01-03,2023-01-02,Cathy,McMorris Rodgers,Cathy McMorris Rodgers,,WA,5,200,200,
v0.1.0,1.1.0,M001160,117,H,2021-01-03,2023-01-02,Gwen,Moore,Gwen Moore,,WI,4,100,100,
v0.1.0,1.1.0,M001163,117,H,2021-01-03,2023-01-02,Doris,Matsui,Doris O. Matsui,,CA,6,100,100,
v0.1.0,1.1.0,M001165,117,H,2021-01-03,2023-01-02,Kevin,McCarthy,Kevin McCarthy,,CA,23,200,200,
v0.1.0,1.1.0,M001166,117,H,2021-01-03,2023-01-02,Jerry,McNerney,Jerry McNerney,,CA,9,100,100,
v0.1.0,1.1.0,M001177,117,H,2021-01-03,2023-01-02,Tom,McClintock,Tom McClintock,,CA,4,200,200,
v0.1.0,1.1.0,M001180,117,H,2021-01-03,2023-01-02,David,McKinley,David B. McKinley,,WV,1,200,200,
v0.1.0,1.1.0,M001184,117,H,2021-01-03,2023-01-02,Thomas,Massie,Thomas Massie,,KY,4,200,200,
v0.1.0,1.1.0,M001185,117,H,2021-01-03,2023-01-02,Sean,Maloney,Sean Patrick Maloney,,NY,18,100,100,
v0.1.0,1.1.0,M001186,117,H,2021-01-03,2023-01-02,Peter,Meijer,Peter Meijer,,MI,3,200,200,
v0.1.0,1.1.0,M001188,117,H,2021-01-03,2023-01-02,Grace,Meng,Grace Meng,,NY,6,100,100,
v0.1.0,1.1.0,M001190,117,H,2021-01-03,2023-01-02,Markwayne,Mullin,Markwayne Mullin,,OK,2,200,200,
v0.1.0,1.1.0,M001194,117,H,2021-01-03,2023-01-02,John,Moolenaar,John R. Moolenaar,,MI,4,200,200,
v0.1.0,1.1.0,M001195,117,H,2021-01-03,2023-01-02,Alexander,Mooney,Alexander X. Mooney,,WV,2,200,200,
v0.1.0,1.1.0,M001196,117,H,2021-01-03,2023-01-02,Seth,Moulton,Seth Moulton,,MA,6,100,100,
v0.1.0,1.1.0,M001199,117,H,2021-01-03,2023-01-02,Brian,Mast,Brian J. Mast,,FL,18,200,200,
v0.1.0,1.1.0,M001200,117,H,2021-01-03,2022-11-27,A.,McEachin,A. Donald McEachin,,VA,4,100,100,
v0.1.0,1.1.0,M001202,117,H,2021-01-03,2023-01-02,Stephanie,Murphy,Stephanie N. Murphy,,FL,7,100,100,
v0.1.0,1.1.0,M001203,117,H,2021-01-03,2023-01-02,Tom,Malinowski,Tom Malinowski,,NJ,7,100,100,
v0.1.0,1.1.0,M001204,117,H,2021-01-03,2023-01-02,Daniel,Meuser,Daniel Meuser,,PA,9,200,200,
v0.1.0,1.1.0,M001205,117,H,2021-01-03,2023-01-02,Carol,Miller,Carol D. Miller,,WV,3,200,200,
v0.1.0,1.1.0,M001206,117,H,2021-01-03,2023-01-02,Joseph,Morelle,Joseph D. Morelle,,NY,25,100,100,
v0.1.0,1.1.0,M001208,117,H,2021-01-03,2023-01-02,Lucy,McBath,Lucy McBath,,GA,6,100,100,
v0.1.0,1.1.0,M001210,117,H,2021-01-03,2023-01-02,Gregory,Murphy,Gregory F. Murphy,,NC,3,200,200,
v0.1.0,1.1.0,M001211,117,H,2021-01-03,2023-01-02,Mary,Miller,Mary E. Miller,,IL,15,200,200,
v0.1.0,1.1.0,M001212,117,H,2021-01-03,2023-01-02,Barry,Moore,Barry Moore,,AL,2,200,200,
v0.1.0,1.1.0,M001213,117,H,2021-01-03,2023-01-02,Blake,Moore,Blake D. Moore,,UT,1,200,200,
v0.1.0,1.1.0,M001214,117,H,2021-01-03,2023-01-02,Frank,Mrvan,Frank J. Mrvan,,IN,1,100,100,
v0.1.0,1.1.0,M001215,117,H,2021-01-03,2023-01-02,Mariannette,Miller-Meeks,Mariannette Miller-Meeks,,IA,2,200,200,
v0.1.0,1.1.0,N000002,117,H,2021-01-03,2023-01-02,Jerrold,Nadler,Jerrold Nadler,,NY,10,100,100,
v0.1.0,1.1.0,N000015,117,H,2021-01-03,2023-01-02,Richard,Neal,Richard E. Neal,,MA,1,100,100,
v0.1.0,1.1.0,N000026,117,H,2021-01-03,2023-01-02,Troy,Nehls,Troy E. Nehls,,TX,22,200,200,
v0.1.0,1.1.0,N000147,117,H,2021-01-03,2023-01-02,Eleanor,Norton,Eleanor Holmes Norton,,DC,0,100,100,
v0.1.0,1.1.0,N000179,117,H,2021-01-03,2023-01-02,Grace,Napolitano,Grace F. Napolitano,,CA,32,100,100,
v0.1.0,1.1.0,N000181,117,H,2021-01-03,2022-01-02,Devin,Nunes,Devin Nunes,,CA,22,200,200,
v0.1.0,1.1.0,N000188,117,H,2021-01-03,2023-01-02,Donald,Norcross,Donald Norcross,,NJ,1,100,100,
v0.1.0,1.1.0,N000189,117,H,2021-01-03,2023-01-02,Dan,Newhouse,Dan Newhouse,,WA,4,200,200,
v0.1.0,1.1.0,N000190,117,H,2021-01-03,2023-01-02,Ralph,Norman,Ralph Norman,,SC,5,200,200,
v0.1.0,1.1.0,N000191,117,H,2021-01-03,2023-01-02,Joe,Neguse,Joe Neguse,,CO,2,100,100,
v0.1.0,1.1.0,N000192,117,H,2021-01-03,2023-01-02,Marie,Newman,Marie Newman,,IL,3,100,100,
v0.1.0,1.1.0,O000019,117,H,2021-01-03,2023-01-02,Jay,Obernolte,Jay Obernolte,,CA,8,200,200,
v0.1.0,1.1.0,O000086,117,H,2021-01-03,2023-01-02,Clarence,Owens,Burgess Owens,Burgess,UT,4,200,200,
v0.1.0,1.1.0,O000171,117,H,2021-01-03,2023-01-02,Tom,O’Halleran,Tom O’Halleran,,AZ,1,100,100,
v0.1.0,1.1.0,O000172,117,H,2021-01-03,2023-01-02,Alexandria,Ocasio-Cortez,Alexandria Ocasio-Cortez,,NY,14,100,100,
v0.1.0,1.1.0,O000173,117,H,2021-01-03,2023-01-02,Ilhan,Omar,Ilhan Omar,,MN,5,100,100,
v0.1.0,1.1.0,P000034,117,H,2021-01-03,2023-01-02,Frank,Pallone,"Frank Pallone, Jr.",,NJ,6,100,100,
v0.1.0,1.1.0,P000048,117,H,2021-01-03,2023-01-02,August,Pfluger,August Pfluger,,TX,11,200,200,
v0.1.0,1.1.0,P000096,117,H,2021-01-03,2023-01-02,Bill,Pascrell,"Bill Pascrell, Jr.",,NJ,9,100,100,
v0.1.0,1.1.0,P000523,117,H,2021-01-03,2023-01-02,David,Price,David E. Price,,NC,4,100,100,
v0.1.0,1.1.0,P000593,117,H,2021-01-03,2023-01-02,Ed,Perlmutter,Ed Perlmutter,,CO,7,100,100,
v0.1.0,1.1.0,P000597,117,H,2021-01-03,2023-01-02,Chellie,Pingree,Chellie Pingree,,ME,1,100,100,
v0.1.0,1.1.0,P000599,117,H,2021-01-03,2023-01-02,Bill,Posey,Bill Posey,,FL,8,200,200,
v0.1.0,1.1.0,P000601,117,H,2021-01-03,2023-01-02,Steven,Palazzo,Steven M. Palazzo,,MS,4,200,200,
v0.1.0,1.1.0,P000604,117,H,2021-01-03,2023-01-02,Donald,Payne,"Donald M. Payne, Jr.",,NJ,10,100,100,
v0.1.0,1.1.0,P000605,117,H,2021-01-03,2023-01-02,Scott,Perry,Scott Perry,,PA,10,200,200,
v0.1.0,1.1.0,P000607,117,H,2021-01-03,2023-01-02,Mark,Pocan,Mark Pocan,,WI,2,100,100,
v0.1.0,1.1.0,P000608,117,H,2021-01-03,2023-01-02,Scott,Peters,Scott H. Peters,,CA,52,100,100,
v0.1.0,1.1.0,P000609,117,H,2021-01-03,2023-01-02,Gary,Palmer,Gary J. Palmer,,AL,6,200,200,
v0.1.0,1.1.0,P000610,117,H,2021-01-03,2023-01-02,Stacey,Plaskett,Stacey E. Plaskett,,VI,0,100,100,
v0.1.0,1.1.0,P000613,117,H,2021-01-03,2023-01-02,Jimmy,Panetta,Jimmy Panetta,,CA,20,100,100,
v0.1.0,1.1.0,P000614,117,H,2021-01-03,2023-01-02,Chris,Pappas,Chris Pappas,,NH,1,100,100,
v0.1.0,1.1.0,P000615,117,H,2021-01-03,2023-01-02,Greg,Pence,Greg Pence,,IN,6,200,200,
v0.1.0,1.1.0,P000616,117,H,2021-01-03,2023-01-02,Dean,Phillips,Dean Phillips,,MN,3,100,100,
v0.1.0,1.1.0,P000617,117,H,2021-01-03,2023-01-02,Ayanna,Pressley,Ayanna Pressley,,MA,7,100,100,
v0.1.0,1.1.0,P000618,117,H,2021-01-03,2023-01-02,Katie,Porter,Katie Porter,,CA,45,100,100,
v0.1.0,1.1.0,P000619,117,H,2022-09-13,2023-01-02,Mary,Peltola,Mary Sattler Peltola,,AK,0,100,100,
v0.1.0,1.1.0,Q000023,117,H,2021-01-03,2023-01-02,Mike,Quigley,Mike Quigley,,IL,5,100,100,
v0.1.0,1.1.0,R000103,117,H,2021-01-03,2023-01-02,Matthew,Rosendale,"Matthew M. Rosendale, Sr.",,MT,0,200,200,
v0.1.0,1.1.0,R000305,117,H,2021-01-03,2023-01-02,Deborah,Ross,Deborah K. Ross,,NC,2,100,100,
v0.1.0,1.1.0,R000395,117,H,2021-01-03,2023-01-02,Harold,Rogers,Harold Rogers,Hal,KY,5,200,200,
v0.1.0,1.1.0,R000486,117,H,2021-01-03,2023-01-02,Lucille,Roybal-Allard,Lucille Roybal-Allard,,CA,40,100,100,
v0.1.0,1.1.0,R000515,117,H,2021-01-03,2023-01-02,Bobby,Rush,Bobby L. Rush,,IL,1,100,100,
v0.1.0,1.1.0,R000575,117,H,2021-01-03,2023-01-02,Mike,Rogers,Mike Rogers,,AL,3,200,200,
v0.1.0,1.1.0,R000576,117,H,2021-01-03,2023-01-02,C.,Ruppersberger,C. A. Dutch Ruppersberger,,MD,2,100,100,
v0.1.0,1.1.0,R000577,117,H,2021-01-03,2023-01-02,Tim,Ryan,Tim Ryan,,OH,13,100,100,
v0.1.0,1.1.0,R000579,117,H,2022-09-13,2023-01-02,Patrick,Ryan,Patrick Ryan,,NY,19,100,100,
v0.1.0,1.1.0,R000585,117,H,2021-01-03,2022-05-09,Tom,Reed,Tom Reed,,NY,23,200,200,
v0.1.0,1.1.0,R000588,117,H,2021-01-03,2021-01-14,Cedric,Richmond,Cedric L. Richmond,,LA,2,100,100,
v0.1.0,1.1.0,R000597,117,H,2021-01-03,2023-01-02,Tom,Rice,Tom Rice,,SC,7,200,200,
v0.1.0,1.1.0,R000599,117,H,2021-01-03,2023-01-02,Raul,Ruiz,Raul Ruiz,,CA,36,100,100,
v0.1.0,1.1.0,R000600,117,H,2021-01-03,2023-01-02,Aumua Amata,Radewagen,Aumua Amata Coleman Radewagen,,AS,0,200,200,
v0.1.0,1.1.0,R000602,117,H,2021-01-03,2023-01-02,Kathleen,Rice,Kathleen M. Rice,,NY,4,100,100,
v0.1.0,1.1.0,R000603,117,H,2021-01-03,2023-01-02,David,Rouzer,David Rouzer,,NC,7,200,200,
v0.1.0,1.1.0,R000606,117,H,2021-01-03,2023-01-02,Jamie,Raskin,Jamie Raskin,,MD,8,100,100,
v0.1.0,1.1.0,R000609,117,H,2021-01-03,2023-01-02,John,Rutherford,John H. Rutherford,,FL,4,200,200,
v0.1.0,1.1.0,R000610,117,H,2021-01-03,2023-01-02,Guy,Reschenthaler,Guy Reschenthaler,,PA,14,200,200,
v0.1.0,1.1.0,R000612,117,H,2021-01-03,2023-01-02,John,Rose,John W. Rose,,TN,6,200,200,
v0.1.0,1.1.0,R000614,117,H,2021-01-03,2023-01-02,Chip,Roy,Chip Roy,,TX,21,200,200,
v0.1.0,1.1.0,S000168,117,H,2021-01-03,2023-01-02,Maria,Salazar,Maria Elvira Salazar,,FL,27,200,200,
v0.1.0,1.1.0,S000185,117,H,2021-01-03,2023-01-02,Robert,Scott,"Robert C. ""Bobby"" Scott",Bobby,VA,3,100,100,
v0.1.0,1.1.0,S000250,117,H,2021-01-03,2023-01-02,Pete,Sessions,Pete Sessions,,TX,17,200,200,
v0.1.0,1.1.0,S000344,117,H,2021-01-03,2023-01-02,Brad,Sherman,Brad Sherman,,CA,30,100,100,
v0.1.0,1.1.0,S000510,117,H,2021-01-03,2023-01-02,Adam,Smith,Adam Smith,,WA,9,100,100,
v0.1.0,1.1.0,S000522,117,H,2021-01-03,2023-01-02,Christopher,Smith,Christopher H. Smith,Chris,NJ,4,200,200,
v0.1.0,1.1.0,S000929,117,H,2021-01-03,2023-01-02,Victoria,Spartz,Victoria Spartz,,IN,5,200,200,
v0.1.0,1.1.0,S001135,117,H,2021-01-03,2023-01-02,Michelle,Steel,Michelle Steel,,CA,48,200,200,
v0.1.0,1.1.0,S001145,117,H,2021-01-03,2023-01-02,Janice,Schakowsky,Janice D. Schakowsky,Jan,IL,9,100,100,
v0.1.0,1.1.0,S001148,117,H,2021-01-03,2023-01-02,Michael,Simpson,Michael K. Simpson,Mike,ID,2,200,200,
v0.1.0,1.1.0,S001150,117,H,2021-01-03,2023-01-02,Adam,Schiff,Adam B. Schiff,,CA,28,100,100,
v0.1.0,1.1.0,S001156,117,H,2021-01-03,2023-01-02,Linda,Sánchez,Linda T. Sánchez,,CA,38,100,100,
v0.1.0,1.1.0,S001157,117,H,2021-01-03,2023-01-02,David,Scott,David Scott,,GA,13,100,100,
v0.1.0,1.1.0,S001159,117,H,2021-01-03,2023-01-02,Marilyn,Strickland,Marilyn Strickland,,WA,10,100,100,
v0.1.0,1.1.0,S001165,117,H,2021-01-03,2023-01-02,Albio,Sires,Albio Sires,,NJ,8,100,100,
v0.1.0,1.1.0,S001168,117,H,2021-01-03,2023-01-02,John,Sarbanes,John P. Sarbanes,,MD,3,100,100,
v0.1.0,1.1.0,S001172,117,H,2021-01-03,2023-01-02,Adrian,Smith,Adrian Smith,,NE,3,200,200,
v0.1.0,1.1.0,S001175,117,H,2021-01-03,2023-01-02,Jackie,Speier,Jackie Speier,,CA,14,100,100,
v0.1.0,1.1.0,S001176,117,H,2021-01-03,2023-01-02,Steve,Scalise,Steve Scalise,,LA,1,200,200,
v0.1.0,1.1.0,S001177,117,H,2021-01-03,2023-01-02,Gregorio,Sablan,Gregorio Kilili Camacho Sablan,,MP,0,100,100,
v0.1.0,1.1.0,S001180,117,H,2021-01-03,2023-01-02,Kurt,Schrader,Kurt Schrader,,OR,5,100,100,
v0.1.0,1.1.0,S001183,117,H,2021-01-03,2023-01-02,David,Schweikert,David Schweikert,,AZ,6,200,200,
v0.1.0,1.1.0,S001185,117,H,2021-01-03,2023-01-02,Terri,Sewell,Terri A. Sewell,,AL,7,100,100,
v0.1.0,1.1.0,S001187,117,H,2021-01-03,2021-05-15,Steve,Stivers,Steve Stivers,,OH,15,200,200,
v0.1.0,1.1.0,S001189,117,H,2021-01-03,2023-01-02,Austin,Scott,Austin Scott,,GA,8,200,200,
v0.1.0,1.1.0,S001190,117,H,2021-01-03,2023-01-02,Bradley,Schneider,Bradley Scott Schneider,Brad,IL,10,100,100,
v0.1.0,1.1.0,S001192,117,H,2021-01-03,2023-01-02,Chris,Stewart,Chris Stewart,,UT,2,200,200,
v0.1.0,1.1.0,S001193,117,H,2021-01-03,2023-01-02,Eric,Swalwell,Eric Swalwell,,CA,15,100,100,
v0.1.0,1.1.0,S001195,117,H,2021-01-03,2023-01-02,Jason,Smith,Jason Smith,,MO,8,200,200,
v0.1.0,1.1.0,S001196,117,H,2021-01-03,2023-01-02,Elise,Stefanik,Elise M. Stefanik,,NY,21,200,200,
v0.1.0,1.1.0,S001199,117,H,2021-01-03,2023-01-02,Lloyd,Smucker,Lloyd Smucker,,PA,11,200,200,
v0.1.0,1.1.0,S001200,117,H,2021-01-03,2023-01-02,Darren,Soto,Darren Soto,,FL,9,100,100,
v0.1.0,1.1.0,S001201,117,H,2021-01-03,2023-01-02,Thomas,Suozzi,Thomas R. Suozzi,,NY,3,100,100,
v0.1.0,1.1.0,S001204,117,H,2021-01-03,2023-01-02,Michael,San Nicolas,Michael F. Q. San Nicolas,,GU,0,100,100,
v0.1.0,1.1.0,S001205,117,H,2021-01-03,2023-01-02,Mary,Scanlon,Mary Gay Scanlon,,PA,5,100,100,
v0.1.0,1.1.0,S001207,117,H,2021-01-03,2023-01-02,Mikie,Sherrill,Mikie Sherrill,,NJ,11,100,100,
v0.1.0,1.1.0,S001208,117,H,2021-01-03,2023-01-02,Elissa,Slotkin,Elissa Slotkin,,MI,8,100,100,
v0.1.0,1.1.0,S001209,117,H,2021-01-03,2023-01-02,Abigail,Spanberger,Abigail Davis Spanberger,,VA,7,100,100,
v0.1.0,1.1.0,S001211,117,H,2021-01-03,2023-01-02,Greg,Stanton,Greg Stanton,,AZ,9,100,100,
v0.1.0,1.1.0,S001212,117,H,2021-01-03,2023-01-02,Pete,Stauber,Pete Stauber,,MN,8,200,200,
v0.1.0,1.1.0,S001213,117,H,2021-01-03,2023-01-02,Bryan,Steil,Bryan Steil,,WI,1,200,200,
v0.1.0,1.1.0,S001214,117,H,2021-01-03,2023-01-02,W.,Steube,W. Gregory Steube,,FL,17,200,200,
v0.1.0,1.1.0,S001215,117,H,2021-01-03,2023-01-02,Haley,Stevens,Haley M. Stevens,,MI,11,100,100,
v0.1.0,1.1.0,S001216,117,H,2021-01-03,2023-01-02,Kim,Schrier,Kim Schrier,,WA,8,100,100,
v0.1.0,1.1.0,S001218,117,H,2021-06-14,2023-01-02,Melanie,Stansbury,Melanie A. Stansbury,,NM,1,100,100,
v0.1.0,1.1.0,S001219,117,H,2022-09-13,2023-01-02,Joseph,Sempolinski,Joseph Sempolinski,,NY,23,200,200,
v0.1.0,1.1.0,T000165,117,H,2021-01-03,2023-01-02,Thomas,Tiffany,Thomas P. Tiffany,,WI,7,200,200,
v0.1.0,1.1.0,T000193,117,H,2021-01-03,2023-01-02,Bennie,Thompson,Bennie G. Thompson,,MS,2,100,100,
v0.1.0,1.1.0,T000460,117,H,2021-01-03,2023-01-02,Mike,Thompson,Mike Thompson,,CA,5,100,100,
v0.1.0,1.1.0,T000463,117,H,2021-01-03,2023-01-02,Michael,Turner,Michael R. Turner,,OH,10,200,200,
v0.1.0,1.1.0,T000467,117,H,2021-01-03,2023-01-02,Glenn,Thompson,Glenn Thompson,,PA,15,200,200,
v0.1.0,1.1.0,T000468,117,H,2021-01-03,2023-01-02,Dina,Titus,Dina Titus,,NV,1,100,100,
v0.1.0,1.1.0,T000469,117,H,2021-01-03,2023-01-02,Paul,Tonko,Paul Tonko,,NY,20,100,100,
v0.1.0,1.1.0,T000472,117,H,2021-01-03,2023-01-02,Mark,Takano,Mark Takano,,CA,41,100,100,
v0.1.0,1.1.0,T000474,117,H,2021-01-03,2023-01-02,Norma,Torres,Norma J. Torres,,CA,35,100,100,
v0.1.0,1.1.0,T000478,117,H,2021-02-11,2023-01-02,Claudia,Tenney,Claudia Tenney,,NY,22,200,200,
v0.1.0,1.1.0,T000479,117,H,2021-01-03,2023-01-02,Van,Taylor,Van Taylor,,TX,3,200,200,
v0.1.0,1.1.0,T000480,117,H,2021-01-03,2023-01-02,William,Timmons,William R. Timmons IV,,SC,4,200,200,
v0.1.0,1.1.0,T000481,117,H,2021-01-03,2023-01-02,Rashida,Tlaib,Rashida Tlaib,,MI,13,100,100,
v0.1.0,1.1.0,T000482,117,H,2021-01-03,2023-01-02,Lori,Trahan,Lori Trahan,,MA,3,100,100,
v0.1.0,1.1.0,T000483,117,H,2021-01-03,2023-01-02,David,Trone,David J. Trone,,MD,6,100,100,
v0.1.0,1.1.0,T000486,117,H,2021-01-03,2023-01-02,Ritchie,Torres,Ritchie Torres,,NY,15,100,100,
v0.1.0,1.1.0,U000031,117,H,2021-01-03,2023-01-02,Fred,Upton,Fred Upton,,MI,6,200,200,
v0.1.0,1.1.0,U000040,117,H,2021-01-03,2023-01-02,Lauren,Underwood,Lauren Underwood,,IL,14,100,100,
v0.1.0,1.1.0,V000081,117,H,2021-01-03,2023-01-02,Nydia,Velázquez,Nydia M. Velázquez,,NY,7,100,100,
v0.1.0,1.1.0,V000129,117,H,2021-01-03,2023-01-02,David,Valadao,David G. Valadao,,CA,21,200,200,
v0.1.0,1.1.0,V000130,117,H,2021-01-03,2023-01-02,Juan,Vargas,Juan Vargas,,CA,51,100,100,
v0.1.0,1.1.0,V000131,117,H,2021-01-03,2023-01-02,Marc,Veasey,Marc A. Veasey,,TX,33,100,100,
v0.1.0,1.1.0,V000132,117,H,2021-01-03,2022-03-30,Filemon,Vela,Filemon Vela,,TX,34,100,100,
v0.1.0,1.1.0,V000133,117,H,2021-01-03,2023-01-02,Jefferson,Van Drew,Jefferson Van Drew,,NJ,2,200,200,
v0.1.0,1.1.0,V000134,117,H,2021-01-03,2023-01-02,Beth,Van Duyne,Beth Van Duyne,,TX,24,200,200,
v0.1.0,1.1.0,W000187,117,H,2021-01-03,2023-01-02,Maxine,Waters,Maxine Waters,,CA,43,100,100,
v0.1.0,1.1.0,W000788,117,H,2021-01-03,2023-01-02,Nikema,Williams,Nikema Williams,,GA,5,100,100,
v0.1.0,1.1.0,W000795,117,H,2021-01-03,2023-01-02,Joe,Wilson,Joe Wilson,,SC,2,200,200,
v0.1.0,1.1.0,W000797,117,H,2021-01-03,2023-01-02,Debbie,Wasserman Schultz,Debbie Wasserman Schultz,,FL,23,100,100,
v0.1.0,1.1.0,W000798,117,H,2021-01-03,2023-01-02,Tim,Walberg,Tim Walberg,,MI,7,200,200,
v0.1.0,1.1.0,W000800,117,H,2021-01-03,2023-01-02,Peter,Welch,Peter Welch,,VT,0,100,100,
v0.1.0,1.1.0,W000804,117,H,2021-01-03,2023-01-02,Robert,Wittman,Robert J. Wittman,,VA,1,200,200,
v0.1.0,1.1.0,W000806,117,H,2021-01-03,2023-01-02,Daniel,Webster,Daniel Webster,,FL,11,200,200,
v0.1.0,1.1.0,W000808,117,H,2021-01-03,2023-01-02,Frederica,Wilson,Frederica S. Wilson,,FL,24,100,100,
v0.1.0,1.1.0,W000809,117,H,2021-01-03,2023-01-02,Steve,Womack,Steve Womack,,AR,3,200,200,
v0.1.0,1.1.0,W000812,117,H,2021-01-03,2023-01-02,Ann,Wagner,Ann Wagner,,MO,2,200,200,
v0.1.0,1.1.0,W000813,117,H,2021-01-03,2022-08-02,Jackie,Walorski,Jackie Walorski,,IN,2,200,200,
v0.1.0,1.1.0,W000814,117,H,2021-01-03,2023-01-02,Randy,Weber,"Randy K. Weber, Sr.",,TX,14,200,200,
v0.1.0,1.1.0,W000815,117,H,2021-01-03,2023-01-02,Brad,Wenstrup,Brad R. Wenstrup,,OH,2,200,200,
v0.1.0,1.1.0,W000816,117,H,2021-01-03,2023-01-02,Roger,Williams,Roger Williams,,TX,25,200,200,
v0.1.0,1.1.0,W000821,117,H,2021-01-03,2023-01-02,Bruce,Westerman,Bruce Westerman,,AR,4,200,200,
v0.1.0,1.1.0,W000822,117,H,2021-01-03,2023-01-02,Bonnie,Watson Coleman,Bonnie Watson Coleman,,NJ,12,100,100,
v0.1.0,1.1.0,W000823,117,H,2021-01-03,2023-01-02,Michael,Waltz,Michael Waltz,,FL,6,200,200,
v0.1.0,1.1.0,W000825,117,H,2021-01-03,2023-01-02,Jennifer,Wexton,Jennifer Wexton,,VA,10,100,100,
v0.1.0,1.1.0,W000826,117,H,2021-01-03,2023-01-02,Susan,Wild,Susan Wild,,PA,7,100,100,
v0.1.0,1.1.0,W000827,117,H,2021-01-03,2021-02-06,Ron,Wright,Ron Wright,,TX,6,200,200,
v0.1.0,1.1.0,Y000033,117,H,2021-01-03,2022-03-17,Don,Young,Don Young,,AK,0,200,200,
v0.1.0,1.1.0,Y000062,117,H,2021-01-03,2023-01-02,John,Yarmuth,John A. Yarmuth,,KY,3,100,100,
v0.1.0,1.1.0,Y000067,117,H,2022-11-14,2023-01-02,Rudy,Yakym,Rudy Yakym III,,IN,2,200,200,
v0.1.0,1.1.0,Z000017,117,H,2021-01-03,2023-01-02,Lee,Zeldin,Lee M. Zeldin,,NY,1,200,200,
v0.1.0,1.1.0,B000575,117,S,2021-01-03,2023-01-02,Roy,Blunt,Roy Blunt,,MO,,200,200,
v0.1.0,1.1.0,B000944,117,S,2021-01-03,2023-01-02,Sherrod,Brown,Sherrod Brown,,OH,,100,100,
v0.1.0,1.1.0,B001135,117,S,2021-01-03,2023-01-02,Richard,Burr,Richard Burr,,NC,,200,200,
v0.1.0,1.1.0,B001230,117,S,2021-01-03,2023-01-02,Tammy,Baldwin,Tammy Baldwin,,WI,,100,100,
v0.1.0,1.1.0,B001236,117,S,2021-01-03,2023-01-02,John,Boozman,John Boozman,,AR,,200,200,
v0.1.0,1.1.0,B001243,117,S,2021-01-03,2023-01-02,Marsha,Blackburn,Marsha Blackburn,,TN,,200,200,
v0.1.0,1.1.0,B001261,117,S,2021-01-03,2023-01-02,John,Barrasso,John Barrasso,,WY,,200,200,
v0.1.0,1.1.0,B001267,117,S,2021-01-03,2023-01-02,Michael,Bennet,Michael F. Bennet,,CO,,100,100,
v0.1.0,1.1.0,B001277,117,S,2021-01-03,2023-01-02,Richard,Blumenthal,Richard Blumenthal,,CT,,100,100,
v0.1.0,1.1.0,B001288,117,S,2021-01-03,2023-01-02,Cory,Booker,Cory A. Booker,,NJ,,100,100,
v0.1.0,1.1.0,B001310,117,S,2021-01-03,2023-01-02,Mike,Braun,Mike Braun,,IN,,200,200,
v0.1.0,1.1.0,C000127,117,S,2021-01-03,2023-01-02,Maria,Cantwell,Maria Cantwell,,WA,,100,100,
v0.1.0,1.1.0,C000141,117,S,2021-01-03,2023-01-02,Benjamin,Cardin,Benjamin L. Cardin,,MD,,100,100,
v0.1.0,1.1.0,C000174,117,S,2021-01-03,2023-01-02,Thomas,Carper,Thomas R. Carper,,DE,,100,100,
v0.1.0,1.1.0,C000880,117,S,2021-01-03,2023-01-02,Michael,Crapo,Mike Crapo,Mike,ID,,200,200,
v0.1.0,1.1.0,C001035,117,S,2021-01-03,2023-01-02,Susan,Collins,Susan M. Collins,,ME,,200,200,
v0.1.0,1.1.0,C001047,117,S,2021-01-03,2023-01-02,Shelley,Capito,Shelley Moore Capito,,WV,,200,200,
v0.1.0,1.1.0,C001056,117,S,2021-01-03,2023-01-02,John,Cornyn,John Cornyn,,TX,,200,200,
v0.1.0,1.1.0,C001070,117,S,2021-01-03,2023-01-02,Robert,Casey,"Robert P. Casey, Jr.",Bob,PA,,100,100,
v0.1.0,1.1.0,C001075,117,S,2021-01-03,2023-01-02,Bill,Cassidy,Bill Cassidy,,LA,,200,200,
v0.1.0,1.1.0,C001088,117,S,2021-01-03,2023-01-02,Christopher,Coons,Christopher A. Coons,,DE,,100,100,
v0.1.0,1.1.0,C001095,117,S,2021-01-03,2023-01-02,Tom,Cotton,Tom Cotton,,AR,,200,200,
v0.1.0,1.1.0,C001096,117,S,2021-01-03,2023-01-02,Kevin,Cramer,Kevin Cramer,,ND,,200,200,
v0.1.0,1.1.0,C001098,117,S,2021-01-03,2023-01-02,Ted,Cruz,Ted Cruz,,TX,,200,200,
v0.1.0,1.1.0,C001113,117,S,2021-01-03,2023-01-02,Catherine,Cortez Masto,Catherine Cortez Masto,,NV,,100,100,
v0.1.0,1.1.0,D000563,117,S,2021-01-03,2023-01-02,Richard,Durbin,Richard J. Durbin,,IL,,100,100,
v0.1.0,1.1.0,D000618,117,S,2021-01-03,2023-01-02,Steve,Daines,Steve Daines,,MT,,200,200,
v0.1.0,1.1.0,D000622,117,S,2021-01-03,2023-01-02,Tammy,Duckworth,Tammy Duckworth,,IL,,100,100,
v0.1.0,1.1.0,E000295,117,S,2021-01-03,2023-01-02,Joni,Ernst,Joni Ernst,,IA,,200,200,
v0.1.0,1.1.0,F000062,117,S,2021-01-03,2023-01-02,Dianne,Feinstein,Dianne Feinstein,,CA,,100,100,
v0.1.0,1.1.0,F000463,117,S,2021-01-03,2023-01-02,Deb,Fischer,Deb Fischer,,NE,,200,200,
v0.1.0,1.1.0,G000359,117,S,2021-01-03,2023-01-02,Lindsey,Graham,Lindsey Graham,,SC,,200,200,
v0.1.0,1.1.0,G000386,117,S,2021-01-03,2023-01-02,Charles,Grassley,Chuck Grassley,Chuck,IA,,200,200,
v0.1.0,1.1.0,G000555,117,S,2021-01-03,2023-01-02,Kirsten,Gillibrand,Kirsten E. Gillibrand,,NY,,100,100,
v0.1.0,1.1.0,H000273,117,S,2021-01-03,2023-01-02,John,Hickenlooper,John W. Hickenlooper,,CO,,100,100,
v0.1.0,1.1.0,H000601,117,S,2021-01-03,2023-01-02,Bill,Hagerty,Bill Hagerty,,TN,,200,200,
v0.1.0,1.1.0,H001042,117,S,2021-01-03,2023-01-02,Mazie,Hirono,Mazie K. Hirono,,HI,,100,100,
v0.1.0,1.1.0,H001046,117,S,2021-01-03,2023-01-02,Martin,Heinrich,Martin Heinrich,,NM,,100,100,
v0.1.0,1.1.0,H001061,117,S,2021-01-03,2023-01-02,John,Hoeven,John Hoeven,,ND,,200,200,
v0.1.0,1.1.0,H001075,117,S,2021-01-03,2021-01-17,Kamala,Harris,Kamala D. Harris,,CA,,100,100,
v0.1.0,1.1.0,H001076,117,S,2021-01-03,2023-01-02,Margaret,Hassan,Margaret Wood Hassan,Maggie,NH,,100,100,
v0.1.0,1.1.0,H001079,117,S,2021-01-03,2023-01-02,Cindy,Hyde-Smith,Cindy Hyde-Smith,,MS,,200,200,
v0.1.0,1.1.0,H001089,117,S,2021-01-03,2023-01-02,Joshua,Hawley,Josh Hawley,Josh,MO,,200,200,
v0.1.0,1.1.0,I000024,117,S,2021-01-03,2023-01-02,James,Inhofe,James M. Inhofe,Jim,OK,,200,200,
v0.1.0,1.1.0,J000293,117,S,2021-01-03,2023-01-02,Ron,Johnson,Ron Johnson,,WI,,200,200,
v0.1.0,1.1.0,K000367,117,S,2021-01-03,2023-01-02,Amy,Klobuchar,Amy Klobuchar,,MN,,100,100,
v0.1.0,1.1.0,K000377,117,S,2021-01-03,2023-01-02,Mark,Kelly,Mark Kelly,,AZ,,100,100,
v0.1.0,1.1.0,K000383,117,S,2021-01-03,2023-01-02,Angus,King,"Angus S. King, Jr.",,ME,,328,328,
v0.1.0,1.1.0,K000384,117,S,2021-01-03,2023-01-02,Timothy,Kaine,Tim Kaine,Tim,VA,,100,100,
v0.1.0,1.1.0,K000393,117,S,2021-01-03,2023-01-02,John,Kennedy,John Kennedy,,LA,,200,200,
v0.1.0,1.1.0,L000174,117,S,2021-01-03,2023-01-02,Patrick,Leahy,Patrick J. Leahy,,VT,,100,100,
v0.1.0,1.1.0,L000570,117,S,2021-01-03,2023-01-02,Ben,Luján,Ben Ray Luján,,NM,,100,100,
v0.1.0,1.1.0,L000571,117,S,2021-01-03,2023-01-02,Cynthia,Lummis,Cynthia M. Lummis,,WY,,200,200,
v0.1.0,1.1.0,L000575,117,S,2021-01-03,2023-01-02,James,Lankford,James Lankford,,OK,,200,200,
v0.1.0,1.1.0,L000577,117,S,2021-01-03,2023-01-02,Mike,Lee,Mike Lee,,UT,,200,200,
v0.1.0,1.1.0,L000594,117,S,2021-01-03,2021-01-19,Kelly,Loeffler,Kelly Loeffler,,GA,,200,200,
v0.1.0,1.1.0,M000133,117,S,2021-01-03,2023-01-02,Edward,Markey,Edward J. Markey,Ed,MA,,100,100,
v0.1.0,1.1.0,M000355,117,S,2021-01-03,2023-01-02,Mitch,McConnell,Mitch McConnell,,KY,,200,200,
v0.1.0,1.1.0,M000639,117,S,2021-01-03,2023-01-02,Robert,Menendez,Robert Menendez,Bob,NJ,,100,100,
v0.1.0,1.1.0,M000934,117,S,2021-01-03,2023-01-02,Jerry,Moran,Jerry Moran,,KS,,200,200,
v0.1.0,1.1.0,M001111,117,S,2021-01-03,2023-01-02,Patty,Murray,Patty Murray,,WA,,100,100,
v0.1.0,1.1.0,M001153,117,S,2021-01-03,2023-01-02,Lisa,Murkowski,Lisa Murkowski,,AK,,200,200,
v0.1.0,1.1.0,M001169,117,S,2021-01-03,2023-01-02,Christopher,Murphy,Christopher Murphy,,CT,,100,100,
v0.1.0,1.1.0,M001176,117,S,2021-01-03,2023-01-02,Jeff,Merkley,Jeff Merkley,,OR,,100,100,
v0.1.0,1.1.0,M001183,117,S,2021-01-03,2023-01-02,Joe,Manchin,"Joe Manchin, III",,WV,,328,328,
v0.1.0,1.1.0,M001198,117,S,2021-01-03,2023-01-02,Roger,Marshall,Roger Marshall,,KS,,200,200,
v0.1.0,1.1.0,O000174,117,S,2021-01-20,2023-01-02,Jon,Ossoff,Jon Ossoff,,GA,,100,100,
v0.1.0,1.1.0,P000145,117,S,2021-01-20,2022-12-20,Alejandro,Padilla,Alex Padilla,Alex,CA,,100,100,
v0.1.0,1.1.0,P000145,117,S,2022-12-22,2023-01-02,Alejandro,Padilla,Alex Padilla,Alex,CA,,100,100,
v0.1.0,1.1.0,P000449,117,S,2021-01-03,2023-01-02,Robert,Portman,Rob Portman,Rob,OH,,200,200,
v0.1.0,1.1.0,P000595,117,S,2021-01-03,2023-01-02,Gary,Peters,Gary C. Peters,,MI,,100,100,
v0.1.0,1.1.0,P000603,117,S,2021-01-03,2023-01-02,Rand,Paul,Rand Paul,,KY,,200,200,
v0.1.0,1.1.0,R000122,117,S,2021-01-03,2023-01-02,John,Reed,Jack Reed,Jack,RI,,100,100,
v0.1.0,1.1.0,R000584,117,S,2021-01-03,2023-01-02,James,Risch,James E. Risch,,ID,,200,200,
v0.1.0,1.1.0,R000595,117,S,2021-01-03,2023-01-02,Marco,Rubio,Marco Rubio,,FL,,200,200,
v0.1.0,1.1.0,R000605,117,S,2021-01-03,2023-01-02,Mike,Rounds,Mike Rounds,,SD,,200,200,
v0.1.0,1.1.0,R000608,117,S,2021-01-03,2023-01-02,Jacky,Rosen,Jacky Rosen,,NV,,100,100,
v0.1.0,1.1.0,R000615,117,S,2021-01-03,2023-01-02,Mitt,Romney,Mitt Romney,,UT,,200,200,
v0.1.0,1.1.0,S000033,117,S,2021-01-03,2023-01-02,Bernard,Sanders,Bernard Sanders,Bernie,VT,,328,328,
v0.1.0,1.1.0,S000148,117,S,2021-01-03,2023-01-02,Charles,Schumer,Charles E. Schumer,Chuck,NY,,100,100,
v0.1.0,1.1.0,S000320,117,S,2021-01-03,2023-01-02,Richard,Shelby,Richard C. Shelby,,AL,,200,200,
v0.1.0,1.1.0,S000770,117,S,2021-01-03,2023-01-02,Debbie,Stabenow,Debbie Stabenow,,MI,,100,100,
v0.1.0,1.1.0,S001181,117,S,2021-01-03,2023-01-02,Jeanne,Shaheen,Jeanne Shaheen,,NH,,100,100,
v0.1.0,1.1.0,S001184,117,S,2021-01-03,2023-01-02,Tim,Scott,Tim Scott,,SC,,200,200,
v0.1.0,1.1.0,S001191,117,S,2021-01-03,2023-01-02,Kyrsten,Sinema,Kyrsten Sinema,,AZ,,328,328,
v0.1.0,1.1.0,S001194,117,S,2021-01-03,2023-01-02,Brian,Schatz,Brian Schatz,,HI,,100,100,
v0.1.0,1.1.0,S001197,117,S,2021-01-03,2023-01-02,Benjamin,Sasse,Ben Sasse,Ben,NE,,200,200,
v0.1.0,1.1.0,S001198,117,S,2021-01-03,2023-01-02,Dan,Sullivan,Dan Sullivan,,AK,,200,200,
v0.1.0,1.1.0,S001203,117,S,2021-01-03,2023-01-02,Tina,Smith,Tina Smith,,MN,,100,100,
v0.1.0,1.1.0,S001217,117,S,2021-01-03,2023-01-02,Rick,Scott,Rick Scott,,FL,,200,200,
v0.1.0,1.1.0,T000250,117,S,2021-01-03,2023-01-02,John,Thune,John Thune,,SD,,200,200,
v0.1.0,1.1.0,T000278,117,S,2021-01-03,2023-01-02,Tommy,Tuberville,Tommy Tuberville,,AL,,200,200,
v0.1.0,1.1.0,T000461,117,S,2021-01-03,2023-01-02,Patrick,Toomey,Patrick J. Toomey,Pat,PA,,200,200,
v0.1.0,1.1.0,T000464,117,S,2021-01-03,2023-01-02,Jon,Tester,Jon Tester,,MT,,100,100,
v0.1.0,1.1.0,T000476,117,S,2021-01-03,2023-01-02,Thom,Tillis,Thom Tillis,,NC,,200,200,
v0.1.0,1.1.0,V000128,117,S,2021-01-03,2023-01-02,Chris,Van Hollen,Chris Van Hollen,,MD,,100,100,
v0.1.0,1.1.0,W000437,117,S,2021-01-03,2023-01-02,Roger,Wicker,Roger F. Wicker,,MS,,200,200,
v0.1.0,1.1.0,W000779,117,S,2021-01-03,2023-01-02,Ron,Wyden,Ron Wyden,,OR,,100,100,
v0.1.0,1.1.0,W000790,117,S,2021-01-20,2023-01-02,Raphael,Warnock,Raphael G. Warnock,,GA,,100,100,
v0.1.0,1.1.0,W000802,117,S,2021-01-03,2023-01-02,Sheldon,Whitehouse,Sheldon Whitehouse,,RI,,100,100,
v0.1.0,1.1.0,W000805,117,S,2021-01-03,2023-01-02,Mark,Warner,Mark R. Warner,,VA,,100,100,
v0.1.0,1.1.0,W000817,117,S,2021-01-03,2023-01-02,Elizabeth,Warren,Elizabeth Warren,,MA,,100,100,
v0.1.0,1.1.0,Y000064,117,S,2021-01-03,2023-01-02,Todd,Young,Todd Young,,IN,,200,200,
v0.1.0,1.1.0,A000055,118,H,2023-01-03,2025-01-02,Robert,Aderholt,Robert B. Aderholt,,AL,4,200,200,
v0.1.0,1.1.0,A000148,118,H,2023-01-03,2025-01-02,Jake,Auchincloss,Jake Auchincloss,,MA,4,100,100,
v0.1.0,1.1.0,A000369,118,H,2023-01-03,2025-01-02,Mark,Amodei,Mark E. Amodei,,NV,2,200,200,
v0.1.0,1.1.0,A000370,118,H,2023-01-03,2025-01-02,Alma,Adams,Alma S. Adams,,NC,12,100,100,
v0.1.0,1.1.0,A000371,118,H,2023-01-03,2025-01-02,Pete,Aguilar,Pete Aguilar,,CA,33,100,100,
v0.1.0,1.1.0,A000372,118,H,2023-01-03,2025-01-02,Rick,Allen,Rick W. Allen,,GA,12,200,200,
v0.1.0,1.1.0,A000375,118,H,2023-01-03,2025-01-02,Jodey,Arrington,Jodey C. Arrington,,TX,19,200,200,
v0.1.0,1.1.0,A000376,118,H,2023-01-03,2025-01-02,Colin,Allred,Colin Z. Allred,,TX,32,100,100,
v0.1.0,1.1.0,A000377,118,H,2023-01-03,2024-12-13,Kelly,Armstrong,Kelly Armstrong,,ND,0,200,200,
v0.1.0,1.1.0,A000379,118,H,2023-01-03,2025-01-02,Mark,Alford,Mark Alford,,MO,4,200,200,
v0.1.0,1.1.0,A000380,118,H,2023-11-07,2025-01-02,Gabe,Amo,Gabe Amo,,RI,1,100,100,
v0.1.0,1.1.0,B000490,118,H,2023-01-03,2025-01-02,Sanford,Bishop,"Sanford D. Bishop, Jr.",,GA,2,100,100,
v0.1.0,1.1.0,B000574,118,H,2023-01-03,2025-01-02,Earl,Blumenauer,Earl Blumenauer,,OR,3,100,100,
v0.1.0,1.1.0,B000668,118,H,2023-01-03,2025-01-02,Cliff,Bentz,Cliff Bentz,,OR,2,200,200,
v0.1.0,1.1.0,B000740,118,H,2023-01-03,2025-01-02,Stephanie,Bice,Stephanie I. Bice,,OK,5,200,200,
v0.1.0,1.1.0,B000825,118,H,2023-01-03,2025-01-02,Lauren,Boebert,Lauren Boebert,,CO,3,200,200,
v0.1.0,1.1.0,B001223,118,H,2023-01-03,2025-01-02,Jamaal,Bowman,Jamaal Bowman,,NY,16,100,100,
v0.1.0,1.1.0,B001224,118,H,2023-01-03,2025-01-02,Cori,Bush,Cori Bush,,MO,1,100,100,
v0.1.0,1.1.0,B001248,118,H,2023-01-03,2025-01-02,Michael,Burgess,Michael C. Burgess,,TX,26,200,200,
v0.1.0,1.1.0,B001257,118,H,2023-01-03,2025-01-02,Gus,Bilirakis,Gus M. Bilirakis,,FL,12,200,200,
v0.1.0,1.1.0,B001260,118,H,2023-01-03,2025-01-02,Vern,Buchanan,Vern Buchanan,,FL,16,200,200,
v0.1.0,1.1.0,B001275,118,H,2023-01-03,2025-01-02,Larry,Bucshon,Larry Bucshon,,IN,8,200,200,
v0.1.0,1.1.0,B001278,118,H,2023-01-03,2025-01-02,Suzanne,Bonamici,Suzanne Bonamici,,OR,1,100,100,
v0.1.0,1.1.0,B001281,118,H,2023-01-03,2025-01-02,Joyce,Beatty,Joyce Beatty,,OH,3,100,100,
v0.1.0,1.1.0,B001282,118,H,2023-01-03,2025-01-02,Garland,Barr,Andy Barr,Andy,KY,6,200,200,
v0.1.0,1.1.0,B001285,118,H,2023-01-03,2025-01-02,Julia,Brownley,Julia Brownley,,CA,26,100,100,
v0.1.0,1.1.0,B001287,118,H,2023-01-03,2025-01-02,Ami,Bera,Ami Bera,,CA,6,100,100,
v0.1.0,1.1.0,B001291,118,H,2023-01-03,2025-01-02,Brian,Babin,Brian Babin,,TX,36,200,200,
v0.1.0,1.1.0,B001292,118,H,2023-01-03,2025-01-02,Donald,Beyer,"Donald S. Beyer, Jr.",,VA,8,100,100,
v0.1.0,1.1.0,B001295,118,H,2023-01-03,2025-01-02,Mike,Bost,Mike Bost,,IL,12,200,200,
v0.1.0,1.1.0,B001296,118,H,2023-01-03,2025-01-02,Brendan,Boyle,Brendan F. Boyle,,PA,2,100,100,
v0.1.0,1.1.0,B001297,118,H,2023-01-03,2024-03-21,Ken,Buck,Ken Buck,,CO,4,200,200,
v0.1.0,1.1.0,B001298,118,H,2023-01-03,2025-01-02,Don,Bacon,Don Bacon,,NE,2,200,200,
v0.1.0,1.1.0,B001299,118,H,2023-01-03,2025-01-02,Jim,Banks,Jim Banks,,IN,3,200,200,
v0.1.0,1.1.0,B001300,118,H,2023-01-03,2025-01-02,Nanette,Barragán,Nanette Diaz Barragán,,CA,44,100,100,
v0.1.0,1.1.0,B001301,118,H,2023-01-03,2025-01-02,Jack,Bergman,Jack Bergman,,MI,1,200,200,
v0.1.0,1.1.0,B001302,118,H,2023-01-03,2025-01-02,Andy,Biggs,Andy Biggs,,AZ,5,200,200,
v0.1.0,1.1.0,B001303,118,H,2023-01-03,2025-01-02,Lisa,Blunt Rochester,Lisa Blunt Rochester,,DE,0,100,100,
v0.1.0,1.1.0,B001306,118,H,2023-01-03,2025-01-02,Troy,Balderson,Troy Balderson,,OH,12,200,200,
v0.1.0,1.1.0,B001307,118,H,2023-01-03,2025-01-02,James,Baird,James R. Baird,,IN,4,200,200,
v0.1.0,1.1.0,B001309,118,H,2023-01-03,2025-01-02,Tim,Burchett,Tim Burchett,,TN,2,200,200,
v0.1.0,1.1.0,B001311,118,H,2023-01-03,2025-01-02,Dan,Bishop,Dan Bishop,,NC,8,200,200,
v0.1.0,1.1.0,B001313,118,H,2023-01-03,2025-01-02,Shontel,Brown,Shontel M. Brown,,OH,11,100,100,
v0.1.0,1.1.0,B001314,118,H,2023-01-03,2025-01-02,Aaron,Bean,Aaron Bean,,FL,4,200,200,
v0.1.0,1.1.0,B001315,118,H,2023-01-03,2025-01-02,Nicole (Nikki),Budzinski,Nikki Budzinski,,IL,13,100,100,
v0.1.0,1.1.0,B001316,118,H,2023-01-03,2025-01-02,Eric,Burlison,Eric Burlison,,MO,7,200,200,
v0.1.0,1.1.0,B001317,118,H,2023-01-03,2025-01-02,Josh,Brecheen,Josh Brecheen,,OK,2,200,200,
v0.1.0,1.1.0,B001318,118,H,2023-01-03,2025-01-02,Becca,Balint,Becca Balint,,VT,0,100,100,
v0.1.0,1.1.0,C000059,118,H,2023-01-03,2025-01-02,Ken,Calvert,Ken Calvert,,CA,41,200,200,
v0.1.0,1.1.0,C001039,118,H,2023-01-03,2025-01-02,Katherine,Cammack,Kat Cammack,Kat,FL,3,200,200,
v0.1.0,1.1.0,C001051,118,H,2023-01-03,2025-01-02,John,Carter,John R. Carter,,TX,31,200,200,
v0.1.0,1.1.0,C001053,118,H,2023-01-03,2025-01-02,Tom,Cole,Tom Cole,,OK,4,200,200,
v0.1.0,1.1.0,C001054,118,H,2023-01-03,2025-01-02,Jerry,Carl,Jerry L. Carl,,AL,1,200,200,
v0.1.0,1.1.0,C001055,118,H,2023-01-03,2025-01-02,Ed,Case,Ed Case,,HI,1,100,100,
v0.1.0,1.1.0,C001059,118,H,2023-01-03,2025-01-02,Jim,Costa,Jim Costa,,CA,21,100,100,
v0.1.0,1.1.0,C001061,118,H,2023-01-03,2025-01-02,Emanuel,Cleaver,Emanuel Cleaver,,MO,5,100,100,
v0.1.0,1.1.0,C001063,118,H,2023-01-03,2025-01-02,Henry,Cuellar,Henry Cuellar,,TX,28,100,100,
v0.1.0,1.1.0,C001066,118,H,2023-01-03,2025-01-02,Kathy,Castor,Kathy Castor,,FL,14,100,100,
v0.1.0,1.1.0,C001067,118,H,2023-01-03,2025-01-02,Yvette,Clarke,Yvette D. Clarke,,NY,9,100,100,
v0.1.0,1.1.0,C001068,118,H,2023-01-03,2025-01-02,Steve,Cohen,Steve Cohen,,TN,9,100,100,
v0.1.0,1.1.0,C001069,118,H,2023-01-03,2025-01-02,Joe,Courtney,Joe Courtney,,CT,2,100,100,
v0.1.0,1.1.0,C001072,118,H,2023-01-03,2025-01-02,André,Carson,André Carson,,IN,7,100,100,
v0.1.0,1.1.0,C001078,118,H,2023-01-03,2025-01-02,Gerald,Connolly,Gerald E. Connolly,,VA,11,100,100,
v0.1.0,1.1.0,C001080,118,H,2023-01-03,2025-01-02,Judy,Chu,Judy Chu,,CA,28,100,100,
v0.1.0,1.1.0,C001084,118,H,2023-01-03,2023-05-30,David,Cicilline,David N. Cicilline,,RI,1,100,100,
v0.1.0,1.1.0,C001087,118,H,2023-01-03,2025-01-02,Eric,Crawford,"Eric A. ""Rick"" Crawford",Rick,AR,1,200,200,
v0.1.0,1.1.0,C001090,118,H,2023-01-03,2025-01-02,Matthew,Cartwright,Matt Cartwright,Matt,PA,8,100,100,
v0.1.0,1.1.0,C001091,118,H,2023-01-03,2025-01-02,Joaquin,Castro,Joaquin Castro,,TX,20,100,100,
v0.1.0,1.1.0,C001097,118,H,2023-01-03,2025-01-02,Tony,Cárdenas,Tony Cárdenas,,CA,29,100,100,
v0.1.0,1.1.0,C001101,118,H,2023-01-03,2025-01-02,Katherine,Clark,Katherine M. Clark,,MA,5,100,100,
v0.1.0,1.1.0,C001103,118,H,2023-01-03,2025-01-02,Earl,Carter,"Earl L. ""Buddy"" Carter",Buddy,GA,1,200,200,
v0.1.0,1.1.0,C001108,118,H,2023-01-03,2025-01-02,James,Comer,James Comer,,KY,1,200,200,
v0.1.0,1.1.0,C001110,118,H,2023-01-03,2025-01-02,J.,Correa,J. Luis Correa,,CA,46,100,100,
v0.1.0,1.1.0,C001112,118,H,2023-01-03,2025-01-02,Salud,Carbajal,Salud O. Carbajal,,CA,24,100,100,
v0.1.0,1.1.0,C001114,118,H,2023-01-03,2025-01-02,John,Curtis,John R. Curtis,,UT,3,200,200,
v0.1.0,1.1.0,C001115,118,H,2023-01-03,2025-01-02,Michael,Cloud,Michael Cloud,,TX,27,200,200,
v0.1.0,1.1.0,C001116,118,H,2023-01-03,2025-01-02,Andrew,Clyde,Andrew S. Clyde,,GA,9,200,200,
v0.1.0,1.1.0,C001117,118,H,2023-01-03,2025-01-02,Sean,Casten,Sean Casten,,IL,6,100,100,
v0.1.0,1.1.0,C001118,118,H,2023-01-03,2025-01-02,Ben,Cline,Ben Cline,,VA,6,200,200,
v0.1.0,1.1.0,C001119,118,H,2023-01-03,2025-01-02,Angie,Craig,Angie Craig,,MN,2,100,100,
v0.1.0,1.1.0,C001120,118,H,2023-01-03,2025-01-02,Dan,Crenshaw,Dan Crenshaw,,TX,2,200,200,
v0.1.0,1.1.0,C001121,118,H,2023-01-03,2025-01-02,Jason,Crow,Jason Crow,,CO,6,100,100,
v0.1.0,1.1.0,C001125,118,H,2023-01-03,2025-01-02,Troy,Carter,Troy A. Carter,,LA,2,100,100,
v0.1.0,1.1.0,C001126,118,H,2023-01-03,2025-01-02,Mike,Carey,Mike Carey,,OH,15,200,200,
v0.1.0,1.1.0,C001127,118,H,2023-01-03,2025-01-02,Sheila,Cherfilus-McCormick,Sheila Cherfilus-McCormick,,FL,20,100,100,
v0.1.0,1.1.0,C001129,118,H,2023-01-03,2025-01-02,Mike,Collins,Mike Collins,,GA,10,200,200,
v0.1.0,1.1.0,C001130,118,H,2023-01-03,2025-01-02,Jasmine,Crockett,Jasmine Crockett,,TX,30,100,100,
v0.1.0,1.1.0,C001131,118,H,2023-01-03,2025-01-02,Gregorio,Casar,Greg Casar,,TX,35,100,100,
v0.1.0,1.1.0,C001132,118,H,2023-01-03,2025-01-02,Eli,Crane,Elijah Crane,,AZ,2,200,200,
v0.1.0,1.1.0,C001133,118,H,2023-01-03,2025-01-02,Juan,Ciscomani,Juan Ciscomani,,AZ,6,200,200,
v0.1.0,1.1.0,C001134,118,H,2023-01-03,2025-01-02,Yadira,Caraveo,Yadira Caraveo,,CO,8,100,100,
v0.1.0,1.1.0,C001135,118,H,2023-01-03,2025-01-02,Lori,Chavez-DeRemer,Lori Chavez-DeRemer,,OR,5,200,200,
v0.1.0,1.1.0,D000032,118,H,2023-01-03,2025-01-02,Byron,Donalds,Byron Donalds,,FL,19,200,200,
v0.1.0,1.1.0,D000096,118,H,2023-01-03,2025-01-02,Danny,Davis,Danny K. Davis,,IL,7,100,100,
v0.1.0,1.1.0,D000197,118,H,2023-01-03,2025-01-02,Diana,DeGette,Diana DeGette,,CO,1,100,100,
v0.1.0,1.1.0,D000216,118,H,2023-01-03,2025-01-02,Rosa,DeLauro,Rosa L. DeLauro,,CT,3,100,100,
v0.1.0,1.1.0,D000230,118,H,2023-01-03,2025-01-02,Donald,Davis,Donald G. Davis,,NC,1,100,100,
v0.1.0,1.1.0,D000399,118,H,2023-01-03,2025-01-02,Lloyd,Doggett,Lloyd Doggett,,TX,37,100,100,
v0.1.0,1.1.0,D000530,118,H,2023-01-03,2025-01-02,Chris,Deluzio,Christopher R. Deluzio,,PA,17,100,100,
v0.1.0,1.1.0,D000594,118,H,2023-01-03,2025-01-02,Mónica,De La Cruz,Monica De La Cruz,,TX,15,200,200,
v0.1.0,1.1.0,D000600,118,H,2023-01-03,2025-01-02,Mario,Diaz-Balart,Mario Diaz-Balart,,FL,26,200,200,
v0.1.0,1.1.0,D000615,118,H,2023-01-03,2025-01-02,Jeff,Duncan,Jeff Duncan,,SC,3,200,200,
v0.1.0,1.1.0,D000616,118,H,2023-01-03,2025-01-02,Scott,DesJarlais,Scott DesJarlais,,TN,4,200,200,
v0.1.0,1.1.0,D000617,118,H,2023-01-03,2025-01-02,Suzan,DelBene,Suzan K. DelBene,,WA,1,100,100,
v0.1.0,1.1.0,D000623,118,H,2023-01-03,2025-01-02,Mark,DeSaulnier,Mark DeSaulnier,,CA,10,100,100,
v0.1.0,1.1.0,D000624,118,H,2023-01-03,2025-01-02,Debbie,Dingell,Debbie Dingell,,MI,6,100,100,
v0.1.0,1.1.0,D000626,118,H,2023-01-03,2025-01-02,Warren,Davidson,Warren Davidson,,OH,8,200,200,
v0.1.0,1.1.0,D000628,118,H,2023-01-03,2025-01-02,Neal,Dunn,Neal P. Dunn,,FL,2,200,200,
v0.1.0,1.1.0,D000629,118,H,2023-01-03,2025-01-02,Sharice,Davids,Sharice Davids,,KS,3,100,100,
v0.1.0,1.1.0,D000631,118,H,2023-01-03,2025-01-02,Madeleine,Dean,Madeleine Dean,,PA,4,100,100,
v0.1.0,1.1.0,D000632,118,H,2023-01-03,2025-01-02,Anthony,D'Esposito,Anthony D’Esposito,,NY,4,200,200,
v0.1.0,1.1.0,D000633,118,H,2023-01-03,2025-01-02,John,Duarte,John S. Duarte,,CA,13,200,200,
v0.1.0,1.1.0,E000071,118,H,2023-01-03,2025-01-02,Jake,Ellzey,Jake Ellzey,,TX,6,200,200,
v0.1.0,1.1.0,E000215,118,H,2023-01-03,2025-01-02,Anna,Eshoo,Anna G. Eshoo,,CA,16,100,100,
v0.1.0,1.1.0,E000235,118,H,2023-01-03,2025-01-02,Mike,Ezell,Mike Ezell,,MS,4,200,200,
v0.1.0,1.1.0,E000246,118,H,2023-01-03,2025-01-02,Charles (Chuck),Edwards,Chuck Edwards,,NC,11,200,200,
v0.1.0,1.1.0,E000294,118,H,2023-01-03,2025-01-02,Tom,Emmer,Tom Emmer,,MN,6,200,200,
v0.1.0,1.1.0,E000296,118,H,2023-01-03,2025-01-02,Dwight,Evans,Dwight Evans,,PA,3,100,100,
v0.1.0,1.1.0,E000297,118,H,2023-01-03,2025-01-02,Adriano,Espaillat,Adriano Espaillat,,NY,13,100,100,
v0.1.0,1.1.0,E000298,118,H,2023-01-03,2025-01-02,Ron,Estes,Ron Estes,,KS,4,200,200,
v0.1.0,1.1.0,E000299,118,H,2023-01-03,2025-01-02,Veronica,Escobar,Veronica Escobar,,TX,16,100,100,
v0.1.0,1.1.0,F000246,118,H,2023-01-03,2025-01-02,Patrick,Fallon,Pat Fallon,Pat,TX,4,200,200,
v0.1.0,1.1.0,F000446,118,H,2023-01-03,2025-01-02,Randy,Feenstra,Randy Feenstra,,IA,4,200,200,
v0.1.0,1.1.0,F000450,118,H,2023-01-03,2025-01-02,Virginia,Foxx,Virginia Foxx,,NC,5,200,200,
v0.1.0,1.1.0,F000454,118,H,2023-01-03,2025-01-02,Bill,Foster,Bill Foster,,IL,11,100,100,
v0.1.0,1.1.0,F000459,118,H,2023-01-03,2025-01-02,Charles,Fleischmann,"Charles J. ""Chuck"" Fleischmann",Chuck,TN,3,200,200,
v0.1.0,1.1.0,F000462,118,H,2023-01-03,2025-01-02,Lois,Frankel,Lois Frankel,,FL,22,100,100,
v0.1.0,1.1.0,F000465,118,H,2023-01-03,2025-01-02,A.,Ferguson,A. Drew Ferguson IV,,GA,3,200,200,
v0.1.0,1.1.0,F000466,118,H,2023-01-03,2025-01-02,Brian,Fitzpatrick,Brian K. Fitzpatrick,,PA,1,200,200,
v0.1.0,1.1.0,F000468,118,H,2023-01-03,2025-01-02,Lizzie,Fletcher,Lizzie Fletcher,,TX,7,100,100,
v0.1.0,1.1.0,F000469,118,H,2023-01-03,2025-01-02,Russ,Fulcher,Russ Fulcher,,ID,1,200,200,
v0.1.0,1.1.0,F000470,118,H,2023-01-03,2025-01-02,Michelle,Fischbach,Michelle Fischbach,,MN,7,200,200,
v0.1.0,1.1.0,F000471,118,H,2023-01-03,2025-01-02,Scott,Fitzgerald,Scott Fitzgerald,,WI,5,200,200,
v0.1.0,1.1.0,F000472,118,H,2023-01-03,2025-01-02,C.,Franklin,Scott Franklin,,FL,18,200,200,
v0.1.0,1.1.0,F000474,118,H,2023-01-03,2025-01-02,Mike,Flood,Mike Flood,,NE,1,200,200,
v0.1.0,1.1.0,F000475,118,H,2023-01-03,2025-01-02,Brad,Finstad,Brad Finstad,,MN,1,200,200,
v0.1.0,1.1.0,F000476,118,H,2023-01-03,2025-01-02,Maxwell,Frost,Maxwell Frost,,FL,10,100,100,
v0.1.0,1.1.0,F000477,118,H,2023-01-03,2025-01-02,Valerie,Foushee,Valerie P. Foushee,,NC,4,100,100,
v0.1.0,1.1.0,F000478,118,H,2023-01-03,2025-01-02,Russell,Fry,Russell Fry,,SC,7,200,200,
v0.1.0,1.1.0,F000480,118,H,2024-06-03,2025-01-02,Vince,Fong,Vince Fong,,CA,20,200,200,
v0.1.0,1.1.0,G000061,118,H,2023-01-03,2025-01-02,Mike,Garcia,Mike Garcia,,CA,27,200,200,
v0.1.0,1.1.0,G000377,118,H,2023-01-03,2025-01-02,Kay,Granger,Kay Granger,,TX,12,200,200,
v0.1.0,1.1.0,G000546,118,H,2023-01-03,2025-01-02,Sam,Graves,Sam Graves,,MO,6,200,200,
v0.1.0,1.1.0,G000551,118,H,2023-01-03,2025-01-02,Raúl,Grijalva,Raúl M. Grijalva,,AZ,7,100,100,
v0.1.0,1.1.0,G000553,118,H,2023-01-03,2025-01-02,Al,Green,Al Green,,TX,9,100,100,
v0.1.0,1.1.0,G000558,118,H,2023-01-03,2025-01-02,Brett,Guthrie,Brett Guthrie,,KY,2,200,200,
v0.1.0,1.1.0,G000559,118,H,2023-01-03,2025-01-02,John,Garamendi,John Garamendi,,CA,8,100,100,
v0.1.0,1.1.0,G000565,118,H,2023-01-03,2025-01-02,Paul,Gosar,Paul A. Gosar,,AZ,9,200,200,
v0.1.0,1.1.0,G000568,118,H,2023-01-03,2025-01-02,H.,Griffith,H. Morgan Griffith,,VA,9,200,200,
v0.1.0,1.1.0,G000574,118,H,2023-01-03,2025-01-02,Ruben,Gallego,Ruben Gallego,,AZ,3,100,100,
v0.1.0,1.1.0,G000576,118,H,2023-01-03,2025-01-02,Glenn,Grothman,Glenn Grothman,,WI,6,200,200,
v0.1.0,1.1.0,G000577,118,H,2023-01-03,2025-01-02,Garret,Graves,Garret Graves,,LA,6,200,200,
v0.1.0,1.1.0,G000578,118,H,2023-01-03,2024-11-12,Matt,Gaetz,Matt Gaetz,,FL,1,200,200,
v0.1.0,1.1.0,G000579,118,H,2023-01-03,2024-04-23,Mike,Gallagher,Mike Gallagher,,WI,8,200,200,
v0.1.0,1.1.0,G000581,118,H,2023-01-03,2025-01-02,Vicente,Gonzalez,Vicente Gonzalez,,TX,34,100,100,
v0.1.0,1.1.0,G000582,118,H,2023-01-03,2025-01-02,Jenniffer,González-Colón,Jenniffer González-Colón,,PR,0,200,200,
v0.1.0,1.1.0,G000583,118,H,2023-01-03,2025-01-02,Josh,Gottheimer,Josh Gottheimer,,NJ,5,100,100,
v0.1.0,1.1.0,G000585,118,H,2023-01-03,2025-01-02,Jimmy,Gomez,Jimmy Gomez,,CA,34,100,100,
v0.1.0,1.1.0,G000586,118,H,2023-01-03,2025-01-02,Jesús,García,"Jesús G. ""Chuy"" García",Chuy,IL,4,100,100,
v0.1.0,1.1.0,G000587,118,H,2023-01-03,2025-01-02,Sylvia,Garcia,Sylvia R. Garcia,,TX,29,100,100,
v0.1.0,1.1.0,G000589,118,H,2023-01-03,2025-01-02,Lance,Gooden,Lance Gooden,,TX,5,200,200,
v0.1.0,1.1.0,G000590,118,H,2023-01-03,2025-01-02,Mark,Green,Mark E. Green,,TN,7,200,200,
v0.1.0,1.1.0,G000591,118,H,2023-01-03,2025-01-02,Michael,Guest,Michael Guest,,MS,3,200,200,
v0.1.0,1.1.0,G000592,118,H,2023-01-03,2025-01-02,Jared,Golden,Jared F. Golden,,ME,2,100,100,
v0.1.0,1.1.0,G000593,118,H,2023-01-03,2025-01-02,Carlos,Gimenez,Carlos A. Gimenez,,FL,28,200,200,
v0.1.0,1.1.0,G000594,118,H,2023-01-03,2025-01-02,Ernest,Gonzales,Tony Gonzales,Tony,TX,23,200,200,
v0.1.0,1.1.0,G000595,118,H,2023-01-03,2025-01-02,Robert,Good,Bob Good,Bob,VA,5,200,200,
v0.1.0,1.1.0,G000596,118,H,2023-01-03,2025-01-02,Marjorie,Greene,Marjorie Taylor Greene,,GA,14,200,200,
v0.1.0,1.1.0,G000597,118,H,2023-01-03,2025-01-02,Andrew,Garbarino,Andrew R. Garbarino,,NY,2,200,200,
v0.1.0,1.1.0,G000598,118,H,2023-01-03,2025-01-02,Robert,Garcia,Robert Garcia,,CA,42,100,100,
v0.1.0,1.1.0,G000599,118,H,2023-01-03,2025-01-02,Dan,Goldman,Daniel S. Goldman,,NY,10,100,100,
v0.1.0,1.1.0,G000600,118,H,2023-01-03,2025-01-02,Marie,Gluesenkamp Perez,Marie Gluesenkamp Perez,,WA,3,100,100,
v0.1.0,1.1.0,H000874,118,H,2023-01-03,2025-01-02,Steny,Hoyer,Steny H. Hoyer,,MD,5,100,100,
v0.1.0,1.1.0,H001038,118,H,2023-01-03,2024-02-01,Brian,Higgins,Brian Higgins,,NY,26,100,100,
v0.1.0,1.1.0,H001047,118,H,2023-01-03,2025-01-02,James,Himes,James A. Himes,Jim,CT,4,100,100,
v0.1.0,1.1.0,H001052,118,H,2023-01-03,2025-01-02,Andy,Harris,Andy Harris,,MD,1,200,200,
v0.1.0,1.1.0,H001058,118,H,2023-01-03,2025-01-02,Bill,Huizenga,Bill Huizenga,,MI,4,200,200,
v0.1.0,1.1.0,H001066,118,H,2023-01-03,2025-01-02,Steven,Horsford,Steven Horsford,,NV,4,100,100,
v0.1.0,1.1.0,H001067,118,H,2023-01-03,2025-01-02,Richard,Hudson,Richard Hudson,,NC,9,200,200,
v0.1.0,1.1.0,H001068,118,H,2023-01-03,2025-01-02,Jared,Huffman,Jared Huffman,,CA,2,100,100,
v0.1.0,1.1.0,H001072,118,H,2023-01-03,2025-01-02,J.,Hill,J. French Hill,,AR,2,200,200,
v0.1.0,1.1.0,H001077,118,H,2023-01-03,2025-01-02,Clay,Higgins,Clay Higgins,,LA,3,200,200,
v0.1.0,1.1.0,H001081,118,H,2023-01-03,2025-01-02,Jahana,Hayes,Jahana Hayes,,CT,5,100,100,
v0.1.0,1.1.0,H001082,118,H,2023-01-03,2025-01-02,Kevin,Hern,Kevin Hern,,OK,1,200,200,
v0.1.0,1.1.0,H001085,118,H,2023-01-03,2025-01-02,Chrissy,Houlahan,Chrissy Houlahan,,PA,6,100,100,
v0.1.0,1.1.0,H001086,118,H,2023-01-03,2025-01-02,Diana,Harshbarger,Diana Harshbarger,,TN,1,200,200,
v0.1.0,1.1.0,H001090,118,H,2023-01-03,2025-01-02,Josh,Harder,Josh Harder,,CA,9,100,100,
v0.1.0,1.1.0,H001091,118,H,2023-01-03,2025-01-02,Ashley,Hinson,Ashley Hinson,,IA,2,200,200,
v0.1.0,1.1.0,H001093,118,H,2023-01-03,2025-01-02,Erin,Houchin,Erin Houchin,,IN,9,200,200,
v0.1.0,1.1.0,H001094,118,H,2023-01-03,2025-01-02,Valerie,Hoyle,Val T. Hoyle,,OR,4,100,100,
v0.1.0,1.1.0,H001095,118,H,2023-01-03,2025-01-02,Wesley,Hunt,Wesley Hunt,,TX,38,200,200,
v0.1.0,1.1.0,H001096,118,H,2023-01-03,2025-01-02,Harriet,Hageman,Harriet M. Hageman,,WY,0,200,200,
v0.1.0,1.1.0,I000056,118,H,2023-01-03,2025-01-02,Darrell,Issa,Darrell Issa,,CA,48,200,200,
v0.1.0,1.1.0,I000058,118,H,2023-01-03,2025-01-02,Glenn,Ivey,Glenn Ivey,,MD,4,100,100,
v0.1.0,1.1.0,J000032,118,H,2023-01-03,2024-07-18,Sheila,Jackson Lee,Sheila Jackson Lee,,TX,18,100,100,
v0.1.0,1.1.0,J000288,118,H,2023-01-03,2025-01-02,Henry,Johnson,"Henry C. ""Hank"" Johnson, Jr.",Hank,GA,4,100,100,
v0.1.0,1.1.0,J000289,118,H,2023-01-03,2025-01-02,Jim,Jordan,Jim Jordan,,OH,4,200,200,
v0.1.0,1.1.0,J000292,118,H,2023-01-03,2024-01-20,Bill,Johnson,Bill Johnson,,OH,6,200,200,
v0.1.0,1.1.0,J000294,118,H,2023-01-03,2025-01-02,Hakeem,Jeffries,Hakeem S. Jeffries,,NY,8,100,100,
v0.1.0,1.1.0,J000295,118,H,2023-01-03,2025-01-02,David,Joyce,David P. Joyce,,OH,14,200,200,
v0.1.0,1.1.0,J000298,118,H,2023-01-03,2025-01-02,Pramila,Jayapal,Pramila Jayapal,,WA,7,100,100,
v0.1.0,1.1.0,J000299,118,H,2023-01-03,2025-01-02,Mike,Johnson,Mike Johnson,,LA,4,200,200,
v0.1.0,1.1.0,J000301,118,H,2023-01-03,2025-01-02,Dusty,Johnson,Dusty Johnson,,SD,0,200,200,
v0.1.0,1.1.0,J000302,118,H,2023-01-03,2025-01-02,John,Joyce,John Joyce,,PA,13,200,200,
v0.1.0,1.1.0,J000304,118,H,2023-01-03,2025-01-02,Ronny,Jackson,Ronny Jackson,,TX,13,200,200,
v0.1.0,1.1.0,J000305,118,H,2023-01-03,2025-01-02,Sara,Jacobs,Sara Jacobs,,CA,51,100,100,
v0.1.0,1.1.0,J000307,118,H,2023-01-03,2025-01-02,John,James,John James,,MI,10,200,200,
v0.1.0,1.1.0,J000308,118,H,2023-01-03,2024-12-30,Jeffrey,Jackson,Jeff Jackson,,NC,14,100,100,
v0.1.0,1.1.0,J000309,118,H,2023-01-03,2025-01-02,Jonathan,Jackson,Jonathan L. Jackson,,IL,1,100,100,
v0.1.0,1.1.0,K000009,118,H,2023-01-03,2025-01-02,Marcy,Kaptur,Marcy Kaptur,,OH,9,100,100,
v0.1.0,1.1.0,K000375,118,H,2023-01-03,2025-01-02,William,Keating,William R. Keating,,MA,9,100,100,
v0.1.0,1.1.0,K000376,118,H,2023-01-03,2025-01-02,Mike,Kelly,Mike Kelly,,PA,16,200,200,
v0.1.0,1.1.0,K000380,118,H,2023-01-03,2025-01-02,Daniel,Kildee,Daniel T. Kildee,,MI,8,100,100,
v0.1.0,1.1.0,K000381,118,H,2023-01-03,2025-01-02,Derek,Kilmer,Derek Kilmer,,WA,6,100,100,
v0.1.0,1.1.0,K000382,118,H,2023-01-03,2025-01-02,Ann,Kuster,Ann M. Kuster,,NH,2,100,100,
v0.1.0,1.1.0,K000385,118,H,2023-01-03,2025-01-02,Robin,Kelly,Robin L. Kelly,,IL,2,100,100,
v0.1.0,1.1.0,K000388,118,H,2023-01-03,2025-01-02,Trent,Kelly,Trent Kelly,,MS,1,200,200,
v0.1.0,1.1.0,K000389,118,H,2023-01-03,2025-01-02,Ro,Khanna,Ro Khanna,,CA,17,100,100,
v0.1.0,1.1.0,K000391,118,H,2023-01-03,2025-01-02,Raja,Krishnamoorthi,Raja Krishnamoorthi,,IL,8,100,100,
v0.1.0,1.1.0,K000392,118,H,2023-01-03,2025-01-02,David,Kustoff,David Kustoff,,TN,8,200,200,
v0.1.0,1.1.0,K000394,118,H,2023-01-03,2024-12-07,Andy,Kim,Andy Kim,,NJ,3,100,100,
v0.1.0,1.1.0,K000397,118,H,2023-01-03,2025-01-02,Young,Kim,Young Kim,,CA,40,200,200,
v0.1.0,1.1.0,K000398,118,H,2023-01-03,2025-01-02,Thomas,Kean,"Thomas H. Kean, Jr.",,NJ,7,200,200,
v0.1.0,1.1.0,K000399,118,H,2023-01-03,2025-01-02,Jennifer,Kiggans,Jennifer A. Kiggans,,VA,2,200,200,
v0.1.0,1.1.0,K000400,118,H,2023-01-03,2025-01-02,Sydney,Kamlager-Dove,Sydney Kamlager-Dove,,CA,37,100,100,
v0.1.0,1.1.0,K000401,118,H,2023-01-03,2025-01-02,Kevin,Kiley,Kevin Kiley,,CA,3,200,200,
v0.1.0,1.1.0,K000402,118,H,2024-05-06,2025-01-02,Timothy,Kennedy,Timothy M. Kennedy,,NY,26,100,100,
v0.1.0,1.1.0,L000266,118,H,2023-01-03,2025-01-02,Jacob,LaTurner,Jake LaTurner,Jake,KS,2,200,200,
v0.1.0,1.1.0,L000273,118,H,2023-01-03,2025-01-02,Teresa,Leger Fernandez,Teresa Leger Fernandez,,NM,3,100,100,
v0.1.0,1.1.0,L000397,118,H,2023-01-03,2025-01-02,Zoe,Lofgren,Zoe Lofgren,,CA,18,100,100,
v0.1.0,1.1.0,L000491,118,H,2023-01-03,2025-01-02,Frank,Lucas,Frank D. Lucas,,OK,3,200,200,
v0.1.0,1.1.0,L000551,118,H,2023-01-03,2025-01-02,Barbara,Lee,Barbara Lee,,CA,12,100,100,
v0.1.0,1.1.0,L000557,118,H,2023-01-03,2025-01-02,John,Larson,John B. Larson,,CT,1,100,100,
v0.1.0,1.1.0,L000560,118,H,2023-01-03,2025-01-02,Rick,Larsen,Rick Larsen,,WA,2,100,100,
v0.1.0,1.1.0,L000562,118,H,2023-01-03,2025-01-02,Stephen,Lynch,Stephen F. Lynch,,MA,8,100,100,
v0.1.0,1.1.0,L000564,118,H,2023-01-03,2025-01-02,Doug,Lamborn,Doug Lamborn,,CO,5,200,200,
v0.1.0,1.1.0,L000566,118,H,2023-01-03,2025-01-02,Robert,Latta,Robert E. Latta,,OH,5,200,200,
v0.1.0,1.1.0,L000569,118,H,2023-01-03,2025-01-02,Blaine,Luetkemeyer,Blaine Luetkemeyer,,MO,3,200,200,
v0.1.0,1.1.0,L000578,118,H,2023-01-03,2025-01-02,Doug,LaMalfa,Doug LaMalfa,,CA,1,200,200,
v0.1.0,1.1.0,L000582,118,H,2023-01-03,2025-01-02,Ted,Lieu,Ted Lieu,,CA,36,100,100,
v0.1.0,1.1.0,L000583,118,H,2023-01-03,2025-01-02,Barry,Loudermilk,Barry Loudermilk,,GA,11,200,200,
v0.1.0,1.1.0,L000585,118,H,2023-01-03,2025-01-02,Darin,LaHood,Darin LaHood,,IL,16,200,200,
v0.1.0,1.1.0,L000589,118,H,2023-01-03,2025-01-02,Debbie,Lesko,Debbie Lesko,,AZ,8,200,200,
v0.1.0,1.1.0,L000590,118,H,2023-01-03,2025-01-02,Susie,Lee,Susie Lee,,NV,3,100,100,
v0.1.0,1.1.0,L000593,118,H,2023-01-03,2025-01-02,Mike,Levin,Mike Levin,,CA,49,100,100,
v0.1.0,1.1.0,L000595,118,H,2023-01-03,2025-01-02,Julia,Letlow,Julia Letlow,,LA,5,200,200,
v0.1.0,1.1.0,L000596,118,H,2023-01-03,2025-01-02,Anna,Luna,Anna Paulina Luna,,FL,13,200,200,
v0.1.0,1.1.0,L000597,118,H,2023-01-03,2025-01-02,Laurel,Lee,Laurel M. Lee,,FL,15,200,200,
v0.1.0,1.1.0,L000598,118,H,2023-01-03,2025-01-02,Nicolas,LaLota,Nick LaLota,,NY,1,200,200,
v0.1.0,1.1.0,L000599,118,H,2023-01-03,2025-01-02,Michael,Lawler,Michael Lawler,,NY,17,200,200,
v0.1.0,1.1.0,L000600,118,H,2023-01-03,2025-01-02,Nicholas,Langworthy,Nicholas A. Langworthy,,NY,23,200,200,
v0.1.0,1.1.0,L000601,118,H,2023-01-03,2025-01-02,Greg,Landsman,Greg Landsman,,OH,1,100,100,
v0.1.0,1.1.0,L000602,118,H,2023-01-03,2025-01-02,Summer,Lee,Summer L. Lee,,PA,12,100,100,
v0.1.0,1.1.0,L000603,118,H,2023-01-03,2025-01-02,Morgan,Luttrell,Morgan Luttrell,,TX,8,200,200,
v0.1.0,1.1.0,L000604,118,H,2024-07-08,2025-01-02,Greg,Lopez,Greg Lopez,,CO,4,200,200,
v0.1.0,1.1.0,L000605,118,H,2024-11-05,2025-01-02,Erica,Lee Carter,Erica Lee Carter,,TX,18,100,100,
v0.1.0,1.1.0,M000194,118,H,2023-01-03,2025-01-02,Nancy,Mace,Nancy Mace,,SC,1,200,200,
v0.1.0,1.1.0,M000312,118,H,2023-01-03,2025-01-02,James,McGovern,James P. McGovern,Jim,MA,2,100,100,
v0.1.0,1.1.0,M000317,118,H,2023-01-03,2025-01-02,Nicole,Malliotakis,Nicole Malliotakis,,NY,11,200,200,
v0.1.0,1.1.0,M000687,118,H,2023-01-03,2025-01-02,Kweisi,Mfume,Kweisi Mfume,,MD,7,100,100,
v0.1.0,1.1.0,M000871,118,H,2023-01-03,2025-01-02,Tracey,Mann,Tracey Mann,,KS,1,200,200,
v0.1.0,1.1.0,M001135,118,H,2023-01-03,2025-01-02,Kathy,Manning,Kathy E. Manning,,NC,6,100,100,
v0.1.0,1.1.0,M001136,118,H,2023-01-03,2025-01-02,Lisa,McClain,Lisa C. McClain,,MI,9,200,200,
v0.1.0,1.1.0,M001137,118,H,2023-01-03,2025-01-02,Gregory,Meeks,Gregory W. Meeks,,NY,5,100,100,
v0.1.0,1.1.0,M001143,118,H,2023-01-03,2025-01-02,Betty,McCollum,Betty McCollum,,MN,4,100,100,
v0.1.0,1.1.0,M001156,118,H,2023-01-03,2025-01-02,Patrick,McHenry,Patrick T. McHenry,,NC,10,200,200,
v0.1.0,1.1.0,M001157,118,H,2023-01-03,2025-01-02,Michael,McCaul,Michael T. McCaul,,TX,10,200,200,
v0.1.0,1.1.0,M001159,118,H,2023-01-03,2025-01-02,Cathy,McMorris Rodgers,Cathy McMorris Rodgers,,WA,5,200,200,
v0.1.0,1.1.0,M001160,118,H,2023-01-03,2025-01-02,Gwen,Moore,Gwen Moore,,WI,4,100,100,
v0.1.0,1.1.0,M001163,118,H,2023-01-03,2025-01-02,Doris,Matsui,Doris O. Matsui,,CA,7,100,100,
v0.1.0,1.1.0,M001165,118,H,2023-01-03,2023-12-30,Kevin,McCarthy,Kevin McCarthy,,CA,20,200,200,
v0.1.0,1.1.0,M001177,118,H,2023-01-03,2025-01-02,Tom,McClintock,Tom McClintock,,CA,5,200,200,
v0.1.0,1.1.0,M001184,118,H,2023-01-03,2025-01-02,Thomas,Massie,Thomas Massie,,KY,4,200,200,
v0.1.0,1.1.0,M001188,118,H,2023-01-03,2025-01-02,Grace,Meng,Grace Meng,,NY,6,100,100,
v0.1.0,1.1.0,M001194,118,H,2023-01-03,2025-01-02,John,Moolenaar,John R. Moolenaar,,MI,2,200,200,
v0.1.0,1.1.0,M001195,118,H,2023-01-03,2025-01-02,Alexander,Mooney,Alexander X. Mooney,,WV,2,200,200,
v0.1.0,1.1.0,M001196,118,H,2023-01-03,2025-01-02,Seth,Moulton,Seth Moulton,,MA,6,100,100,
v0.1.0,1.1.0,M001199,118,H,2023-01-03,2025-01-02,Brian,Mast,Brian J. Mast,,FL,21,200,200,
v0.1.0,1.1.0,M001204,118,H,2023-01-03,2025-01-02,Daniel,Meuser,Daniel Meuser,,PA,9,200,200,
v0.1.0,1.1.0,M001205,118,H,2023-01-03,2025-01-02,Carol,Miller,Carol D. Miller,,WV,1,200,200,
v0.1.0,1.1.0,M001206,118,H,2023-01-03,2025-01-02,Joseph,Morelle,Joseph D. Morelle,,NY,25,100,100,
v0.1.0,1.1.0,M001208,118,H,2023-01-03,2025-01-02,Lucy,McBath,Lucy McBath,,GA,7,100,100,
v0.1.0,1.1.0,M001210,118,H,2023-01-03,2025-01-02,Gregory,Murphy,Gregory F. Murphy,,NC,3,200,200,
v0.1.0,1.1.0,M001211,118,H,2023-01-03,2025-01-02,Mary,Miller,Mary E. Miller,,IL,15,200,200,
v0.1.0,1.1.0,M001212,118,H,2023-01-03,2025-01-02,Barry,Moore,Barry Moore,,AL,2,200,200,
v0.1.0,1.1.0,M001213,118,H,2023-01-03,2025-01-02,Blake,Moore,Blake D. Moore,,UT,1,200,200,
v0.1.0,1.1.0,M001214,118,H,2023-01-03,2025-01-02,Frank,Mrvan,Frank J. Mrvan,,IN,1,100,100,
v0.1.0,1.1.0,M001215,118,H,2023-01-03,2025-01-02,Mariannette,Miller-Meeks,Mariannette Miller-Meeks,,IA,1,200,200,
v0.1.0,1.1.0,M001216,118,H,2023-01-03,2025-01-02,Cory,Mills,Cory Mills,,FL,7,200,200,
v0.1.0,1.1.0,M001217,118,H,2023-01-03,2025-01-02,Jared,Moskowitz,Jared Moskowitz,,FL,23,100,100,
v0.1.0,1.1.0,M001218,118,H,2023-01-03,2025-01-02,Rich,McCormick,Richard McCormick,,GA,6,200,200,
v0.1.0,1.1.0,M001219,118,H,2023-01-03,2025-01-02,James (Jim),Moylan,James C. Moylan,,GU,0,200,200,
v0.1.0,1.1.0,M001220,118,H,2023-01-03,2025-01-02,Morgan,McGarvey,Morgan McGarvey,,KY,3,100,100,
v0.1.0,1.1.0,M001221,118,H,2023-01-03,2025-01-02,Marcus,Molinaro,Marcus J. Molinaro,,NY,19,200,200,
v0.1.0,1.1.0,M001222,118,H,2023-01-03,2025-01-02,Max,Miller,Max L. Miller,,OH,7,200,200,
v0.1.0,1.1.0,M001223,118,H,2023-01-03,2025-01-02,Seth,Magaziner,Seth Magaziner,,RI,2,100,100,
v0.1.0,1.1.0,M001224,118,H,2023-01-03,2025-01-02,Nathaniel,Moran,Nathaniel Moran,,TX,1,200,200,
v0.1.0,1.1.0,M001225,118,H,2023-01-03,2025-01-02,Kevin,Mullin,Kevin Mullin,,CA,15,100,100,
v0.1.0,1.1.0,M001226,118,H,2023-01-03,2025-01-02,Robert,Menendez,Robert Menendez,,NJ,8,100,100,
v0.1.0,1.1.0,M001227,118,H,2023-03-07,2025-01-02,Jennifer,McClellan,Jennifer L. McClellan,,VA,4,100,100,
v0.1.0,1.1.0,M001228,118,H,2023-11-21,2025-01-02,Celeste,Maloy,Celeste Maloy,,UT,2,200,200,
v0.1.0,1.1.0,M001229,118,H,2024-09-18,2025-01-02,LaMonica,McIver,LaMonica McIver,,NJ,10,100,100,
v0.1.0,1.1.0,N000002,118,H,2023-01-03,2025-01-02,Jerrold,Nadler,Jerrold Nadler,,NY,12,100,100,
v0.1.0,1.1.0,N000015,118,H,2023-01-03,2025-01-02,Richard,Neal,Richard E. Neal,,MA,1,100,100,
v0.1.0,1.1.0,N000026,118,H,2023-01-03,2025-01-02,Troy,Nehls,Troy E. Nehls,,TX,22,200,200,
v0.1.0,1.1.0,N000147,118,H,2023-01-03,2025-01-02,Eleanor,Norton,Eleanor Holmes Norton,,DC,0,100,100,
v0.1.0,1.1.0,N000179,118,H,2023-01-03,2025-01-02,Grace,Napolitano,Grace F. Napolitano,,CA,31,100,100,
v0.1.0,1.1.0,N000188,118,H,2023-01-03,2025-01-02,Donald,Norcross,Donald Norcross,,NJ,1,100,100,
v0.1.0,1.1.0,N000189,118,H,2023-01-03,2025-01-02,Dan,Newhouse,Dan Newhouse,,WA,4,200,200,
v0.1.0,1.1.0,N000190,118,H,2023-01-03,2025-01-02,Ralph,Norman,Ralph Norman,,SC,5,200,200,
v0.1.0,1.1.0,N000191,118,H,2023-01-03,2025-01-02,Joe,Neguse,Joe Neguse,,CO,2,100,100,
v0.1.0,1.1.0,N000193,118,H,2023-01-03,2025-01-02,Zachary (Zach),Nunn,Zachary Nunn,,IA,3,200,200,
v0.1.0,1.1.0,N000194,118,H,2023-01-03,2025-01-02,Wiley,Nickel,Wiley Nickel,,NC,13,100,100,
v0.1.0,1.1.0,O000019,118,H,2023-01-03,2025-01-02,Jay,Obernolte,Jay Obernolte,,CA,23,200,200,
v0.1.0,1.1.0,O000086,118,H,2023-01-03,2025-01-02,Clarence,Owens,Burgess Owens,Burgess,UT,4,200,200,
v0.1.0,1.1.0,O000172,118,H,2023-01-03,2025-01-02,Alexandria,Ocasio-Cortez,Alexandria Ocasio-Cortez,,NY,14,100,100,
v0.1.0,1.1.0,O000173,118,H,2023-01-03,2025-01-02,Ilhan,Omar,Ilhan Omar,,MN,5,100,100,
v0.1.0,1.1.0,O000175,118,H,2023-01-03,2025-01-02,Andrew,Ogles,Andrew Ogles,,TN,5,200,200,
v0.1.0,1.1.0,P000034,118,H,2023-01-03,2025-01-02,Frank,Pallone,"Frank Pallone, Jr.",,NJ,6,100,100,
v0.1.0,1.1.0,P000048,118,H,2023-01-03,2025-01-02,August,Pfluger,August Pfluger,,TX,11,200,200,
v0.1.0,1.1.0,P000096,118,H,2023-01-03,2024-08-20,Bill,Pascrell,"Bill Pascrell, Jr.",,NJ,9,100,100,
v0.1.0,1.1.0,P000597,118,H,2023-01-03,2025-01-02,Chellie,Pingree,Chellie Pingree,,ME,1,100,100,
v0.1.0,1.1.0,P000599,118,H,2023-01-03,2025-01-02,Bill,Posey,Bill Posey,,FL,8,200,200,
v0.1.0,1.1.0,P000604,118,H,2023-01-03,2024-04-23,Donald,Payne,"Donald M. Payne, Jr.",,NJ,10,100,100,
v0.1.0,1.1.0,P000605,118,H,2023-01-03,2025-01-02,Scott,Perry,Scott Perry,,PA,10,200,200,
v0.1.0,1.1.0,P000607,118,H,2023-01-03,2025-01-02,Mark,Pocan,Mark Pocan,,WI,2,100,100,
v0.1.0,1.1.0,P000608,118,H,2023-01-03,2025-01-02,Scott,Peters,Scott H. Peters,,CA,50,100,100,
v0.1.0,1.1.0,P000609,118,H,2023-01-03,2025-01-02,Gary,Palmer,Gary J. Palmer,,AL,6,200,200,
v0.1.0,1.1.0,P000610,118,H,2023-01-03,2025-01-02,Stacey,Plaskett,Stacey E. Plaskett,,VI,0,100,100,
v0.1.0,1.1.0,P000613,118,H,2023-01-03,2025-01-02,Jimmy,Panetta,Jimmy Panetta,,CA,19,100,100,
v0.1.0,1.1.0,P000614,118,H,2023-01-03,2025-01-02,Chris,Pappas,Chris Pappas,,NH,1,100,100,
v0.1.0,1.1.0,P000615,118,H,2023-01-03,2025-01-02,Greg,Pence,Greg Pence,,IN,6,200,200,
v0.1.0,1.1.0,P000616,118,H,2023-01-03,2025-01-02,Dean,Phillips,Dean Phillips,,MN,3,100,100,
v0.1.0,1.1.0,P000617,118,H,2023-01-03,2025-01-02,Ayanna,Pressley,Ayanna Pressley,,MA,7,100,100,
v0.1.0,1.1.0,P000618,118,H,2023-01-03,2025-01-02,Katie,Porter,Katie Porter,,CA,47,100,100,
v0.1.0,1.1.0,P000619,118,H,2023-01-03,2025-01-02,Mary,Peltola,Mary Sattler Peltola,,AK,0,100,100,
v0.1.0,1.1.0,P000620,118,H,2023-01-03,2025-01-02,Brittany,Pettersen,Brittany Pettersen,,CO,7,100,100,
v0.1.0,1.1.0,Q000023,118,H,2023-01-03,2025-01-02,Mike,Quigley,Mike Quigley,,IL,5,100,100,
v0.1.0,1.1.0,R000103,118,H,2023-01-03,2025-01-02,Matthew,Rosendale,"Matthew M. Rosendale, Sr.",,MT,2,200,200,
v0.1.0,1.1.0,R000305,118,H,2023-01-03,2025-01-02,Deborah,Ross,Deborah K. Ross,,NC,2,100,100,
v0.1.0,1.1.0,R000395,118,H,2023-01-03,2025-01-02,Harold,Rogers,Harold Rogers,Hal,KY,5,200,200,
v0.1.0,1.1.0,R000575,118,H,2023-01-03,2025-01-02,Mike,Rogers,Mike Rogers,,AL,3,200,200,
v0.1.0,1.1.0,R000576,118,H,2023-01-03,2025-01-02,C.,Ruppersberger,C. A. Dutch Ruppersberger,,MD,2,100,100,
v0.1.0,1.1.0,R000579,118,H,2023-01-03,2025-01-02,Patrick,Ryan,Patrick Ryan,,NY,18,100,100,
v0.1.0,1.1.0,R000599,118,H,2023-01-03,2025-01-02,Raul,Ruiz,Raul Ruiz,,CA,25,100,100,
v0.1.0,1.1.0,R000600,118,H,2023-01-03,2025-01-02,Aumua Amata,Radewagen,Aumua Amata Coleman Radewagen,,AS,0,200,200,
v0.1.0,1.1.0,R000603,118,H,2023-01-03,2025-01-02,David,Rouzer,David Rouzer,,NC,7,200,200,
v0.1.0,1.1.0,R000606,118,H,2023-01-03,2025-01-02,Jamie,Raskin,Jamie Raskin,,MD,8,100,100,
v0.1.0,1.1.0,R000609,118,H,2023-01-03,2025-01-02,John,Rutherford,John H. Rutherford,,FL,5,200,200,
v0.1.0,1.1.0,R000610,118,H,2023-01-03,2025-01-02,Guy,Reschenthaler,Guy Reschenthaler,,PA,14,200,200,
v0.1.0,1.1.0,R000612,118,H,2023-01-03,2025-01-02,John,Rose,John W. Rose,,TN,6,200,200,
v0.1.0,1.1.0,R000614,118,H,2023-01-03,2025-01-02,Chip,Roy,Chip Roy,,TX,21,200,200,
v0.1.0,1.1.0,R000617,118,H,2023-01-03,2025-01-02,Delia,Ramirez,Delia C. Ramirez,,IL,3,100,100,
v0.1.0,1.1.0,R000619,118,H,2024-06-11,2025-01-02,Michael,Rulli,Michael A. Rulli,,OH,6,200,200,
v0.1.0,1.1.0,S000168,118,H,2023-01-03,2025-01-02,Maria,Salazar,Maria Elvira Salazar,,FL,27,200,200,
v0.1.0,1.1.0,S000185,118,H,2023-01-03,2025-01-02,Robert,Scott,"Robert C. ""Bobby"" Scott",Bobby,VA,3,100,100,
v0.1.0,1.1.0,S000250,118,H,2023-01-03,2025-01-02,Pete,Sessions,Pete Sessions,,TX,17,200,200,
v0.1.0,1.1.0,S000344,118,H,2023-01-03,2025-01-02,Brad,Sherman,Brad Sherman,,CA,32,100,100,
v0.1.0,1.1.0,S000510,118,H,2023-01-03,2025-01-02,Adam,Smith,Adam Smith,,WA,9,100,100,
v0.1.0,1.1.0,S000522,118,H,2023-01-03,2025-01-02,Christopher,Smith,Christopher H. Smith,Chris,NJ,4,200,200,
v0.1.0,1.1.0,S000929,118,H,2023-01-03,2025-01-02,Victoria,Spartz,Victoria Spartz,,IN,5,200,200,
v0.1.0,1.1.0,S001135,118,H,2023-01-03,2025-01-02,Michelle,Steel,Michelle Steel,,CA,45,200,200,
v0.1.0,1.1.0,S001145,118,H,2023-01-03,2025-01-02,Janice,Schakowsky,Janice D. Schakowsky,Jan,IL,9,100,100,
v0.1.0,1.1.0,S001148,118,H,2023-01-03,2025-01-02,Michael,Simpson,Michael K. Simpson,Mike,ID,2,200,200,
v0.1.0,1.1.0,S001150,118,H,2023-01-03,2024-12-07,Adam,Schiff,Adam B. Schiff,,CA,30,100,100,
v0.1.0,1.1.0,S001156,118,H,2023-01-03,2025-01-02,Linda,Sánchez,Linda T. Sánchez,,CA,38,100,100,
v0.1.0,1.1.0,S001157,118,H,2023-01-03,2025-01-02,David,Scott,David Scott,,GA,13,100,100,
v0.1.0,1.1.0,S001159,118,H,2023-01-03,2025-01-02,Marilyn,Strickland,Marilyn Strickland,,WA,10,100,100,
v0.1.0,1.1.0,S001168,118,H,2023-01-03,2025-01-02,John,Sarbanes,John P. Sarbanes,,MD,3,100,100,
v0.1.0,1.1.0,S001172,118,H,2023-01-03,2025-01-02,Adrian,Smith,Adrian Smith,,NE,3,200,200,
v0.1.0,1.1.0,S001176,118,H,2023-01-03,2025-01-02,Steve,Scalise,Steve Scalise,,LA,1,200,200,
v0.1.0,1.1.0,S001177,118,H,2023-01-03,2025-01-02,Gregorio,Sablan,Gregorio Kilili Camacho Sablan,,MP,0,100,100,
v0.1.0,1.1.0,S001183,118,H,2023-01-03,2025-01-02,David,Schweikert,David Schweikert,,AZ,1,200,200,
v0.1.0,1.1.0,S001185,118,H,2023-01-03,2025-01-02,Terri,Sewell,Terri A. Sewell,,AL,7,100,100,
v0.1.0,1.1.0,S001189,118,H,2023-01-03,2025-01-02,Austin,Scott,Austin Scott,,GA,8,200,200,
v0.1.0,1.1.0,S001190,118,H,2023-01-03,2025-01-02,Bradley,Schneider,Bradley Scott Schneider,Brad,IL,10,100,100,
v0.1.0,1.1.0,S001192,118,H,2023-01-03,2023-09-14,Chris,Stewart,Chris Stewart,,UT,2,200,200,
v0.1.0,1.1.0,S001193,118,H,2023-01-03,2025-01-02,Eric,Swalwell,Eric Swalwell,,CA,14,100,100,
v0.1.0,1.1.0,S001195,118,H,2023-01-03,2025-01-02,Jason,Smith,Jason Smith,,MO,8,200,200,
v0.1.0,1.1.0,S001196,118,H,2023-01-03,2025-01-02,Elise,Stefanik,Elise M. Stefanik,,NY,21,200,200,
v0.1.0,1.1.0,S001199,118,H,2023-01-03,2025-01-02,Lloyd,Smucker,Lloyd Smucker,,PA,11,200,200,
v0.1.0,1.1.0,S001200,118,H,2023-01-03,2025-01-02,Darren,Soto,Darren Soto,,FL,9,100,100,
v0.1.0,1.1.0,S001201,118,H,2024-02-13,2025-01-02,Thomas,Suozzi,Thomas R. Suozzi,,NY,3,100,100,
v0.1.0,1.1.0,S001205,118,H,2023-01-03,2025-01-02,Mary,Scanlon,Mary Gay Scanlon,,PA,5,100,100,
v0.1.0,1.1.0,S001207,118,H,2023-01-03,2025-01-02,Mikie,Sherrill,Mikie Sherrill,,NJ,11,100,100,
v0.1.0,1.1.0,S001208,118,H,2023-01-03,2025-01-02,Elissa,Slotkin,Elissa Slotkin,,MI,7,100,100,
v0.1.0,1.1.0,S001209,118,H,2023-01-03,2025-01-02,Abigail,Spanberger,Abigail Davis Spanberger,,VA,7,100,100,
v0.1.0,1.1.0,S001211,118,H,2023-01-03,2025-01-02,Greg,Stanton,Greg Stanton,,AZ,4,100,100,
v0.1.0,1.1.0,S001212,118,H,2023-01-03,2025-01-02,Pete,Stauber,Pete Stauber,,MN,8,200,200,
v0.1.0,1.1.0,S001213,118,H,2023-01-03,2025-01-02,Bryan,Steil,Bryan Steil,,WI,1,200,200,
v0.1.0,1.1.0,S001214,118,H,2023-01-03,2025-01-02,W.,Steube,W. Gregory Steube,,FL,17,200,200,
v0.1.0,1.1.0,S001215,118,H,2023-01-03,2025-01-02,Haley,Stevens,Haley M. Stevens,,MI,11,100,100,
v0.1.0,1.1.0,S001216,118,H,2023-01-03,2025-01-02,Kim,Schrier,Kim Schrier,,WA,8,100,100,
v0.1.0,1.1.0,S001218,118,H,2023-01-03,2025-01-02,Melanie,Stansbury,Melanie A. Stansbury,,NM,1,100,100,
v0.1.0,1.1.0,S001220,118,H,2023-01-03,2025-01-02,Dale,Strong,Dale W. Strong,,AL,5,200,200,
v0.1.0,1.1.0,S001221,118,H,2023-01-03,2025-01-02,Hillary,Scholten,Hillary J. Scholten,,MI,3,100,100,
v0.1.0,1.1.0,S001223,118,H,2023-01-03,2025-01-02,Emilia,Sykes,Emilia Strong Sykes,,OH,13,100,100,
v0.1.0,1.1.0,S001224,118,H,2023-01-03,2025-01-02,Keith,Self,Keith Self,,TX,3,200,200,
v0.1.0,1.1.0,S001225,118,H,2023-01-03,2025-01-02,Eric,Sorensen,Eric Sorensen,,IL,17,100,100,
v0.1.0,1.1.0,S001226,118,H,2023-01-03,2025-01-02,Andrea,Salinas,Andrea Salinas,,OR,6,100,100,
v0.1.0,1.1.0,T000165,118,H,2023-01-03,2025-01-02,Thomas,Tiffany,Thomas P. Tiffany,,WI,7,200,200,
v0.1.0,1.1.0,T000193,118,H,2023-01-03,2025-01-02,Bennie,Thompson,Bennie G. Thompson,,MS,2,100,100,
v0.1.0,1.1.0,T000460,118,H,2023-01-03,2025-01-02,Mike,Thompson,Mike Thompson,,CA,4,100,100,
v0.1.0,1.1.0,T000463,118,H,2023-01-03,2025-01-02,Michael,Turner,Michael R. Turner,,OH,10,200,200,
v0.1.0,1.1.0,T000467,118,H,2023-01-03,2025-01-02,Glenn,Thompson,Glenn Thompson,,PA,15,200,200,
v0.1.0,1.1.0,T000468,118,H,2023-01-03,2025-01-02,Dina,Titus,Dina Titus,,NV,1,100,100,
v0.1.0,1.1.0,T000469,118,H,2023-01-03,2025-01-02,Paul,Tonko,Paul Tonko,,NY,20,100,100,
v0.1.0,1.1.0,T000472,118,H,2023-01-03,2025-01-02,Mark,Takano,Mark Takano,,CA,39,100,100,
v0.1.0,1.1.0,T000474,118,H,2023-01-03,2025-01-02,Norma,Torres,Norma J. Torres,,CA,35,100,100,
v0.1.0,1.1.0,T000478,118,H,2023-01-03,2025-01-02,Claudia,Tenney,Claudia Tenney,,NY,24,200,200,
v0.1.0,1.1.0,T000480,118,H,2023-01-03,2025-01-02,William,Timmons,William R. Timmons IV,,SC,4,200,200,
v0.1.0,1.1.0,T000481,118,H,2023-01-03,2025-01-02,Rashida,Tlaib,Rashida Tlaib,,MI,12,100,100,
v0.1.0,1.1.0,T000482,118,H,2023-01-03,2025-01-02,Lori,Trahan,Lori Trahan,,MA,3,100,100,
v0.1.0,1.1.0,T000483,118,H,2023-01-03,2025-01-02,David,Trone,David J. Trone,,MD,6,100,100,
v0.1.0,1.1.0,T000486,118,H,2023-01-03,2025-01-02,Ritchie,Torres,Ritchie Torres,,NY,15,100,100,
v0.1.0,1.1.0,T000487,118,H,2023-01-03,2025-01-02,Jill,Tokuda,Jill N. Tokuda,,HI,2,100,100,
v0.1.0,1.1.0,T000488,118,H,2023-01-03,2025-01-02,Shri,Thanedar,Shri Thanedar,,MI,13,100,100,
v0.1.0,1.1.0,U000040,118,H,2023-01-03,2025-01-02,Lauren,Underwood,Lauren Underwood,,IL,14,100,100,
v0.1.0,1.1.0,V000081,118,H,2023-01-03,2025-01-02,Nydia,Velázquez,Nydia M. Velázquez,,NY,7,100,100,
v0.1.0,1.1.0,V000129,118,H,2023-01-03,2025-01-02,David,Valadao,David G. Valadao,,CA,22,200,200,
v0.1.0,1.1.0,V000130,118,H,2023-01-03,2025-01-02,Juan,Vargas,Juan Vargas,,CA,52,100,100,
v0.1.0,1.1.0,V000131,118,H,2023-01-03,2025-01-02,Marc,Veasey,Marc A. Veasey,,TX,33,100,100,
v0.1.0,1.1.0,V000133,118,H,2023-01-03,2025-01-02,Jefferson,Van Drew,Jefferson Van Drew,,NJ,2,200,200,
v0.1.0,1.1.0,V000134,118,H,2023-01-03,2025-01-02,Beth,Van Duyne,Beth Van Duyne,,TX,24,200,200,
v0.1.0,1.1.0,V000135,118,H,2023-01-03,2025-01-02,Derrick,Van Orden,Derrick Van Orden,,WI,3,200,200,
v0.1.0,1.1.0,V000136,118,H,2023-01-03,2025-01-02,Gabriel (Gabe),Vasquez,Gabe Vasquez,,NM,2,100,100,
v0.1.0,1.1.0,W000187,118,H,2023-01-03,2025-01-02,Maxine,Waters,Maxine Waters,,CA,43,100,100,
v0.1.0,1.1.0,W000788,118,H,2023-01-03,2025-01-02,Nikema,Williams,Nikema Williams,,GA,5,100,100,
v0.1.0,1.1.0,W000795,118,H,2023-01-03,2025-01-02,Joe,Wilson,Joe Wilson,,SC,2,200,200,
v0.1.0,1.1.0,W000797,118,H,2023-01-03,2025-01-02,Debbie,Wasserman Schultz,Debbie Wasserman Schultz,,FL,25,100,100,
v0.1.0,1.1.0,W000798,118,H,2023-01-03,2025-01-02,Tim,Walberg,Tim Walberg,,MI,5,200,200,
v0.1.0,1.1.0,W000804,118,H,2023-01-03,2025-01-02,Robert,Wittman,Robert J. Wittman,,VA,1,200,200,
v0.1.0,1.1.0,W000806,118,H,2023-01-03,2025-01-02,Daniel,Webster,Daniel Webster,,FL,11,200,200,
v0.1.0,1.1.0,W000808,118,H,2023-01-03,2025-01-02,Frederica,Wilson,Frederica S. Wilson,,FL,24,100,100,
v0.1.0,1.1.0,W000809,118,H,2023-01-03,2025-01-02,Steve,Womack,Steve Womack,,AR,3,200,200,
v0.1.0,1.1.0,W000812,118,H,2023-01-03,2025-01-02,Ann,Wagner,Ann Wagner,,MO,2,200,200,
v0.1.0,1.1.0,W000814,118,H,2023-01-03,2025-01-02,Randy,Weber,"Randy K. Weber, Sr.",,TX,14,200,200,
v0.1.0,1.1.0,W000815,118,H,2023-01-03,2025-01-02,Brad,Wenstrup,Brad R. Wenstrup,,OH,2,200,200,
v0.1.0,1.1.0,W000816,118,H,2023-01-03,2025-01-02,Roger,Williams,Roger Williams,,TX,25,200,200,
v0.1.0,1.1.0,W000821,118,H,2023-01-03,2025-01-02,Bruce,Westerman,Bruce Westerman,,AR,4,200,200,
v0.1.0,1.1.0,W000822,118,H,2023-01-03,2025-01-02,Bonnie,Watson Coleman,Bonnie Watson Coleman,,NJ,12,100,100,
v0.1.0,1.1.0,W000823,118,H,2023-01-03,2025-01-02,Michael,Waltz,Michael Waltz,,FL,6,200,200,
v0.1.0,1.1.0,W000825,118,H,2023-01-03,2025-01-02,Jennifer,Wexton,Jennifer Wexton,,VA,10,100,100,
v0.1.0,1.1.0,W000826,118,H,2023-01-03,2025-01-02,Susan,Wild,Susan Wild,,PA,7,100,100,
v0.1.0,1.1.0,W000828,118,H,2023-01-03,2025-01-02,Brandon,Williams,Brandon Williams,,NY,22,200,200,
v0.1.0,1.1.0,Y000067,118,H,2023-01-03,2025-01-02,Rudy,Yakym,Rudy Yakym III,,IN,2,200,200,
v0.1.0,1.1.0,Z000018,118,H,2023-01-03,2025-01-02,Ryan,Zinke,Ryan K. Zinke,,MT,1,200,200,
v0.1.0,1.1.0,B000944,118,S,2023-01-03,2025-01-02,Sherrod,Brown,Sherrod Brown,,OH,,100,100,
v0.1.0,1.1.0,B001230,118,S,2023-01-03,2025-01-02,Tammy,Baldwin,Tammy Baldwin,,WI,,100,100,
v0.1.0,1.1.0,B001236,118,S,2023-01-03,2025-01-02,John,Boozman,John Boozman,,AR,,200,200,
v0.1.0,1.1.0,B001243,118,S,2023-01-03,2025-01-02,Marsha,Blackburn,Marsha Blackburn,,TN,,200,200,
v0.1.0,1.1.0,B001261,118,S,2023-01-03,2025-01-02,John,Barrasso,John Barrasso,,WY,,200,200,
v0.1.0,1.1.0,B001267,118,S,2023-01-03,2025-01-02,Michael,Bennet,Michael F. Bennet,,CO,,100,100,
v0.1.0,1.1.0,B001277,118,S,2023-01-03,2025-01-02,Richard,Blumenthal,Richard Blumenthal,,CT,,100,100,
v0.1.0,1.1.0,B001288,118,S,2023-01-03,2025-01-02,Cory,Booker,Cory A. Booker,,NJ,,100,100,
v0.1.0,1.1.0,B001305,118,S,2023-01-03,2025-01-02,Ted,Budd,Ted Budd,,NC,,200,200,
v0.1.0,1.1.0,B001310,118,S,2023-01-03,2025-01-02,Mike,Braun,Mike Braun,,IN,,200,200,
v0.1.0,1.1.0,B001319,118,S,2023-01-03,2025-01-02,Katie,Britt,Katie Boyd Britt,,AL,,200,200,
v0.1.0,1.1.0,B001320,118,S,2023-10-03,2024-12-07,Laphonza,Butler,Laphonza R. Butler,,CA,,100,100,
v0.1.0,1.1.0,C000127,118,S,2023-01-03,2025-01-02,Maria,Cantwell,Maria Cantwell,,WA,,100,100,
v0.1.0,1.1.0,C000141,118,S,2023-01-03,2025-01-02,Benjamin,Cardin,Benjamin L. Cardin,,MD,,100,100,
v0.1.0,1.1.0,C000174,118,S,2023-01-03,2025-01-02,Thomas,Carper,Thomas R. Carper,,DE,,100,100,
v0.1.0,1.1.0,C000880,118,S,2023-01-03,2025-01-02,Michael,Crapo,Mike Crapo,Mike,ID,,200,200,
v0.1.0,1.1.0,C001035,118,S,2023-01-03,2025-01-02,Susan,Collins,Susan M. Collins,,ME,,200,200,
v0.1.0,1.1.0,C001047,118,S,2023-01-03,2025-01-02,Shelley,Capito,Shelley Moore Capito,,WV,,200,200,
v0.1.0,1.1.0,C001056,118,S,2023-01-03,2025-01-02,John,Cornyn,John Cornyn,,TX,,200,200,
v0.1.0,1.1.0,C001070,118,S,2023-01-03,2025-01-02,Robert,Casey,"Robert P. Casey, Jr.",Bob,PA,,100,100,
v0.1.0,1.1.0,C001075,118,S,2023-01-03,2025-01-02,Bill,Cassidy,Bill Cassidy,,LA,,200,200,
v0.1.0,1.1.0,C001088,118,S,2023-01-03,2025-01-02,Christopher,Coons,Christopher A. Coons,,DE,,100,100,
v0.1.0,1.1.0,C001095,118,S,2023-01-03,2025-01-02,Tom,Cotton,Tom Cotton,,AR,,200,200,
v0.1.0,1.1.0,C001096,118,S,2023-01-03,2025-01-02,Kevin,Cramer,Kevin Cramer,,ND,,200,200,
v0.1.0,1.1.0,C001098,118,S,2023-01-03,2025-01-02,Ted,Cruz,Ted Cruz,,TX,,200,200,
v0.1.0,1.1.0,C001113,118,S,2023-01-03,2025-01-02,Catherine,Cortez Masto,Catherine Cortez Masto,,NV,,100,100,
v0.1.0,1.1.0,D000563,118,S,2023-01-03,2025-01-02,Richard,Durbin,Richard J. Durbin,,IL,,100,100,
v0.1.0,1.1.0,D000618,118,S,2023-01-03,2025-01-02,Steve,Daines,Steve Daines,,MT,,200,200,
v0.1.0,1.1.0,D000622,118,S,2023-01-03,2025-01-02,Tammy,Duckworth,Tammy Duckworth,,IL,,100,100,
v0.1.0,1.1.0,E000295,118,S,2023-01-03,2025-01-02,Joni,Ernst,Joni Ernst,,IA,,200,200,
v0.1.0,1.1.0,F000062,118,S,2023-01-03,2023-09-27,Dianne,Feinstein,Dianne Feinstein,,CA,,100,100,
v0.1.0,1.1.0,F000463,118,S,2023-01-03,2025-01-02,Deb,Fischer,Deb Fischer,,NE,,200,200,
v0.1.0,1.1.0,F000479,118,S,2023-01-03,2025-01-02,John,Fetterman,John Fetterman,,PA,,100,100,
v0.1.0,1.1.0,G000359,118,S,2023-01-03,2025-01-02,Lindsey,Graham,Lindsey Graham,,SC,,200,200,
v0.1.0,1.1.0,G000386,118,S,2023-01-03,2025-01-02,Charles,Grassley,Chuck Grassley,Chuck,IA,,200,200,
v0.1.0,1.1.0,G000555,118,S,2023-01-03,2025-01-02,Kirsten,Gillibrand,Kirsten E. Gillibrand,,NY,,100,100,
v0.1.0,1.1.0,H000273,118,S,2023-01-03,2025-01-02,John,Hickenlooper,John W. Hickenlooper,,CO,,100,100,
v0.1.0,1.1.0,H000601,118,S,2023-01-03,2025-01-02,Bill,Hagerty,Bill Hagerty,,TN,,200,200,
v0.1.0,1.1.0,H001042,118,S,2023-01-03,2025-01-02,Mazie,Hirono,Mazie K. Hirono,,HI,,100,100,
v0.1.0,1.1.0,H001046,118,S,2023-01-03,2025-01-02,Martin,Heinrich,Martin Heinrich,,NM,,100,100,
v0.1.0,1.1.0,H001061,118,S,2023-01-03,2025-01-02,John,Hoeven,John Hoeven,,ND,,200,200,
v0.1.0,1.1.0,H001076,118,S,2023-01-03,2025-01-02,Margaret,Hassan,Margaret Wood Hassan,Maggie,NH,,100,100,
v0.1.0,1.1.0,H001079,118,S,2023-01-03,2025-01-02,Cindy,Hyde-Smith,Cindy Hyde-Smith,,MS,,200,200,
v0.1.0,1.1.0,H001089,118,S,2023-01-03,2025-01-02,Joshua,Hawley,Josh Hawley,Josh,MO,,200,200,
v0.1.0,1.1.0,H001097,118,S,2024-09-09,2024-12-07,George,Helmy,George S. Helmy,,NJ,,100,100,
v0.1.0,1.1.0,J000293,118,S,2023-01-03,2025-01-02,Ron,Johnson,Ron Johnson,,WI,,200,200,
v0.1.0,1.1.0,K000367,118,S,2023-01-03,2025-01-02,Amy,Klobuchar,Amy Klobuchar,,MN,,100,100,
v0.1.0,1.1.0,K000377,118,S,2023-01-03,2025-01-02,Mark,Kelly,Mark Kelly,,AZ,,100,100,
v0.1.0,1.1.0,K000383,118,S,2023-01-03,2025-01-02,Angus,King,"Angus S. King, Jr.",,ME,,328,328,
v0.1.0,1.1.0,K000384,118,S,2023-01-03,2025-01-02,Timothy,Kaine,Tim Kaine,Tim,VA,,100,100,
v0.1.0,1.1.0,K000393,118,S,2023-01-03,2025-01-02,John,Kennedy,John Kennedy,,LA,,200,200,
v0.1.0,1.1.0,K000394,118,S,2024-12-09,2025-01-02,Andy,Kim,Andy Kim,,NJ,,100,100,
v0.1.0,1.1.0,L000570,118,S,2023-01-03,2025-01-02,Ben,Luján,Ben Ray Luján,,NM,,100,100,
v0.1.0,1.1.0,L000571,118,S,2023-01-03,2025-01-02,Cynthia,Lummis,Cynthia M. Lummis,,WY,,200,200,
v0.1.0,1.1.0,L000575,118,S,2023-01-03,2025-01-02,James,Lankford,James Lankford,,OK,,200,200,
v0.1.0,1.1.0,L000577,118,S,2023-01-03,2025-01-02,Mike,Lee,Mike Lee,,UT,,200,200,
v0.1.0,1.1.0,M000133,118,S,2023-01-03,2025-01-02,Edward,Markey,Edward J. Markey,Ed,MA,,100,100,
v0.1.0,1.1.0,M000355,118,S,2023-01-03,2025-01-02,Mitch,McConnell,Mitch McConnell,,KY,,200,200,
v0.1.0,1.1.0,M000639,118,S,2023-01-03,2024-08-19,Robert,Menendez,Robert Menendez,Bob,NJ,,100,100,
v0.1.0,1.1.0,M000934,118,S,2023-01-03,2025-01-02,Jerry,Moran,Jerry Moran,,KS,,200,200,
v0.1.0,1.1.0,M001111,118,S,2023-01-03,2025-01-02,Patty,Murray,Patty Murray,,WA,,100,100,
v0.1.0,1.1.0,M001153,118,S,2023-01-03,2025-01-02,Lisa,Murkowski,Lisa Murkowski,,AK,,200,200,
v0.1.0,1.1.0,M001169,118,S,2023-01-03,2025-01-02,Christopher,Murphy,Christopher Murphy,,CT,,100,100,
v0.1.0,1.1.0,M001176,118,S,2023-01-03,2025-01-02,Jeff,Merkley,Jeff Merkley,,OR,,100,100,
v0.1.0,1.1.0,M001183,118,S,2023-01-03,2025-01-02,Joe,Manchin,"Joe Manchin, III",,WV,,328,328,
v0.1.0,1.1.0,M001190,118,S,2023-01-03,2025-01-02,Markwayne,Mullin,Markwayne Mullin,,OK,,200,200,
v0.1.0,1.1.0,M001198,118,S,2023-01-03,2025-01-02,Roger,Marshall,Roger Marshall,,KS,,200,200,
v0.1.0,1.1.0,O000174,118,S,2023-01-03,2025-01-02,Jon,Ossoff,Jon Ossoff,,GA,,100,100,
v0.1.0,1.1.0,P000145,118,S,2023-01-03,2025-01-02,Alejandro,Padilla,Alex Padilla,Alex,CA,,100,100,
v0.1.0,1.1.0,P000595,118,S,2023-01-03,2025-01-02,Gary,Peters,Gary C. Peters,,MI,,100,100,
v0.1.0,1.1.0,P000603,118,S,2023-01-03,2025-01-02,Rand,Paul,Rand Paul,,KY,,200,200,
v0.1.0,1.1.0,R000122,118,S,2023-01-03,2025-01-02,John,Reed,Jack Reed,Jack,RI,,100,100,
v0.1.0,1.1.0,R000584,118,S,2023-01-03,2025-01-02,James,Risch,James E. Risch,,ID,,200,200,
v0.1.0,1.1.0,R000595,118,S,2023-01-03,2025-01-02,Marco,Rubio,Marco Rubio,,FL,,200,200,
v0.1.0,1.1.0,R000605,118,S,2023-01-03,2025-01-02,Mike,Rounds,Mike Rounds,,SD,,200,200,
v0.1.0,1.1.0,R000608,118,S,2023-01-03,2025-01-02,Jacky,Rosen,Jacky Rosen,,NV,,100,100,
v0.1.0,1.1.0,R000615,118,S,2023-01-03,2025-01-02,Mitt,Romney,Mitt Romney,,UT,,200,200,
v0.1.0,1.1.0,R000618,118,S,2023-01-23,2024-11-04,Pete,Ricketts,Pete Ricketts,,NE,,200,200,
v0.1.0,1.1.0,R000618,118,S,2024-11-05,2025-01-02,Pete,Ricketts,Pete Ricketts,,NE,,200,200,
v0.1.0,1.1.0,S000033,118,S,2023-01-03,2025-01-02,Bernard,Sanders,Bernard Sanders,Bernie,VT,,328,328,
v0.1.0,1.1.0,S000148,118,S,2023-01-03,2025-01-02,Charles,Schumer,Charles E. Schumer,Chuck,NY,,100,100,
v0.1.0,1.1.0,S000770,118,S,2023-01-03,2025-01-02,Debbie,Stabenow,Debbie Stabenow,,MI,,100,100,
v0.1.0,1.1.0,S001150,118,S,2024-12-09,2025-01-02,Adam,Schiff,Adam B. Schiff,,CA,,100,100,
v0.1.0,1.1.0,S001181,118,S,2023-01-03,2025-01-02,Jeanne,Shaheen,Jeanne Shaheen,,NH,,100,100,
v0.1.0,1.1.0,S001184,118,S,2023-01-03,2025-01-02,Tim,Scott,Tim Scott,,SC,,200,200,
v0.1.0,1.1.0,S001191,118,S,2023-01-03,2025-01-02,Kyrsten,Sinema,Kyrsten Sinema,,AZ,,328,328,
v0.1.0,1.1.0,S001194,118,S,2023-01-03,2025-01-02,Brian,Schatz,Brian Schatz,,HI,,100,100,
v0.1.0,1.1.0,S001197,118,S,2023-01-03,2023-01-07,Benjamin,Sasse,Ben Sasse,Ben,NE,,200,200,
v0.1.0,1.1.0,S001198,118,S,2023-01-03,2025-01-02,Dan,Sullivan,Dan Sullivan,,AK,,200,200,
v0.1.0,1.1.0,S001203,118,S,2023-01-03,2025-01-02,Tina,Smith,Tina Smith,,MN,,100,100,
v0.1.0,1.1.0,S001217,118,S,2023-01-03,2025-01-02,Rick,Scott,Rick Scott,,FL,,200,200,
v0.1.0,1.1.0,S001227,118,S,2023-01-03,2025-01-02,Eric,Schmitt,Eric Schmitt,,MO,,200,200,
v0.1.0,1.1.0,T000250,118,S,2023-01-03,2025-01-02,John,Thune,John Thune,,SD,,200,200,
v0.1.0,1.1.0,T000278,118,S,2023-01-03,2025-01-02,Tommy,Tuberville,Tommy Tuberville,,AL,,200,200,
v0.1.0,1.1.0,T000464,118,S,2023-01-03,2025-01-02,Jon,Tester,Jon Tester,,MT,,100,100,
v0.1.0,1.1.0,T000476,118,S,2023-01-03,2025-01-02,Thom,Tillis,Thom Tillis,,NC,,200,200,
v0.1.0,1.1.0,V000128,118,S,2023-01-03,2025-01-02,Chris,Van Hollen,Chris Van Hollen,,MD,,100,100,
v0.1.0,1.1.0,V000137,118,S,2023-01-03,2025-01-02,James David,Vance,J.D. Vance,J.D.,OH,,200,200,
v0.1.0,1.1.0,W000437,118,S,2023-01-03,2025-01-02,Roger,Wicker,Roger F. Wicker,,MS,,200,200,
v0.1.0,1.1.0,W000779,118,S,2023-01-03,2025-01-02,Ron,Wyden,Ron Wyden,,OR,,100,100,
v0.1.0,1.1.0,W000790,118,S,2023-01-03,2025-01-02,Raphael,Warnock,Raphael G. Warnock,,GA,,100,100,
v0.1.0,1.1.0,W000800,118,S,2023-01-03,2025-01-02,Peter,Welch,Peter Welch,,VT,,100,100,
v0.1.0,1.1.0,W000802,118,S,2023-01-03,2025-01-02,Sheldon,Whitehouse,Sheldon Whitehouse,,RI,,100,100,
v0.1.0,1.1.0,W000805,118,S,2023-01-03,2025-01-02,Mark,Warner,Mark R. Warner,,VA,,100,100,
v0.1.0,1.1.0,W000817,118,S,2023-01-03,2025-01-02,Elizabeth,Warren,Elizabeth Warren,,MA,,100,100,
v0.1.0,1.1.0,Y000064,118,S,2023-01-03,2025-01-02,Todd,Young,Todd Young,,IN,,200,200,
